
[2026-08-09T11:52:23.479001+00:00] START /data1/work/MichaelYu/miniconda3/envs/florence/bin/torchrun --standalone --nproc_per_node=4 --master_port=29840 /data1/work/MichaelYu/florence-attibute/scripts/train_person_attribute_sft.py --train-data /data1/work/MichaelYu/florence-attibute/data/prepared/train.jsonl --dev-data /data1/work/MichaelYu/florence-attibute/data/prepared/dev.jsonl --replay-data /data1/work/MichaelYu/florence-attibute/data/prepared/native_replay.jsonl --model-path /data1/work/MichaelYu/florence-attibute/pretrained/Florence-2-base --output-root /data1/work/MichaelYu/florence-attibute/artifacts/sft --run-name region_category_person_sft_30k_replay1k_b16_e3_lr125 --formal-global-batch-size 16 --per-device-batch-size 4 --gradient-accumulation-steps 1 --vision-lr 2e-07 --projection-lr 7.5e-07 --language-lr 1.25e-06 --weight-decay 0.015 --label-smoothing 0.05 --warmup-ratio 0.05 --min-lr-ratio 0.03 --eval-steps 200 --log-steps 10 --num-workers 6 --dev-num-workers 0 --prefetch-factor 1 --epochs 3 --max-optimizer-steps 5814
2026-08-09 19:52:35,370 WARNING Missing checkpoint keys after tied-weight load: ['language_model.model.encoder.embed_tokens.weight', 'language_model.model.decoder.embed_tokens.weight', 'language_model.lm_head.weight']
2026-08-09 19:52:35,564 INFO parameter groups: {'vision': {'tensors': 400, 'parameters': 90368000}, 'projection': {'tensors': 5, 'parameters': 839168}, 'language': {'tensors': 259, 'parameters': 140206848}}
/data1/work/MichaelYu/miniconda3/envs/florence/lib/python3.10/site-packages/torch/autograd/graph.py:825: UserWarning: Grad strides do not match bucket view strides. This may indicate grad was not created according to the gradient layout contract, or that the param's strides changed since DDP was constructed.  This is not an error, but may impair performance.
grad.sizes() = [1024, 1, 3, 3], strides() = [9, 1, 3, 1]
bucket_view.sizes() = [1024, 1, 3, 3], strides() = [9, 9, 3, 1] (Triggered internally at ../torch/csrc/distributed/c10d/reducer.cpp:327.)
  return Variable._execution_engine.run_backward(  # Calls into the C++ engine to run the backward pass
/data1/work/MichaelYu/miniconda3/envs/florence/lib/python3.10/site-packages/torch/autograd/graph.py:825: UserWarning: Grad strides do not match bucket view strides. This may indicate grad was not created according to the gradient layout contract, or that the param's strides changed since DDP was constructed.  This is not an error, but may impair performance.
grad.sizes() = [1024, 1, 3, 3], strides() = [9, 1, 3, 1]
bucket_view.sizes() = [1024, 1, 3, 3], strides() = [9, 9, 3, 1] (Triggered internally at ../torch/csrc/distributed/c10d/reducer.cpp:327.)
  return Variable._execution_engine.run_backward(  # Calls into the C++ engine to run the backward pass
/data1/work/MichaelYu/miniconda3/envs/florence/lib/python3.10/site-packages/torch/autograd/graph.py:825: UserWarning: Grad strides do not match bucket view strides. This may indicate grad was not created according to the gradient layout contract, or that the param's strides changed since DDP was constructed.  This is not an error, but may impair performance.
grad.sizes() = [1024, 1, 3, 3], strides() = [9, 1, 3, 1]
bucket_view.sizes() = [1024, 1, 3, 3], strides() = [9, 9, 3, 1] (Triggered internally at ../torch/csrc/distributed/c10d/reducer.cpp:327.)
  return Variable._execution_engine.run_backward(  # Calls into the C++ engine to run the backward pass
/data1/work/MichaelYu/miniconda3/envs/florence/lib/python3.10/site-packages/torch/autograd/graph.py:825: UserWarning: Grad strides do not match bucket view strides. This may indicate grad was not created according to the gradient layout contract, or that the param's strides changed since DDP was constructed.  This is not an error, but may impair performance.
grad.sizes() = [1024, 1, 3, 3], strides() = [9, 1, 3, 1]
bucket_view.sizes() = [1024, 1, 3, 3], strides() = [9, 9, 3, 1] (Triggered internally at ../torch/csrc/distributed/c10d/reducer.cpp:327.)
  return Variable._execution_engine.run_backward(  # Calls into the C++ engine to run the backward pass
2026-08-09 19:52:37,569 INFO epoch=1 step=1/5814 loss=4.108346 grad_norm=33.1794 lr=[4.29553264604811e-09, 4.29553264604811e-09, 2.577319587628866e-09, 2.577319587628866e-09, 6.872852233676976e-10, 6.872852233676976e-10]
2026-08-09 19:52:40,394 INFO epoch=1 step=10/5814 loss=3.681650 grad_norm=28.6634 lr=[4.2955326460481105e-08, 4.2955326460481105e-08, 2.5773195876288662e-08, 2.5773195876288662e-08, 6.872852233676976e-09, 6.872852233676976e-09]
2026-08-09 19:52:42,874 INFO epoch=1 step=20/5814 loss=3.367659 grad_norm=22.0678 lr=[8.591065292096221e-08, 8.591065292096221e-08, 5.1546391752577325e-08, 5.1546391752577325e-08, 1.3745704467353952e-08, 1.3745704467353952e-08]
2026-08-09 19:52:45,395 INFO epoch=1 step=30/5814 loss=3.703600 grad_norm=23.8955 lr=[1.288659793814433e-07, 1.288659793814433e-07, 7.731958762886597e-08, 7.731958762886597e-08, 2.0618556701030925e-08, 2.0618556701030925e-08]
2026-08-09 19:52:47,957 INFO epoch=1 step=40/5814 loss=3.444182 grad_norm=26.3383 lr=[1.7182130584192442e-07, 1.7182130584192442e-07, 1.0309278350515465e-07, 1.0309278350515465e-07, 2.7491408934707904e-08, 2.7491408934707904e-08]
2026-08-09 19:52:50,423 INFO epoch=1 step=50/5814 loss=3.139654 grad_norm=24.4355 lr=[2.147766323024055e-07, 2.147766323024055e-07, 1.288659793814433e-07, 1.288659793814433e-07, 3.436426116838488e-08, 3.436426116838488e-08]
2026-08-09 19:52:53,318 INFO epoch=1 step=60/5814 loss=3.269237 grad_norm=22.7953 lr=[2.577319587628866e-07, 2.577319587628866e-07, 1.5463917525773194e-07, 1.5463917525773194e-07, 4.123711340206185e-08, 4.123711340206185e-08]
2026-08-09 19:52:55,798 INFO epoch=1 step=70/5814 loss=3.536120 grad_norm=22.9284 lr=[3.0068728522336775e-07, 3.0068728522336775e-07, 1.8041237113402063e-07, 1.8041237113402063e-07, 4.810996563573883e-08, 4.810996563573883e-08]
2026-08-09 19:52:58,262 INFO epoch=1 step=80/5814 loss=3.248063 grad_norm=21.8110 lr=[3.4364261168384884e-07, 3.4364261168384884e-07, 2.061855670103093e-07, 2.061855670103093e-07, 5.498281786941581e-08, 5.498281786941581e-08]
2026-08-09 19:53:00,734 INFO epoch=1 step=90/5814 loss=3.008553 grad_norm=31.6275 lr=[3.8659793814432993e-07, 3.8659793814432993e-07, 2.3195876288659797e-07, 2.3195876288659797e-07, 6.185567010309278e-08, 6.185567010309278e-08]
2026-08-09 19:53:03,209 INFO epoch=1 step=100/5814 loss=2.952210 grad_norm=17.7116 lr=[4.29553264604811e-07, 4.29553264604811e-07, 2.577319587628866e-07, 2.577319587628866e-07, 6.872852233676976e-08, 6.872852233676976e-08]
2026-08-09 19:53:05,681 INFO epoch=1 step=110/5814 loss=2.855870 grad_norm=16.3899 lr=[4.725085910652921e-07, 4.725085910652921e-07, 2.8350515463917527e-07, 2.8350515463917527e-07, 7.560137457044674e-08, 7.560137457044674e-08]
2026-08-09 19:53:08,178 INFO epoch=1 step=120/5814 loss=2.699064 grad_norm=16.5326 lr=[5.154639175257732e-07, 5.154639175257732e-07, 3.092783505154639e-07, 3.092783505154639e-07, 8.24742268041237e-08, 8.24742268041237e-08]
2026-08-09 19:53:10,757 INFO epoch=1 step=130/5814 loss=2.618514 grad_norm=15.1703 lr=[5.584192439862544e-07, 5.584192439862544e-07, 3.350515463917526e-07, 3.350515463917526e-07, 8.934707903780069e-08, 8.934707903780069e-08]
2026-08-09 19:53:13,230 INFO epoch=1 step=140/5814 loss=2.509242 grad_norm=13.1045 lr=[6.013745704467355e-07, 6.013745704467355e-07, 3.6082474226804127e-07, 3.6082474226804127e-07, 9.621993127147766e-08, 9.621993127147766e-08]
2026-08-09 19:53:15,729 INFO epoch=1 step=150/5814 loss=2.421771 grad_norm=16.3046 lr=[6.443298969072165e-07, 6.443298969072165e-07, 3.865979381443299e-07, 3.865979381443299e-07, 1.0309278350515462e-07, 1.0309278350515462e-07]
2026-08-09 19:53:18,213 INFO epoch=1 step=160/5814 loss=2.050287 grad_norm=10.7505 lr=[6.872852233676977e-07, 6.872852233676977e-07, 4.123711340206186e-07, 4.123711340206186e-07, 1.0996563573883161e-07, 1.0996563573883161e-07]
2026-08-09 19:53:20,711 INFO epoch=1 step=170/5814 loss=2.084850 grad_norm=11.0147 lr=[7.302405498281788e-07, 7.302405498281788e-07, 4.3814432989690726e-07, 4.3814432989690726e-07, 1.1683848797250859e-07, 1.1683848797250859e-07]
2026-08-09 19:53:23,264 INFO epoch=1 step=180/5814 loss=1.813110 grad_norm=10.8989 lr=[7.731958762886599e-07, 7.731958762886599e-07, 4.6391752577319593e-07, 4.6391752577319593e-07, 1.2371134020618556e-07, 1.2371134020618556e-07]
2026-08-09 19:53:25,787 INFO epoch=1 step=190/5814 loss=2.064647 grad_norm=9.4884 lr=[8.16151202749141e-07, 8.16151202749141e-07, 4.896907216494846e-07, 4.896907216494846e-07, 1.3058419243986255e-07, 1.3058419243986255e-07]
2026-08-09 19:53:28,266 INFO epoch=1 step=200/5814 loss=1.932302 grad_norm=9.9480 lr=[8.59106529209622e-07, 8.59106529209622e-07, 5.154639175257732e-07, 5.154639175257732e-07, 1.3745704467353952e-07, 1.3745704467353952e-07]
/data1/work/MichaelYu/miniconda3/envs/florence/lib/python3.10/site-packages/transformers/generation/configuration_utils.py:453: UserWarning: `num_beams` is set to 1. However, `early_stopping` is set to `True` -- this flag is only used in beam-based generation modes. You should set `num_beams>1` or unset `early_stopping`.
  warnings.warn(
2026-08-09 19:54:56,522 INFO dev metrics: {'samples': 128, 'empty_outputs': 0, 'average_words': 21.125, 'p95_words': 28, 'length_18_24_ratio': 0.59375, 'single_sentence_ratio': 1.0, 'subject_start_ratio': 0.9921875, 'dev_loss': 1.9421905834618918, 'global_step': 200}
Removed shared tensor {'language_model.model.encoder.embed_tokens.weight', 'language_model.model.decoder.embed_tokens.weight'} while saving. This should be OK, but check by verifying that you don't receive any warning while reloading
2026-08-09 19:55:02,170 INFO epoch=1 step=210/5814 loss=2.234985 grad_norm=10.4448 lr=[9.020618556701031e-07, 9.020618556701031e-07, 5.412371134020618e-07, 5.412371134020618e-07, 1.4432989690721648e-07, 1.4432989690721648e-07]
2026-08-09 19:55:04,656 INFO epoch=1 step=220/5814 loss=2.137515 grad_norm=10.2811 lr=[9.450171821305842e-07, 9.450171821305842e-07, 5.670103092783505e-07, 5.670103092783505e-07, 1.5120274914089347e-07, 1.5120274914089347e-07]
2026-08-09 19:55:07,154 INFO epoch=1 step=230/5814 loss=2.357811 grad_norm=10.5088 lr=[9.879725085910654e-07, 9.879725085910654e-07, 5.927835051546392e-07, 5.927835051546392e-07, 1.5807560137457044e-07, 1.5807560137457044e-07]
2026-08-09 19:55:09,618 INFO epoch=1 step=240/5814 loss=1.887642 grad_norm=10.4903 lr=[1.0309278350515464e-06, 1.0309278350515464e-06, 6.185567010309278e-07, 6.185567010309278e-07, 1.649484536082474e-07, 1.649484536082474e-07]
2026-08-09 19:55:12,196 INFO epoch=1 step=250/5814 loss=1.862857 grad_norm=9.4551 lr=[1.0738831615120276e-06, 1.0738831615120276e-06, 6.443298969072165e-07, 6.443298969072165e-07, 1.7182130584192437e-07, 1.7182130584192437e-07]
2026-08-09 19:55:14,682 INFO epoch=1 step=260/5814 loss=2.052036 grad_norm=11.5421 lr=[1.1168384879725088e-06, 1.1168384879725088e-06, 6.701030927835052e-07, 6.701030927835052e-07, 1.7869415807560139e-07, 1.7869415807560139e-07]
2026-08-09 19:55:17,154 INFO epoch=1 step=270/5814 loss=1.861750 grad_norm=13.1215 lr=[1.1597938144329898e-06, 1.1597938144329898e-06, 6.958762886597938e-07, 6.958762886597938e-07, 1.8556701030927835e-07, 1.8556701030927835e-07]
2026-08-09 19:55:19,620 INFO epoch=1 step=280/5814 loss=1.964173 grad_norm=9.7671 lr=[1.202749140893471e-06, 1.202749140893471e-06, 7.216494845360825e-07, 7.216494845360825e-07, 1.9243986254295532e-07, 1.9243986254295532e-07]
2026-08-09 19:55:22,095 INFO epoch=1 step=290/5814 loss=2.100122 grad_norm=11.6471 lr=[1.245704467353952e-06, 1.245704467353952e-06, 7.474226804123711e-07, 7.474226804123711e-07, 1.993127147766323e-07, 1.993127147766323e-07]
2026-08-09 19:55:24,596 INFO epoch=1 step=300/5814 loss=1.906516 grad_norm=10.0318 lr=[1.249992055702758e-06, 1.249992055702758e-06, 7.499952334216548e-07, 7.499952334216548e-07, 1.9999872891244124e-07, 1.9999872891244124e-07]
2026-08-09 19:55:27,086 INFO epoch=1 step=310/5814 loss=2.055313 grad_norm=15.3415 lr=[1.2499645942018158e-06, 1.2499645942018158e-06, 7.499787565210894e-07, 7.499787565210894e-07, 1.9999433507229049e-07, 1.9999433507229049e-07]
2026-08-09 19:55:29,562 INFO epoch=1 step=320/5814 loss=1.526268 grad_norm=10.1121 lr=[1.2499175183077496e-06, 1.2499175183077496e-06, 7.499505109846498e-07, 7.499505109846498e-07, 1.9998680292923993e-07, 1.9998680292923993e-07]
2026-08-09 19:55:32,042 INFO epoch=1 step=330/5814 loss=1.863142 grad_norm=10.3167 lr=[1.2498508295437252e-06, 1.2498508295437252e-06, 7.499104977262351e-07, 7.499104977262351e-07, 1.99976132726996e-07, 1.99976132726996e-07]
2026-08-09 19:55:34,529 INFO epoch=1 step=340/5814 loss=1.596608 grad_norm=8.8905 lr=[1.2497645300674922e-06, 1.2497645300674922e-06, 7.498587180404953e-07, 7.498587180404953e-07, 1.9996232481079874e-07, 1.9996232481079874e-07]
2026-08-09 19:55:37,082 INFO epoch=1 step=350/5814 loss=1.563449 grad_norm=9.9922 lr=[1.249658622671316e-06, 1.249658622671316e-06, 7.497951736027897e-07, 7.497951736027897e-07, 1.9994537962741057e-07, 1.9994537962741057e-07]
2026-08-09 19:55:39,587 INFO epoch=1 step=360/5814 loss=1.818157 grad_norm=10.1846 lr=[1.2495331107818865e-06, 1.2495331107818865e-06, 7.497198664691318e-07, 7.497198664691318e-07, 1.9992529772510182e-07, 1.9992529772510182e-07]
2026-08-09 19:55:42,109 INFO epoch=1 step=370/5814 loss=1.739020 grad_norm=11.1861 lr=[1.2493879984602065e-06, 1.2493879984602065e-06, 7.496327990761239e-07, 7.496327990761239e-07, 1.9990207975363301e-07, 1.9990207975363301e-07]
2026-08-09 19:55:44,667 INFO epoch=1 step=380/5814 loss=1.907086 grad_norm=9.2964 lr=[1.2492232904014625e-06, 1.2492232904014625e-06, 7.495339742408774e-07, 7.495339742408774e-07, 1.9987572646423395e-07, 1.9987572646423395e-07]
2026-08-09 19:55:47,279 INFO epoch=1 step=390/5814 loss=1.651069 grad_norm=9.9198 lr=[1.2490389919348702e-06, 1.2490389919348702e-06, 7.49423395160922e-07, 7.49423395160922e-07, 1.9984623870957918e-07, 1.9984623870957918e-07]
2026-08-09 19:55:50,003 INFO epoch=1 step=400/5814 loss=1.723556 grad_norm=10.4447 lr=[1.2488351090235035e-06, 1.2488351090235035e-06, 7.49301065414102e-07, 7.49301065414102e-07, 1.9981361744376054e-07, 1.9981361744376054e-07]
/data1/work/MichaelYu/miniconda3/envs/florence/lib/python3.10/site-packages/transformers/generation/configuration_utils.py:453: UserWarning: `num_beams` is set to 1. However, `early_stopping` is set to `True` -- this flag is only used in beam-based generation modes. You should set `num_beams>1` or unset `early_stopping`.
  warnings.warn(
2026-08-09 19:57:21,739 INFO dev metrics: {'samples': 128, 'empty_outputs': 0, 'average_words': 22.2421875, 'p95_words': 29, 'length_18_24_ratio': 0.6015625, 'single_sentence_ratio': 1.0, 'subject_start_ratio': 1.0, 'dev_loss': 1.657899343597782, 'global_step': 400}
2026-08-09 19:57:27,261 INFO epoch=1 step=410/5814 loss=1.590038 grad_norm=11.4950 lr=[1.248611648264102e-06, 1.248611648264102e-06, 7.491669889584613e-07, 7.491669889584613e-07, 1.9977786372225632e-07, 1.9977786372225632e-07]
2026-08-09 19:57:29,795 INFO epoch=1 step=420/5814 loss=1.483441 grad_norm=11.6981 lr=[1.248368616886857e-06, 1.248368616886857e-06, 7.49021170132114e-07, 7.49021170132114e-07, 1.9973897870189707e-07, 1.9973897870189707e-07]
2026-08-09 19:57:35,260 INFO epoch=1 step=430/5814 loss=1.574560 grad_norm=10.9443 lr=[1.2481060227551758e-06, 1.2481060227551758e-06, 7.488636136531055e-07, 7.488636136531055e-07, 1.996969636408281e-07, 1.996969636408281e-07]
2026-08-09 19:57:37,887 INFO epoch=1 step=440/5814 loss=1.749656 grad_norm=8.8367 lr=[1.247823874365431e-06, 1.247823874365431e-06, 7.486943246192586e-07, 7.486943246192586e-07, 1.9965181989846894e-07, 1.9965181989846894e-07]
2026-08-09 19:57:40,414 INFO epoch=1 step=450/5814 loss=1.586458 grad_norm=11.1598 lr=[1.2475221808466822e-06, 1.2475221808466822e-06, 7.485133085080092e-07, 7.485133085080092e-07, 1.996035489354691e-07, 1.996035489354691e-07]
2026-08-09 19:57:42,921 INFO epoch=1 step=460/5814 loss=1.650797 grad_norm=11.3832 lr=[1.2472009519603827e-06, 1.2472009519603827e-06, 7.483205711762295e-07, 7.483205711762295e-07, 1.995521523136612e-07, 1.995521523136612e-07]
2026-08-09 19:57:45,539 INFO epoch=1 step=470/5814 loss=1.770900 grad_norm=9.3577 lr=[1.2468601981000627e-06, 1.2468601981000627e-06, 7.481161188600376e-07, 7.481161188600376e-07, 1.9949763169601e-07, 1.9949763169601e-07]
2026-08-09 19:57:48,018 INFO epoch=1 step=480/5814 loss=1.635886 grad_norm=9.2833 lr=[1.2464999302909927e-06, 1.2464999302909927e-06, 7.478999581745955e-07, 7.478999581745955e-07, 1.994399888465588e-07, 1.994399888465588e-07]
2026-08-09 19:57:50,565 INFO epoch=1 step=490/5814 loss=1.847432 grad_norm=17.8949 lr=[1.2461201601898282e-06, 1.2461201601898282e-06, 7.476720961138969e-07, 7.476720961138969e-07, 1.9937922563037248e-07, 1.9937922563037248e-07]
2026-08-09 19:57:53,295 INFO epoch=1 step=500/5814 loss=1.610986 grad_norm=8.9694 lr=[1.2457209000842313e-06, 1.2457209000842313e-06, 7.474325400505388e-07, 7.474325400505388e-07, 1.99315344013477e-07, 1.99315344013477e-07]
2026-08-09 19:57:55,839 INFO epoch=1 step=510/5814 loss=1.664135 grad_norm=14.9709 lr=[1.245302162892473e-06, 1.245302162892473e-06, 7.471812977354838e-07, 7.471812977354838e-07, 1.9924834606279568e-07, 1.9924834606279568e-07]
2026-08-09 19:57:58,338 INFO epoch=1 step=520/5814 loss=1.747890 grad_norm=10.5866 lr=[1.2448639621630169e-06, 1.2448639621630169e-06, 7.469183772978101e-07, 7.469183772978101e-07, 1.9917823394608266e-07, 1.9917823394608266e-07]
2026-08-09 19:58:00,804 INFO epoch=1 step=530/5814 loss=1.675180 grad_norm=10.6680 lr=[1.2444063120740778e-06, 1.2444063120740778e-06, 7.466437872444467e-07, 7.466437872444467e-07, 1.9910500993185243e-07, 1.9910500993185243e-07]
2026-08-09 19:58:03,391 INFO epoch=1 step=540/5814 loss=1.498308 grad_norm=9.5341 lr=[1.2439292274331666e-06, 1.2439292274331666e-06, 7.463575364599e-07, 7.463575364599e-07, 1.9902867638930666e-07, 1.9902867638930666e-07]
2026-08-09 19:58:05,884 INFO epoch=1 step=550/5814 loss=1.645168 grad_norm=12.8729 lr=[1.2434327236766087e-06, 1.2434327236766087e-06, 7.460596342059652e-07, 7.460596342059652e-07, 1.9894923578825738e-07, 1.9894923578825738e-07]
2026-08-09 19:58:08,360 INFO epoch=1 step=560/5814 loss=1.668545 grad_norm=15.4952 lr=[1.2429168168690448e-06, 1.2429168168690448e-06, 7.457500901214269e-07, 7.457500901214269e-07, 1.9886669069904712e-07, 1.9886669069904712e-07]
2026-08-09 19:58:10,834 INFO epoch=1 step=570/5814 loss=1.726155 grad_norm=9.9590 lr=[1.242381523702912e-06, 1.242381523702912e-06, 7.454289142217471e-07, 7.454289142217471e-07, 1.987810437924659e-07, 1.987810437924659e-07]
2026-08-09 19:58:13,381 INFO epoch=1 step=580/5814 loss=1.724059 grad_norm=12.3462 lr=[1.2418268614979034e-06, 1.2418268614979034e-06, 7.450961168987419e-07, 7.450961168987419e-07, 1.986922978396645e-07, 1.986922978396645e-07]
2026-08-09 19:58:15,953 INFO epoch=1 step=590/5814 loss=2.131216 grad_norm=12.2289 lr=[1.241252848200407e-06, 1.241252848200407e-06, 7.447517089202441e-07, 7.447517089202441e-07, 1.986004557120651e-07, 1.986004557120651e-07]
2026-08-09 19:58:18,491 INFO epoch=1 step=600/5814 loss=1.707605 grad_norm=9.7077 lr=[1.2406595023829261e-06, 1.2406595023829261e-06, 7.443957014297556e-07, 7.443957014297556e-07, 1.9850552038126816e-07, 1.9850552038126816e-07]
/data1/work/MichaelYu/miniconda3/envs/florence/lib/python3.10/site-packages/transformers/generation/configuration_utils.py:453: UserWarning: `num_beams` is set to 1. However, `early_stopping` is set to `True` -- this flag is only used in beam-based generation modes. You should set `num_beams>1` or unset `early_stopping`.
  warnings.warn(
2026-08-09 19:59:48,876 INFO dev metrics: {'samples': 128, 'empty_outputs': 0, 'average_words': 21.859375, 'p95_words': 30, 'length_18_24_ratio': 0.59375, 'single_sentence_ratio': 1.0, 'subject_start_ratio': 1.0, 'dev_loss': 1.5783081750015602, 'global_step': 600}
2026-08-09 19:59:54,371 INFO epoch=1 step=610/5814 loss=1.705109 grad_norm=10.9169 lr=[1.2400468432434781e-06, 1.2400468432434781e-06, 7.440281059460869e-07, 7.440281059460869e-07, 1.9840749491895648e-07, 1.9840749491895648e-07]
2026-08-09 19:59:56,877 INFO epoch=1 step=620/5814 loss=1.706365 grad_norm=9.9687 lr=[1.2394148906049725e-06, 1.2394148906049725e-06, 7.436489343629835e-07, 7.436489343629835e-07, 1.9830638249679558e-07, 1.9830638249679558e-07]
2026-08-09 19:59:59,482 INFO epoch=1 step=630/5814 loss=1.495838 grad_norm=9.3230 lr=[1.2387636649145705e-06, 1.2387636649145705e-06, 7.432581989487423e-07, 7.432581989487423e-07, 1.9820218638633125e-07, 1.9820218638633125e-07]
2026-08-09 20:00:02,059 INFO epoch=1 step=640/5814 loss=1.500602 grad_norm=10.1270 lr=[1.2380931872430229e-06, 1.2380931872430229e-06, 7.428559123458137e-07, 7.428559123458137e-07, 1.9809490995888364e-07, 1.9809490995888364e-07]
2026-08-09 20:00:04,627 INFO epoch=1 step=650/5814 loss=1.684287 grad_norm=9.4839 lr=[1.2374034792839888e-06, 1.2374034792839888e-06, 7.424420875703931e-07, 7.424420875703931e-07, 1.9798455668543816e-07, 1.9798455668543816e-07]
2026-08-09 20:00:07,145 INFO epoch=1 step=660/5814 loss=1.642445 grad_norm=15.7668 lr=[1.2366945633533326e-06, 1.2366945633533326e-06, 7.420167380119996e-07, 7.420167380119996e-07, 1.978711301365332e-07, 1.978711301365332e-07]
2026-08-09 20:00:09,678 INFO epoch=1 step=670/5814 loss=1.650894 grad_norm=9.3577 lr=[1.2359664623884044e-06, 1.2359664623884044e-06, 7.415798774330426e-07, 7.415798774330426e-07, 1.9775463398214466e-07, 1.9775463398214466e-07]
2026-08-09 20:00:12,140 INFO epoch=1 step=680/5814 loss=1.611454 grad_norm=10.2314 lr=[1.2352191999472943e-06, 1.2352191999472943e-06, 7.411315199683765e-07, 7.411315199683765e-07, 1.9763507199156705e-07, 1.9763507199156705e-07]
2026-08-09 20:00:14,614 INFO epoch=1 step=690/5814 loss=1.434044 grad_norm=10.9478 lr=[1.2344528002080733e-06, 1.2344528002080733e-06, 7.406716801248439e-07, 7.406716801248439e-07, 1.975124480332917e-07, 1.975124480332917e-07]
2026-08-09 20:00:17,085 INFO epoch=1 step=700/5814 loss=1.564089 grad_norm=8.8635 lr=[1.2336672879680095e-06, 1.2336672879680095e-06, 7.402003727808057e-07, 7.402003727808057e-07, 1.973867660748815e-07, 1.973867660748815e-07]
2026-08-09 20:00:19,572 INFO epoch=1 step=710/5814 loss=1.619619 grad_norm=12.6061 lr=[1.2328626886427657e-06, 1.2328626886427657e-06, 7.397176131856595e-07, 7.397176131856595e-07, 1.972580301828425e-07, 1.972580301828425e-07]
2026-08-09 20:00:22,073 INFO epoch=1 step=720/5814 loss=1.794356 grad_norm=12.6730 lr=[1.232039028265578e-06, 1.232039028265578e-06, 7.392234169593468e-07, 7.392234169593468e-07, 1.9712624452249246e-07, 1.9712624452249246e-07]
2026-08-09 20:00:24,529 INFO epoch=1 step=730/5814 loss=1.459970 grad_norm=8.8801 lr=[1.2311963334864126e-06, 1.2311963334864126e-06, 7.387178000918475e-07, 7.387178000918475e-07, 1.9699141335782598e-07, 1.9699141335782598e-07]
2026-08-09 20:00:26,991 INFO epoch=1 step=740/5814 loss=1.470781 grad_norm=11.4223 lr=[1.2303346315711035e-06, 1.2303346315711035e-06, 7.382007789426621e-07, 7.382007789426621e-07, 1.9685354105137652e-07, 1.9685354105137652e-07]
2026-08-09 20:00:29,451 INFO epoch=1 step=750/5814 loss=1.612621 grad_norm=9.6521 lr=[1.229453950400471e-06, 1.229453950400471e-06, 7.376723702402826e-07, 7.376723702402826e-07, 1.9671263206407533e-07, 1.9671263206407533e-07]
2026-08-09 20:00:31,907 INFO epoch=1 step=760/5814 loss=1.663500 grad_norm=10.2470 lr=[1.2285543184694194e-06, 1.2285543184694194e-06, 7.371325910816515e-07, 7.371325910816515e-07, 1.9656869095510705e-07, 1.9656869095510705e-07]
2026-08-09 20:00:34,388 INFO epoch=1 step=770/5814 loss=1.560984 grad_norm=13.2550 lr=[1.2276357648860143e-06, 1.2276357648860143e-06, 7.365814589316086e-07, 7.365814589316086e-07, 1.9642172238176226e-07, 1.9642172238176226e-07]
2026-08-09 20:00:36,868 INFO epoch=1 step=780/5814 loss=1.604544 grad_norm=10.1464 lr=[1.226698319370542e-06, 1.226698319370542e-06, 7.36018991622325e-07, 7.36018991622325e-07, 1.9627173109928666e-07, 1.9627173109928666e-07]
2026-08-09 20:00:39,467 INFO epoch=1 step=790/5814 loss=1.416413 grad_norm=10.8239 lr=[1.2257420122545464e-06, 1.2257420122545464e-06, 7.354452073527278e-07, 7.354452073527278e-07, 1.961187219607274e-07, 1.961187219607274e-07]
2026-08-09 20:00:42,019 INFO epoch=1 step=800/5814 loss=1.964705 grad_norm=13.3238 lr=[1.2247668744798495e-06, 1.2247668744798495e-06, 7.348601246879097e-07, 7.348601246879097e-07, 1.959626999167759e-07, 1.959626999167759e-07]
/data1/work/MichaelYu/miniconda3/envs/florence/lib/python3.10/site-packages/transformers/generation/configuration_utils.py:453: UserWarning: `num_beams` is set to 1. However, `early_stopping` is set to `True` -- this flag is only used in beam-based generation modes. You should set `num_beams>1` or unset `early_stopping`.
  warnings.warn(
2026-08-09 20:02:17,288 INFO dev metrics: {'samples': 128, 'empty_outputs': 0, 'average_words': 22.03125, 'p95_words': 30, 'length_18_24_ratio': 0.5390625, 'single_sentence_ratio': 1.0, 'subject_start_ratio': 1.0, 'dev_loss': 1.530572458126405, 'global_step': 800}
2026-08-09 20:02:23,015 INFO epoch=1 step=810/5814 loss=1.614070 grad_norm=11.2986 lr=[1.2237729375975483e-06, 1.2237729375975483e-06, 7.34263762558529e-07, 7.34263762558529e-07, 1.958036700156077e-07, 1.958036700156077e-07]
2026-08-09 20:02:25,499 INFO epoch=1 step=820/5814 loss=1.567558 grad_norm=9.3930 lr=[1.2227602337669953e-06, 1.2227602337669953e-06, 7.336561402601971e-07, 7.336561402601971e-07, 1.9564163740271923e-07, 1.9564163740271923e-07]
2026-08-09 20:02:28,002 INFO epoch=1 step=830/5814 loss=1.794476 grad_norm=14.0920 lr=[1.2217287957547572e-06, 1.2217287957547572e-06, 7.330372774528542e-07, 7.330372774528542e-07, 1.9547660732076113e-07, 1.9547660732076113e-07]
2026-08-09 20:02:30,481 INFO epoch=1 step=840/5814 loss=1.382781 grad_norm=11.4850 lr=[1.2206786569335556e-06, 1.2206786569335556e-06, 7.324071941601333e-07, 7.324071941601333e-07, 1.9530858510936886e-07, 1.9530858510936886e-07]
2026-08-09 20:02:32,979 INFO epoch=1 step=850/5814 loss=1.530644 grad_norm=10.6693 lr=[1.2196098512811857e-06, 1.2196098512811857e-06, 7.317659107687113e-07, 7.317659107687113e-07, 1.9513757620498968e-07, 1.9513757620498968e-07]
2026-08-09 20:02:35,446 INFO epoch=1 step=860/5814 loss=1.416291 grad_norm=10.9202 lr=[1.2185224133794186e-06, 1.2185224133794186e-06, 7.311134480276511e-07, 7.311134480276511e-07, 1.9496358614070695e-07, 1.9496358614070695e-07]
2026-08-09 20:02:37,935 INFO epoch=1 step=870/5814 loss=1.502551 grad_norm=9.9225 lr=[1.2174163784128819e-06, 1.2174163784128819e-06, 7.304498270477291e-07, 7.304498270477291e-07, 1.9478662054606108e-07, 1.9478662054606108e-07]
2026-08-09 20:02:40,407 INFO epoch=1 step=880/5814 loss=1.873839 grad_norm=12.3134 lr=[1.2162917821679206e-06, 1.2162917821679206e-06, 7.297750693007523e-07, 7.297750693007523e-07, 1.9460668514686727e-07, 1.9460668514686727e-07]
2026-08-09 20:02:43,260 INFO epoch=1 step=890/5814 loss=1.649606 grad_norm=11.3812 lr=[1.2151486610314391e-06, 1.2151486610314391e-06, 7.290891966188635e-07, 7.290891966188635e-07, 1.9442378576503024e-07, 1.9442378576503024e-07]
2026-08-09 20:02:45,833 INFO epoch=1 step=900/5814 loss=1.416886 grad_norm=10.6023 lr=[1.2139870519897259e-06, 1.2139870519897259e-06, 7.283922311938355e-07, 7.283922311938355e-07, 1.9423792831835611e-07, 1.9423792831835611e-07]
2026-08-09 20:02:48,357 INFO epoch=1 step=910/5814 loss=1.631614 grad_norm=11.8645 lr=[1.212806992627254e-06, 1.212806992627254e-06, 7.276841955763523e-07, 7.276841955763523e-07, 1.9404911882036062e-07, 1.9404911882036062e-07]
2026-08-09 20:02:50,889 INFO epoch=1 step=920/5814 loss=1.621670 grad_norm=11.3514 lr=[1.2116085211254668e-06, 1.2116085211254668e-06, 7.269651126752801e-07, 7.269651126752801e-07, 1.9385736338007467e-07, 1.9385736338007467e-07]
2026-08-09 20:02:53,349 INFO epoch=1 step=930/5814 loss=1.717736 grad_norm=15.2496 lr=[1.2103916762615426e-06, 1.2103916762615426e-06, 7.262350057569255e-07, 7.262350057569255e-07, 1.936626682018468e-07, 1.936626682018468e-07]
2026-08-09 20:02:55,812 INFO epoch=1 step=940/5814 loss=1.697799 grad_norm=18.0798 lr=[1.209156497407139e-06, 1.209156497407139e-06, 7.254938984442834e-07, 7.254938984442834e-07, 1.9346503958514222e-07, 1.9346503958514222e-07]
2026-08-09 20:02:58,286 INFO epoch=1 step=950/5814 loss=1.387450 grad_norm=9.6371 lr=[1.2079030245271197e-06, 1.2079030245271197e-06, 7.247418147162718e-07, 7.247418147162718e-07, 1.9326448392433914e-07, 1.9326448392433914e-07]
2026-08-09 20:03:00,759 INFO epoch=1 step=960/5814 loss=1.651009 grad_norm=11.7004 lr=[1.206631298178261e-06, 1.206631298178261e-06, 7.239787789069567e-07, 7.239787789069567e-07, 1.9306100770852176e-07, 1.9306100770852176e-07]
2026-08-09 20:03:03,232 INFO epoch=1 step=970/5814 loss=1.891523 grad_norm=10.2223 lr=[1.2053413595079408e-06, 1.2053413595079408e-06, 7.232048157047645e-07, 7.232048157047645e-07, 1.928546175212705e-07, 1.928546175212705e-07]
2026-08-09 20:03:05,734 INFO epoch=1 step=980/5814 loss=1.570810 grad_norm=11.4492 lr=[1.2040332502528046e-06, 1.2040332502528046e-06, 7.224199501516828e-07, 7.224199501516828e-07, 1.9264532004044872e-07, 1.9264532004044872e-07]
2026-08-09 20:03:08,207 INFO epoch=1 step=990/5814 loss=1.530247 grad_norm=10.6033 lr=[1.2027070127374184e-06, 1.2027070127374184e-06, 7.21624207642451e-07, 7.21624207642451e-07, 1.9243312203798692e-07, 1.9243312203798692e-07]
2026-08-09 20:03:10,672 INFO epoch=1 step=1000/5814 loss=1.730768 grad_norm=15.1400 lr=[1.2013626898728966e-06, 1.2013626898728966e-06, 7.208176139237379e-07, 7.208176139237379e-07, 1.9221803037966342e-07, 1.9221803037966342e-07]
/data1/work/MichaelYu/miniconda3/envs/florence/lib/python3.10/site-packages/transformers/generation/configuration_utils.py:453: UserWarning: `num_beams` is set to 1. However, `early_stopping` is set to `True` -- this flag is only used in beam-based generation modes. You should set `num_beams>1` or unset `early_stopping`.
  warnings.warn(
2026-08-09 20:04:51,187 INFO dev metrics: {'samples': 128, 'empty_outputs': 0, 'average_words': 21.1171875, 'p95_words': 30, 'length_18_24_ratio': 0.53125, 'single_sentence_ratio': 1.0, 'subject_start_ratio': 1.0, 'dev_loss': 1.5010291499602182, 'global_step': 1000}
2026-08-09 20:04:57,000 INFO epoch=1 step=1010/5814 loss=1.779004 grad_norm=11.4981 lr=[1.200000325155515e-06, 1.200000325155515e-06, 7.200001950933089e-07, 7.200001950933089e-07, 1.9200005202488236e-07, 1.9200005202488236e-07]
2026-08-09 20:04:59,508 INFO epoch=1 step=1020/5814 loss=1.563179 grad_norm=10.2308 lr=[1.198619962665303e-06, 1.198619962665303e-06, 7.191719775991817e-07, 7.191719775991817e-07, 1.9177919402644845e-07, 1.9177919402644845e-07]
2026-08-09 20:05:01,972 INFO epoch=1 step=1030/5814 loss=1.587358 grad_norm=9.5464 lr=[1.1972216470646176e-06, 1.1972216470646176e-06, 7.183329882387704e-07, 7.183329882387704e-07, 1.9155546353033877e-07, 1.9155546353033877e-07]
2026-08-09 20:05:05,539 INFO epoch=1 step=1040/5814 loss=1.368220 grad_norm=11.8626 lr=[1.1958054235966976e-06, 1.1958054235966976e-06, 7.174832541580185e-07, 7.174832541580185e-07, 1.9132886777547158e-07, 1.9132886777547158e-07]
2026-08-09 20:05:07,997 INFO epoch=1 step=1050/5814 loss=1.702783 grad_norm=14.7637 lr=[1.1943713380842014e-06, 1.1943713380842014e-06, 7.166228028505208e-07, 7.166228028505208e-07, 1.9109941409347218e-07, 1.9109941409347218e-07]
2026-08-09 20:05:10,462 INFO epoch=1 step=1060/5814 loss=1.668744 grad_norm=11.0848 lr=[1.192919436927722e-06, 1.192919436927722e-06, 7.157516621566332e-07, 7.157516621566332e-07, 1.908671099084355e-07, 1.908671099084355e-07]
2026-08-09 20:05:12,918 INFO epoch=1 step=1070/5814 loss=1.391283 grad_norm=11.5464 lr=[1.191449767104288e-06, 1.191449767104288e-06, 7.148698602625728e-07, 7.148698602625728e-07, 1.9063196273668605e-07, 1.9063196273668605e-07]
2026-08-09 20:05:15,394 INFO epoch=1 step=1080/5814 loss=1.437626 grad_norm=13.3175 lr=[1.1899623761658416e-06, 1.1899623761658416e-06, 7.139774256995049e-07, 7.139774256995049e-07, 1.9039398018653464e-07, 1.9039398018653464e-07]
2026-08-09 20:05:18,094 INFO epoch=1 step=1090/5814 loss=1.332921 grad_norm=11.6016 lr=[1.188457312237702e-06, 1.188457312237702e-06, 7.130743873426213e-07, 7.130743873426213e-07, 1.9015316995803233e-07, 1.9015316995803233e-07]
2026-08-09 20:05:20,557 INFO epoch=1 step=1100/5814 loss=1.403312 grad_norm=17.6404 lr=[1.1869346240170072e-06, 1.1869346240170072e-06, 7.121607744102042e-07, 7.121607744102042e-07, 1.899095398427211e-07, 1.899095398427211e-07]
2026-08-09 20:05:23,016 INFO epoch=1 step=1110/5814 loss=1.517117 grad_norm=10.1675 lr=[1.1853943607711373e-06, 1.1853943607711373e-06, 7.112366164626823e-07, 7.112366164626823e-07, 1.8966309772338194e-07, 1.8966309772338194e-07]
2026-08-09 20:05:25,642 INFO epoch=1 step=1120/5814 loss=1.636534 grad_norm=12.3904 lr=[1.1838365723361233e-06, 1.1838365723361233e-06, 7.103019434016739e-07, 7.103019434016739e-07, 1.894138515737797e-07, 1.894138515737797e-07]
2026-08-09 20:05:28,337 INFO epoch=1 step=1130/5814 loss=1.766200 grad_norm=10.7100 lr=[1.1822613091150316e-06, 1.1822613091150316e-06, 7.093567854690189e-07, 7.093567854690189e-07, 1.89161809458405e-07, 1.89161809458405e-07]
2026-08-09 20:05:30,906 INFO epoch=1 step=1140/5814 loss=1.520786 grad_norm=11.3957 lr=[1.1806686220763351e-06, 1.1806686220763351e-06, 7.08401173245801e-07, 7.08401173245801e-07, 1.889069795322136e-07, 1.889069795322136e-07]
2026-08-09 20:05:33,467 INFO epoch=1 step=1150/5814 loss=1.550921 grad_norm=9.4576 lr=[1.1790585627522638e-06, 1.1790585627522638e-06, 7.074351376513583e-07, 7.074351376513583e-07, 1.8864937004036218e-07, 1.8864937004036218e-07]
2026-08-09 20:05:35,977 INFO epoch=1 step=1160/5814 loss=1.797139 grad_norm=10.5233 lr=[1.1774311832371365e-06, 1.1774311832371365e-06, 7.064587099422819e-07, 7.064587099422819e-07, 1.8838898931794183e-07, 1.8838898931794183e-07]
2026-08-09 20:05:38,473 INFO epoch=1 step=1170/5814 loss=1.589155 grad_norm=13.3716 lr=[1.1757865361856767e-06, 1.1757865361856767e-06, 7.05471921711406e-07, 7.05471921711406e-07, 1.8812584578970824e-07, 1.8812584578970824e-07]
2026-08-09 20:05:40,944 INFO epoch=1 step=1180/5814 loss=1.404825 grad_norm=12.6758 lr=[1.1741246748113073e-06, 1.1741246748113073e-06, 7.044748048867844e-07, 7.044748048867844e-07, 1.8785994796980916e-07, 1.8785994796980916e-07]
2026-08-09 20:05:43,419 INFO epoch=1 step=1190/5814 loss=1.461737 grad_norm=10.9391 lr=[1.1724456528844303e-06, 1.1724456528844303e-06, 7.034673917306581e-07, 7.034673917306581e-07, 1.8759130446150883e-07, 1.8759130446150883e-07]
2026-08-09 20:05:45,988 INFO epoch=1 step=1200/5814 loss=1.400281 grad_norm=10.3259 lr=[1.1707495247306861e-06, 1.1707495247306861e-06, 7.024497148384117e-07, 7.024497148384117e-07, 1.8731992395690977e-07, 1.8731992395690977e-07]
/data1/work/MichaelYu/miniconda3/envs/florence/lib/python3.10/site-packages/transformers/generation/configuration_utils.py:453: UserWarning: `num_beams` is set to 1. However, `early_stopping` is set to `True` -- this flag is only used in beam-based generation modes. You should set `num_beams>1` or unset `early_stopping`.
  warnings.warn(
2026-08-09 20:08:22,144 INFO dev metrics: {'samples': 128, 'empty_outputs': 0, 'average_words': 21.703125, 'p95_words': 30, 'length_18_24_ratio': 0.5390625, 'single_sentence_ratio': 1.0, 'subject_start_ratio': 1.0, 'dev_loss': 1.476122761178013, 'global_step': 1200}
2026-08-09 20:08:28,175 INFO epoch=1 step=1210/5814 loss=1.378662 grad_norm=9.8305 lr=[1.1690363452291965e-06, 1.1690363452291965e-06, 7.014218071375179e-07, 7.014218071375179e-07, 1.8704581523667142e-07, 1.8704581523667142e-07]
2026-08-09 20:08:30,705 INFO epoch=1 step=1220/5814 loss=1.375948 grad_norm=10.8713 lr=[1.167306169810788e-06, 1.167306169810788e-06, 7.003837018864728e-07, 7.003837018864728e-07, 1.8676898716972606e-07, 1.8676898716972606e-07]
2026-08-09 20:08:37,002 INFO epoch=1 step=1230/5814 loss=1.465222 grad_norm=9.6770 lr=[1.1655590544561997e-06, 1.1655590544561997e-06, 6.993354326737197e-07, 6.993354326737197e-07, 1.8648944871299192e-07, 1.8648944871299192e-07]
2026-08-09 20:08:39,461 INFO epoch=1 step=1240/5814 loss=1.485315 grad_norm=11.0228 lr=[1.163795055694271e-06, 1.163795055694271e-06, 6.982770334165625e-07, 6.982770334165625e-07, 1.8620720891108334e-07, 1.8620720891108334e-07]
2026-08-09 20:08:41,925 INFO epoch=1 step=1250/5814 loss=1.482856 grad_norm=11.4396 lr=[1.1620142306001125e-06, 1.1620142306001125e-06, 6.972085383600674e-07, 6.972085383600674e-07, 1.8592227689601796e-07, 1.8592227689601796e-07]
2026-08-09 20:08:44,403 INFO epoch=1 step=1260/5814 loss=1.576762 grad_norm=13.5630 lr=[1.1602166367932598e-06, 1.1602166367932598e-06, 6.961299820759558e-07, 6.961299820759558e-07, 1.8563466188692155e-07, 1.8563466188692155e-07]
2026-08-09 20:08:46,879 INFO epoch=1 step=1270/5814 loss=1.862595 grad_norm=13.5199 lr=[1.1584023324358097e-06, 1.1584023324358097e-06, 6.950413994614858e-07, 6.950413994614858e-07, 1.8534437318972953e-07, 1.8534437318972953e-07]
2026-08-09 20:08:49,360 INFO epoch=1 step=1280/5814 loss=1.648492 grad_norm=11.6633 lr=[1.1565713762305372e-06, 1.1565713762305372e-06, 6.939428257383223e-07, 6.939428257383223e-07, 1.8505142019688592e-07, 1.8505142019688592e-07]
2026-08-09 20:08:51,837 INFO epoch=1 step=1290/5814 loss=1.840856 grad_norm=14.1381 lr=[1.154723827418996e-06, 1.154723827418996e-06, 6.928342964513975e-07, 6.928342964513975e-07, 1.8475581238703931e-07, 1.8475581238703931e-07]
2026-08-09 20:08:54,312 INFO epoch=1 step=1300/5814 loss=1.230021 grad_norm=11.4546 lr=[1.1528597457796032e-06, 1.1528597457796032e-06, 6.91715847467762e-07, 6.91715847467762e-07, 1.844575593247365e-07, 1.844575593247365e-07]
2026-08-09 20:08:56,778 INFO epoch=1 step=1310/5814 loss=1.268298 grad_norm=9.6353 lr=[1.1509791916257042e-06, 1.1509791916257042e-06, 6.905875149754224e-07, 6.905875149754224e-07, 1.8415667066011265e-07, 1.8415667066011265e-07]
2026-08-09 20:08:59,275 INFO epoch=1 step=1320/5814 loss=1.547363 grad_norm=8.8796 lr=[1.149082225803621e-06, 1.149082225803621e-06, 6.894493354821726e-07, 6.894493354821726e-07, 1.8385315612857935e-07, 1.8385315612857935e-07]
2026-08-09 20:09:01,855 INFO epoch=1 step=1330/5814 loss=1.496765 grad_norm=10.7497 lr=[1.147168909690684e-06, 1.147168909690684e-06, 6.883013458144103e-07, 6.883013458144103e-07, 1.835470255505094e-07, 1.835470255505094e-07]
2026-08-09 20:09:04,463 INFO epoch=1 step=1340/5814 loss=1.384318 grad_norm=12.3252 lr=[1.1452393051932455e-06, 1.1452393051932455e-06, 6.871435831159472e-07, 6.871435831159472e-07, 1.8323828883091926e-07, 1.8323828883091926e-07]
2026-08-09 20:09:07,041 INFO epoch=1 step=1350/5814 loss=1.465768 grad_norm=12.2660 lr=[1.1432934747446777e-06, 1.1432934747446777e-06, 6.859760848468065e-07, 6.859760848468065e-07, 1.829269559591484e-07, 1.829269559591484e-07]
2026-08-09 20:09:09,709 INFO epoch=1 step=1360/5814 loss=1.482794 grad_norm=11.6784 lr=[1.1413314813033512e-06, 1.1413314813033512e-06, 6.847988887820108e-07, 6.847988887820108e-07, 1.8261303700853618e-07, 1.8261303700853618e-07]
2026-08-09 20:09:12,201 INFO epoch=1 step=1370/5814 loss=1.498717 grad_norm=12.5725 lr=[1.1393533883506e-06, 1.1393533883506e-06, 6.8361203301036e-07, 6.8361203301036e-07, 1.8229654213609597e-07, 1.8229654213609597e-07]
2026-08-09 20:09:14,702 INFO epoch=1 step=1380/5814 loss=1.877910 grad_norm=13.0345 lr=[1.1373592598886646e-06, 1.1373592598886646e-06, 6.824155559331988e-07, 6.824155559331988e-07, 1.8197748158218632e-07, 1.8197748158218632e-07]
2026-08-09 20:09:17,173 INFO epoch=1 step=1390/5814 loss=1.473798 grad_norm=9.6489 lr=[1.1353491604386246e-06, 1.1353491604386246e-06, 6.812094962631747e-07, 6.812094962631747e-07, 1.816558656701799e-07, 1.816558656701799e-07]
2026-08-09 20:09:19,650 INFO epoch=1 step=1400/5814 loss=1.548554 grad_norm=11.6976 lr=[1.1333231550383082e-06, 1.1333231550383082e-06, 6.799938930229848e-07, 6.799938930229848e-07, 1.8133170480612926e-07, 1.8133170480612926e-07]
/data1/work/MichaelYu/miniconda3/envs/florence/lib/python3.10/site-packages/transformers/generation/configuration_utils.py:453: UserWarning: `num_beams` is set to 1. However, `early_stopping` is set to `True` -- this flag is only used in beam-based generation modes. You should set `num_beams>1` or unset `early_stopping`.
  warnings.warn(
2026-08-09 20:10:51,342 INFO dev metrics: {'samples': 128, 'empty_outputs': 0, 'average_words': 21.796875, 'p95_words': 30, 'length_18_24_ratio': 0.5390625, 'single_sentence_ratio': 1.0, 'subject_start_ratio': 1.0, 'dev_loss': 1.4559706647246349, 'global_step': 1400}
2026-08-09 20:10:57,454 INFO epoch=1 step=1410/5814 loss=1.428988 grad_norm=11.0418 lr=[1.1312813092401888e-06, 1.1312813092401888e-06, 6.787687855441133e-07, 6.787687855441133e-07, 1.810050094784302e-07, 1.810050094784302e-07]
2026-08-09 20:10:59,972 INFO epoch=1 step=1420/5814 loss=1.569538 grad_norm=11.2602 lr=[1.129223689109266e-06, 1.129223689109266e-06, 6.775342134655595e-07, 6.775342134655595e-07, 1.806757902574825e-07, 1.806757902574825e-07]
2026-08-09 20:11:06,306 INFO epoch=1 step=1430/5814 loss=1.471324 grad_norm=10.3488 lr=[1.1271503612209238e-06, 1.1271503612209238e-06, 6.762902167325542e-07, 6.762902167325542e-07, 1.8034405779534778e-07, 1.8034405779534778e-07]
2026-08-09 20:11:08,933 INFO epoch=1 step=1440/5814 loss=1.592844 grad_norm=10.7991 lr=[1.1250613926587809e-06, 1.1250613926587809e-06, 6.750368355952685e-07, 6.750368355952685e-07, 1.800098228254049e-07, 1.800098228254049e-07]
2026-08-09 20:11:11,496 INFO epoch=1 step=1450/5814 loss=1.399459 grad_norm=10.6997 lr=[1.1229568510125174e-06, 1.1229568510125174e-06, 6.737741106075105e-07, 6.737741106075105e-07, 1.7967309616200278e-07, 1.7967309616200278e-07]
2026-08-09 20:11:13,958 INFO epoch=1 step=1460/5814 loss=1.668111 grad_norm=11.6007 lr=[1.1208368043756892e-06, 1.1208368043756892e-06, 6.725020826254134e-07, 6.725020826254134e-07, 1.7933388870011024e-07, 1.7933388870011024e-07]
2026-08-09 20:11:16,420 INFO epoch=1 step=1470/5814 loss=1.567928 grad_norm=12.4287 lr=[1.1187013213435235e-06, 1.1187013213435235e-06, 6.712207928061141e-07, 6.712207928061141e-07, 1.7899221141496373e-07, 1.7899221141496373e-07]
2026-08-09 20:11:18,894 INFO epoch=1 step=1480/5814 loss=1.588016 grad_norm=12.4639 lr=[1.1165504710107015e-06, 1.1165504710107015e-06, 6.699302826064209e-07, 6.699302826064209e-07, 1.7864807536171222e-07, 1.7864807536171222e-07]
2026-08-09 20:11:21,375 INFO epoch=1 step=1490/5814 loss=1.766323 grad_norm=11.1204 lr=[1.1143843229691204e-06, 1.1143843229691204e-06, 6.686305937814721e-07, 6.686305937814721e-07, 1.7830149167505922e-07, 1.7830149167505922e-07]
2026-08-09 20:11:23,826 INFO epoch=1 step=1500/5814 loss=1.813619 grad_norm=11.7681 lr=[1.112202947305643e-06, 1.112202947305643e-06, 6.673217683833858e-07, 6.673217683833858e-07, 1.7795247156890287e-07, 1.7795247156890287e-07]
2026-08-09 20:11:26,307 INFO epoch=1 step=1510/5814 loss=1.383320 grad_norm=10.4012 lr=[1.1100064145998308e-06, 1.1100064145998308e-06, 6.660038487598985e-07, 6.660038487598985e-07, 1.776010263359729e-07, 1.776010263359729e-07]
2026-08-09 20:11:28,795 INFO epoch=1 step=1520/5814 loss=1.263499 grad_norm=13.2000 lr=[1.1077947959216583e-06, 1.1077947959216583e-06, 6.64676877552995e-07, 6.64676877552995e-07, 1.7724716734746533e-07, 1.7724716734746533e-07]
2026-08-09 20:11:31,269 INFO epoch=1 step=1530/5814 loss=1.509889 grad_norm=11.8766 lr=[1.1055681628292152e-06, 1.1055681628292152e-06, 6.633408976975291e-07, 6.633408976975291e-07, 1.768909060526744e-07, 1.768909060526744e-07]
2026-08-09 20:11:33,733 INFO epoch=1 step=1540/5814 loss=1.625381 grad_norm=10.6184 lr=[1.1033265873663901e-06, 1.1033265873663901e-06, 6.61995952419834e-07, 6.61995952419834e-07, 1.765322539786224e-07, 1.765322539786224e-07]
2026-08-09 20:11:36,193 INFO epoch=1 step=1550/5814 loss=1.311759 grad_norm=10.0874 lr=[1.10107014206054e-06, 1.10107014206054e-06, 6.60642085236324e-07, 6.60642085236324e-07, 1.761712227296864e-07, 1.761712227296864e-07]
2026-08-09 20:11:38,652 INFO epoch=1 step=1560/5814 loss=1.383978 grad_norm=15.2165 lr=[1.098798899920144e-06, 1.098798899920144e-06, 6.592793399520864e-07, 6.592793399520864e-07, 1.7580782398722302e-07, 1.7580782398722302e-07]
2026-08-09 20:11:41,131 INFO epoch=1 step=1570/5814 loss=1.396575 grad_norm=456.6295 lr=[1.0965129344324399e-06, 1.0965129344324399e-06, 6.579077606594639e-07, 6.579077606594639e-07, 1.7544206950919036e-07, 1.7544206950919036e-07]
2026-08-09 20:11:43,674 INFO epoch=1 step=1580/5814 loss=1.643473 grad_norm=8.8985 lr=[1.0942123195610473e-06, 1.0942123195610473e-06, 6.565273917366283e-07, 6.565273917366283e-07, 1.7507397112976754e-07, 1.7507397112976754e-07]
2026-08-09 20:11:46,412 INFO epoch=1 step=1590/5814 loss=1.243089 grad_norm=8.3681 lr=[1.091897129743575e-06, 1.091897129743575e-06, 6.55138277846145e-07, 6.55138277846145e-07, 1.74703540758972e-07, 1.74703540758972e-07]
2026-08-09 20:11:49,184 INFO epoch=1 step=1600/5814 loss=1.710276 grad_norm=10.6939 lr=[1.0895674398892112e-06, 1.0895674398892112e-06, 6.537404639335267e-07, 6.537404639335267e-07, 1.7433079038227376e-07, 1.7433079038227376e-07]
/data1/work/MichaelYu/miniconda3/envs/florence/lib/python3.10/site-packages/transformers/generation/configuration_utils.py:453: UserWarning: `num_beams` is set to 1. However, `early_stopping` is set to `True` -- this flag is only used in beam-based generation modes. You should set `num_beams>1` or unset `early_stopping`.
  warnings.warn(
2026-08-09 20:13:36,280 INFO dev metrics: {'samples': 128, 'empty_outputs': 0, 'average_words': 21.90625, 'p95_words': 31, 'length_18_24_ratio': 0.4765625, 'single_sentence_ratio': 1.0, 'subject_start_ratio': 1.0, 'dev_loss': 1.4416020877789497, 'global_step': 1600}
2026-08-09 20:13:42,065 INFO epoch=1 step=1610/5814 loss=1.318229 grad_norm=10.8792 lr=[1.0872233253763003e-06, 1.0872233253763003e-06, 6.523339952257802e-07, 6.523339952257802e-07, 1.7395573206020803e-07, 1.7395573206020803e-07]
2026-08-09 20:13:44,595 INFO epoch=1 step=1620/5814 loss=1.484188 grad_norm=12.9220 lr=[1.0848648620499048e-06, 1.0848648620499048e-06, 6.509189172299429e-07, 6.509189172299429e-07, 1.7357837792798474e-07, 1.7357837792798474e-07]
2026-08-09 20:13:47,267 INFO epoch=1 step=1630/5814 loss=1.255810 grad_norm=9.8101 lr=[1.0824921262193504e-06, 1.0824921262193504e-06, 6.494952757316103e-07, 6.494952757316103e-07, 1.7319874019509606e-07, 1.7319874019509606e-07]
2026-08-09 20:13:52,251 INFO epoch=1 step=1640/5814 loss=1.705948 grad_norm=10.0244 lr=[1.0801051946557569e-06, 1.0801051946557569e-06, 6.480631167934541e-07, 6.480631167934541e-07, 1.7281683114492106e-07, 1.7281683114492106e-07]
2026-08-09 20:13:54,753 INFO epoch=1 step=1650/5814 loss=1.441552 grad_norm=11.4360 lr=[1.0777041445895547e-06, 1.0777041445895547e-06, 6.466224867537328e-07, 6.466224867537328e-07, 1.7243266313432875e-07, 1.7243266313432875e-07]
2026-08-09 20:13:57,241 INFO epoch=1 step=1660/5814 loss=1.421487 grad_norm=9.1381 lr=[1.0752890537079858e-06, 1.0752890537079858e-06, 6.451734322247915e-07, 6.451734322247915e-07, 1.720462485932777e-07, 1.720462485932777e-07]
2026-08-09 20:13:59,753 INFO epoch=1 step=1670/5814 loss=1.513817 grad_norm=12.8882 lr=[1.0728600001525905e-06, 1.0728600001525905e-06, 6.437160000915542e-07, 6.437160000915542e-07, 1.7165760002441445e-07, 1.7165760002441445e-07]
2026-08-09 20:14:02,258 INFO epoch=1 step=1680/5814 loss=1.721617 grad_norm=13.1589 lr=[1.0704170625166782e-06, 1.0704170625166782e-06, 6.422502375100069e-07, 6.422502375100069e-07, 1.712667300026685e-07, 1.712667300026685e-07]
2026-08-09 20:14:04,726 INFO epoch=1 step=1690/5814 loss=1.606236 grad_norm=11.0830 lr=[1.0679603198427856e-06, 1.0679603198427856e-06, 6.407761919056713e-07, 6.407761919056713e-07, 1.7087365117484568e-07, 1.7087365117484568e-07]
2026-08-09 20:14:07,207 INFO epoch=1 step=1700/5814 loss=1.653650 grad_norm=9.8648 lr=[1.0654898516201183e-06, 1.0654898516201183e-06, 6.392939109720709e-07, 6.392939109720709e-07, 1.704783762592189e-07, 1.704783762592189e-07]
2026-08-09 20:14:09,665 INFO epoch=1 step=1710/5814 loss=1.466206 grad_norm=10.3346 lr=[1.0630057377819797e-06, 1.0630057377819797e-06, 6.378034426691877e-07, 6.378034426691877e-07, 1.7008091804511673e-07, 1.7008091804511673e-07]
2026-08-09 20:14:12,134 INFO epoch=1 step=1720/5814 loss=1.985961 grad_norm=10.7218 lr=[1.0605080587031837e-06, 1.0605080587031837e-06, 6.363048352219102e-07, 6.363048352219102e-07, 1.6968128939250936e-07, 1.6968128939250936e-07]
2026-08-09 20:14:14,620 INFO epoch=1 step=1730/5814 loss=1.645692 grad_norm=10.4189 lr=[1.0579968951974552e-06, 1.0579968951974552e-06, 6.34798137118473e-07, 6.34798137118473e-07, 1.692795032315928e-07, 1.692795032315928e-07]
2026-08-09 20:14:17,091 INFO epoch=1 step=1740/5814 loss=1.350355 grad_norm=10.9828 lr=[1.0554723285148144e-06, 1.0554723285148144e-06, 6.332833971088886e-07, 6.332833971088886e-07, 1.6887557256237029e-07, 1.6887557256237029e-07]
2026-08-09 20:14:19,612 INFO epoch=1 step=1750/5814 loss=1.411759 grad_norm=10.5199 lr=[1.052934440338949e-06, 1.052934440338949e-06, 6.317606642033694e-07, 6.317606642033694e-07, 1.6846951045423184e-07, 1.6846951045423184e-07]
2026-08-09 20:14:22,267 INFO epoch=1 step=1760/5814 loss=1.517360 grad_norm=10.3037 lr=[1.0503833127845704e-06, 1.0503833127845704e-06, 6.302299876707423e-07, 6.302299876707423e-07, 1.6806133004553124e-07, 1.6806133004553124e-07]
2026-08-09 20:14:24,736 INFO epoch=1 step=1770/5814 loss=1.605149 grad_norm=10.7380 lr=[1.0478190283947567e-06, 1.0478190283947567e-06, 6.286914170368539e-07, 6.286914170368539e-07, 1.6765104454316104e-07, 1.6765104454316104e-07]
2026-08-09 20:14:27,216 INFO epoch=1 step=1780/5814 loss=1.277927 grad_norm=8.2134 lr=[1.0452416701382827e-06, 1.0452416701382827e-06, 6.271450020829696e-07, 6.271450020829696e-07, 1.672386672221252e-07, 1.672386672221252e-07]
2026-08-09 20:14:29,757 INFO epoch=1 step=1790/5814 loss=1.466411 grad_norm=11.3820 lr=[1.0426513214069349e-06, 1.0426513214069349e-06, 6.255907928441609e-07, 6.255907928441609e-07, 1.6682421142510957e-07, 1.6682421142510957e-07]
2026-08-09 20:14:32,283 INFO epoch=1 step=1800/5814 loss=1.105784 grad_norm=15.3312 lr=[1.0400480660128136e-06, 1.0400480660128136e-06, 6.240288396076881e-07, 6.240288396076881e-07, 1.6640769056205015e-07, 1.6640769056205015e-07]
/data1/work/MichaelYu/miniconda3/envs/florence/lib/python3.10/site-packages/transformers/generation/configuration_utils.py:453: UserWarning: `num_beams` is set to 1. However, `early_stopping` is set to `True` -- this flag is only used in beam-based generation modes. You should set `num_beams>1` or unset `early_stopping`.
  warnings.warn(
2026-08-09 20:16:10,870 INFO dev metrics: {'samples': 128, 'empty_outputs': 0, 'average_words': 21.6484375, 'p95_words': 31, 'length_18_24_ratio': 0.5390625, 'single_sentence_ratio': 1.0, 'subject_start_ratio': 1.0, 'dev_loss': 1.4291233735855369, 'global_step': 1800}
2026-08-09 20:16:16,641 INFO epoch=1 step=1810/5814 loss=1.770250 grad_norm=9.6619 lr=[1.037431988185621e-06, 1.037431988185621e-06, 6.224591929113726e-07, 6.224591929113726e-07, 1.6598911810969934e-07, 1.6598911810969934e-07]
2026-08-09 20:16:19,177 INFO epoch=1 step=1820/5814 loss=1.509379 grad_norm=9.8503 lr=[1.034803172569936e-06, 1.034803172569936e-06, 6.208819035419615e-07, 6.208819035419615e-07, 1.6556850761118973e-07, 1.6556850761118973e-07]
2026-08-09 20:16:21,799 INFO epoch=1 step=1830/5814 loss=1.350888 grad_norm=11.3623 lr=[1.0321617042224747e-06, 1.0321617042224747e-06, 6.192970225334848e-07, 6.192970225334848e-07, 1.6514587267559594e-07, 1.6514587267559594e-07]
2026-08-09 20:16:27,448 INFO epoch=1 step=1840/5814 loss=1.331879 grad_norm=11.2199 lr=[1.02950766860934e-06, 1.02950766860934e-06, 6.177046011656039e-07, 6.177046011656039e-07, 1.6472122697749437e-07, 1.6472122697749437e-07]
2026-08-09 20:16:30,131 INFO epoch=1 step=1850/5814 loss=1.390941 grad_norm=9.9055 lr=[1.0268411516032545e-06, 1.0268411516032545e-06, 6.161046909619526e-07, 6.161046909619526e-07, 1.642945842565207e-07, 1.642945842565207e-07]
2026-08-09 20:16:32,707 INFO epoch=1 step=1860/5814 loss=1.624918 grad_norm=10.4788 lr=[1.0241622394807833e-06, 1.0241622394807833e-06, 6.1449734368847e-07, 6.1449734368847e-07, 1.6386595831692532e-07, 1.6386595831692532e-07]
2026-08-09 20:16:35,267 INFO epoch=1 step=1870/5814 loss=1.410158 grad_norm=9.4646 lr=[1.0214710189195421e-06, 1.0214710189195421e-06, 6.128826113517253e-07, 6.128826113517253e-07, 1.6343536302712673e-07, 1.6343536302712673e-07]
2026-08-09 20:16:37,891 INFO epoch=1 step=1880/5814 loss=1.359858 grad_norm=9.9415 lr=[1.0187675769953923e-06, 1.0187675769953923e-06, 6.112605461972353e-07, 6.112605461972353e-07, 1.6300281231926273e-07, 1.6300281231926273e-07]
2026-08-09 20:16:40,473 INFO epoch=1 step=1890/5814 loss=1.465228 grad_norm=13.1764 lr=[1.0160520011796239e-06, 1.0160520011796239e-06, 6.096312007077743e-07, 6.096312007077743e-07, 1.625683201887398e-07, 1.625683201887398e-07]
2026-08-09 20:16:43,041 INFO epoch=1 step=1900/5814 loss=1.621909 grad_norm=10.2181 lr=[1.0133243793361259e-06, 1.0133243793361259e-06, 6.079946276016755e-07, 6.079946276016755e-07, 1.6213190069378012e-07, 1.6213190069378012e-07]
2026-08-09 20:16:45,741 INFO epoch=1 step=1910/5814 loss=1.691748 grad_norm=14.0380 lr=[1.0105847997185422e-06, 1.0105847997185422e-06, 6.063508798311253e-07, 6.063508798311253e-07, 1.6169356795496674e-07, 1.6169356795496674e-07]
2026-08-09 20:16:48,223 INFO epoch=1 step=1920/5814 loss=1.428880 grad_norm=12.4634 lr=[1.0078333509674173e-06, 1.0078333509674173e-06, 6.047000105804503e-07, 6.047000105804503e-07, 1.6125333615478674e-07, 1.6125333615478674e-07]
2026-08-09 20:16:50,699 INFO epoch=1 step=1930/5814 loss=1.356034 grad_norm=10.9029 lr=[1.0050701221073277e-06, 1.0050701221073277e-06, 6.030420732643966e-07, 6.030420732643966e-07, 1.608112195371724e-07, 1.608112195371724e-07]
2026-08-09 20:16:53,843 INFO epoch=2 step=1940/5814 loss=1.550507 grad_norm=14.6537 lr=[1.0022952025440013e-06, 1.0022952025440013e-06, 6.013771215264008e-07, 6.013771215264008e-07, 1.603672324070402e-07, 1.603672324070402e-07]
2026-08-09 20:16:56,576 INFO epoch=2 step=1950/5814 loss=1.419379 grad_norm=12.0576 lr=[9.995086820614252e-07, 9.995086820614252e-07, 5.997052092368551e-07, 5.997052092368551e-07, 1.59921389129828e-07, 1.59921389129828e-07]
2026-08-09 20:16:59,048 INFO epoch=2 step=1960/5814 loss=1.545515 grad_norm=19.4563 lr=[9.967106508189398e-07, 9.967106508189398e-07, 5.980263904913639e-07, 5.980263904913639e-07, 1.5947370413103036e-07, 1.5947370413103036e-07]
2026-08-09 20:17:01,525 INFO epoch=2 step=1970/5814 loss=1.294264 grad_norm=20.1674 lr=[9.939011993483234e-07, 9.939011993483234e-07, 5.963407196089939e-07, 5.963407196089939e-07, 1.5902419189573172e-07, 1.5902419189573172e-07]
2026-08-09 20:17:04,009 INFO epoch=2 step=1980/5814 loss=1.331247 grad_norm=9.1529 lr=[9.9108041855086e-07, 9.9108041855086e-07, 5.94648251130516e-07, 5.94648251130516e-07, 1.585728669681376e-07, 1.585728669681376e-07]
2026-08-09 20:17:06,492 INFO epoch=2 step=1990/5814 loss=1.589713 grad_norm=11.6873 lr=[9.882483996944019e-07, 9.882483996944019e-07, 5.929490398166411e-07, 5.929490398166411e-07, 1.5811974395110427e-07, 1.5811974395110427e-07]
2026-08-09 20:17:08,988 INFO epoch=2 step=2000/5814 loss=1.540167 grad_norm=10.0846 lr=[9.854052344104134e-07, 9.854052344104134e-07, 5.91243140646248e-07, 5.91243140646248e-07, 1.5766483750566612e-07, 1.5766483750566612e-07]
/data1/work/MichaelYu/miniconda3/envs/florence/lib/python3.10/site-packages/transformers/generation/configuration_utils.py:453: UserWarning: `num_beams` is set to 1. However, `early_stopping` is set to `True` -- this flag is only used in beam-based generation modes. You should set `num_beams>1` or unset `early_stopping`.
  warnings.warn(
2026-08-09 20:18:50,480 INFO dev metrics: {'samples': 128, 'empty_outputs': 0, 'average_words': 22.078125, 'p95_words': 32, 'length_18_24_ratio': 0.5234375, 'single_sentence_ratio': 1.0, 'subject_start_ratio': 1.0, 'dev_loss': 1.4175157265683411, 'global_step': 2000}
2026-08-09 20:18:56,149 INFO epoch=2 step=2010/5814 loss=1.539794 grad_norm=9.4638 lr=[9.825510146910075e-07, 9.825510146910075e-07, 5.895306088146044e-07, 5.895306088146044e-07, 1.5720816235056115e-07, 1.5720816235056115e-07]
2026-08-09 20:18:58,660 INFO epoch=2 step=2020/5814 loss=1.465950 grad_norm=8.8857 lr=[9.796858328859698e-07, 9.796858328859698e-07, 5.878114997315818e-07, 5.878114997315818e-07, 1.5674973326175513e-07, 1.5674973326175513e-07]
2026-08-09 20:19:01,161 INFO epoch=2 step=2030/5814 loss=1.239415 grad_norm=10.6849 lr=[9.768097816997696e-07, 9.768097816997696e-07, 5.860858690198617e-07, 5.860858690198617e-07, 1.5628956507196311e-07, 1.5628956507196311e-07]
2026-08-09 20:19:03,681 INFO epoch=2 step=2040/5814 loss=1.462116 grad_norm=9.9116 lr=[9.739229541885607e-07, 9.739229541885607e-07, 5.843537725131364e-07, 5.843537725131364e-07, 1.558276726701697e-07, 1.558276726701697e-07]
2026-08-09 20:19:06,200 INFO epoch=2 step=2050/5814 loss=1.441549 grad_norm=9.5582 lr=[9.710254437571712e-07, 9.710254437571712e-07, 5.826152662543026e-07, 5.826152662543026e-07, 1.5536407100114737e-07, 1.5536407100114737e-07]
2026-08-09 20:19:08,797 INFO epoch=2 step=2060/5814 loss=1.413818 grad_norm=10.2203 lr=[9.6811734415608e-07, 9.6811734415608e-07, 5.80870406493648e-07, 5.80870406493648e-07, 1.5489877506497277e-07, 1.5489877506497277e-07]
2026-08-09 20:19:11,276 INFO epoch=2 step=2070/5814 loss=1.596080 grad_norm=11.5376 lr=[9.651987494783842e-07, 9.651987494783842e-07, 5.791192496870305e-07, 5.791192496870305e-07, 1.5443179991654145e-07, 1.5443179991654145e-07]
2026-08-09 20:19:13,790 INFO epoch=2 step=2080/5814 loss=1.649144 grad_norm=10.2967 lr=[9.622697541567554e-07, 9.622697541567554e-07, 5.773618524940532e-07, 5.773618524940532e-07, 1.5396316066508083e-07, 1.5396316066508083e-07]
2026-08-09 20:19:16,365 INFO epoch=2 step=2090/5814 loss=1.479862 grad_norm=60.9420 lr=[9.593304529603825e-07, 9.593304529603825e-07, 5.755982717762295e-07, 5.755982717762295e-07, 1.534928724736612e-07, 1.534928724736612e-07]
2026-08-09 20:19:18,861 INFO epoch=2 step=2100/5814 loss=1.420868 grad_norm=9.8917 lr=[9.563809409919073e-07, 9.563809409919073e-07, 5.738285645951443e-07, 5.738285645951443e-07, 1.5302095055870514e-07, 1.5302095055870514e-07]
2026-08-09 20:19:21,474 INFO epoch=2 step=2110/5814 loss=1.616692 grad_norm=11.3883 lr=[9.534213136843459e-07, 9.534213136843459e-07, 5.720527882106075e-07, 5.720527882106075e-07, 1.5254741018949533e-07, 1.5254741018949533e-07]
2026-08-09 20:19:25,318 INFO epoch=2 step=2120/5814 loss=1.514233 grad_norm=11.3422 lr=[9.504516667980019e-07, 9.504516667980019e-07, 5.702710000788011e-07, 5.702710000788011e-07, 1.5207226668768027e-07, 1.5207226668768027e-07]
2026-08-09 20:19:27,871 INFO epoch=2 step=2130/5814 loss=1.375844 grad_norm=9.4462 lr=[9.474720964173676e-07, 9.474720964173676e-07, 5.684832578504205e-07, 5.684832578504205e-07, 1.5159553542677878e-07, 1.5159553542677878e-07]
2026-08-09 20:19:30,529 INFO epoch=2 step=2140/5814 loss=1.296220 grad_norm=8.9239 lr=[9.444826989480147e-07, 9.444826989480147e-07, 5.666896193688088e-07, 5.666896193688088e-07, 1.5111723183168233e-07, 1.5111723183168233e-07]
2026-08-09 20:19:33,084 INFO epoch=2 step=2150/5814 loss=1.465355 grad_norm=11.5975 lr=[9.414835711134764e-07, 9.414835711134764e-07, 5.648901426680858e-07, 5.648901426680858e-07, 1.506373713781562e-07, 1.506373713781562e-07]
2026-08-09 20:19:35,631 INFO epoch=2 step=2160/5814 loss=1.737751 grad_norm=10.7744 lr=[9.384748099521166e-07, 9.384748099521166e-07, 5.630848859712699e-07, 5.630848859712699e-07, 1.5015596959233862e-07, 1.5015596959233862e-07]
2026-08-09 20:19:38,127 INFO epoch=2 step=2170/5814 loss=1.693161 grad_norm=11.7375 lr=[9.354565128139902e-07, 9.354565128139902e-07, 5.612739076883941e-07, 5.612739076883941e-07, 1.496730420502384e-07, 1.496730420502384e-07]
2026-08-09 20:19:40,610 INFO epoch=2 step=2180/5814 loss=1.326826 grad_norm=11.9355 lr=[9.324287773576942e-07, 9.324287773576942e-07, 5.594572664146166e-07, 5.594572664146166e-07, 1.4918860437723107e-07, 1.4918860437723107e-07]
2026-08-09 20:19:43,145 INFO epoch=2 step=2190/5814 loss=1.417737 grad_norm=12.5137 lr=[9.293917015472073e-07, 9.293917015472073e-07, 5.576350209283243e-07, 5.576350209283243e-07, 1.4870267224755314e-07, 1.4870267224755314e-07]
2026-08-09 20:19:45,621 INFO epoch=2 step=2200/5814 loss=1.676871 grad_norm=10.5891 lr=[9.263453836487199e-07, 9.263453836487199e-07, 5.558072301892319e-07, 5.558072301892319e-07, 1.4821526138379516e-07, 1.4821526138379516e-07]
/data1/work/MichaelYu/miniconda3/envs/florence/lib/python3.10/site-packages/transformers/generation/configuration_utils.py:453: UserWarning: `num_beams` is set to 1. However, `early_stopping` is set to `True` -- this flag is only used in beam-based generation modes. You should set `num_beams>1` or unset `early_stopping`.
  warnings.warn(
2026-08-09 20:21:18,639 INFO dev metrics: {'samples': 128, 'empty_outputs': 0, 'average_words': 21.515625, 'p95_words': 30, 'length_18_24_ratio': 0.5234375, 'single_sentence_ratio': 1.0, 'subject_start_ratio': 1.0, 'dev_loss': 1.4087521966603653, 'global_step': 2200}
2026-08-09 20:21:24,294 INFO epoch=2 step=2210/5814 loss=1.472101 grad_norm=10.2016 lr=[9.232899222274555e-07, 9.232899222274555e-07, 5.539739533364732e-07, 5.539739533364732e-07, 1.4772638755639287e-07, 1.4772638755639287e-07]
2026-08-09 20:21:26,770 INFO epoch=2 step=2220/5814 loss=1.348996 grad_norm=10.9892 lr=[9.202254161444808e-07, 9.202254161444808e-07, 5.521352496866885e-07, 5.521352496866885e-07, 1.4723606658311692e-07, 1.4723606658311692e-07]
2026-08-09 20:21:29,257 INFO epoch=2 step=2230/5814 loss=1.365751 grad_norm=10.3425 lr=[9.171519645535075e-07, 9.171519645535075e-07, 5.502911787321045e-07, 5.502911787321045e-07, 1.4674431432856118e-07, 1.4674431432856118e-07]
2026-08-09 20:21:31,723 INFO epoch=2 step=2240/5814 loss=1.517714 grad_norm=11.5272 lr=[9.140696668976836e-07, 9.140696668976836e-07, 5.484418001386102e-07, 5.484418001386102e-07, 1.4625114670362937e-07, 1.4625114670362937e-07]
2026-08-09 20:21:35,189 INFO epoch=2 step=2250/5814 loss=1.592501 grad_norm=10.3850 lr=[9.109786229063767e-07, 9.109786229063767e-07, 5.46587173743826e-07, 5.46587173743826e-07, 1.4575657966502027e-07, 1.4575657966502027e-07]
2026-08-09 20:21:37,656 INFO epoch=2 step=2260/5814 loss=1.274236 grad_norm=11.4832 lr=[9.078789325919463e-07, 9.078789325919463e-07, 5.447273595551677e-07, 5.447273595551677e-07, 1.452606292147114e-07, 1.452606292147114e-07]
2026-08-09 20:21:40,197 INFO epoch=2 step=2270/5814 loss=1.591363 grad_norm=10.7773 lr=[9.047706962465082e-07, 9.047706962465082e-07, 5.428624177479049e-07, 5.428624177479049e-07, 1.4476331139944128e-07, 1.4476331139944128e-07]
2026-08-09 20:21:42,745 INFO epoch=2 step=2280/5814 loss=1.351170 grad_norm=13.2129 lr=[9.016540144386903e-07, 9.016540144386903e-07, 5.409924086632141e-07, 5.409924086632141e-07, 1.4426464231019043e-07, 1.4426464231019043e-07]
2026-08-09 20:21:45,367 INFO epoch=2 step=2290/5814 loss=1.325550 grad_norm=11.0388 lr=[8.985289880103764e-07, 8.985289880103764e-07, 5.391173928062258e-07, 5.391173928062258e-07, 1.4376463808166022e-07, 1.4376463808166022e-07]
2026-08-09 20:21:48,041 INFO epoch=2 step=2300/5814 loss=1.490142 grad_norm=11.4778 lr=[8.953957180734468e-07, 8.953957180734468e-07, 5.372374308440681e-07, 5.372374308440681e-07, 1.4326331489175147e-07, 1.4326331489175147e-07]
2026-08-09 20:21:50,771 INFO epoch=2 step=2310/5814 loss=1.494158 grad_norm=8.8229 lr=[8.922543060065034e-07, 8.922543060065034e-07, 5.35352583603902e-07, 5.35352583603902e-07, 1.427606889610405e-07, 1.427606889610405e-07]
2026-08-09 20:21:53,326 INFO epoch=2 step=2320/5814 loss=1.699909 grad_norm=10.4679 lr=[8.891048534515913e-07, 8.891048534515913e-07, 5.334629120709548e-07, 5.334629120709548e-07, 1.4225677655225459e-07, 1.4225677655225459e-07]
2026-08-09 20:21:55,856 INFO epoch=2 step=2330/5814 loss=1.537675 grad_norm=12.6025 lr=[8.859474623109103e-07, 8.859474623109103e-07, 5.315684773865462e-07, 5.315684773865462e-07, 1.4175159396974562e-07, 1.4175159396974562e-07]
2026-08-09 20:21:58,351 INFO epoch=2 step=2340/5814 loss=1.537002 grad_norm=9.6721 lr=[8.827822347435172e-07, 8.827822347435172e-07, 5.296693408461103e-07, 5.296693408461103e-07, 1.4124515755896274e-07, 1.4124515755896274e-07]
2026-08-09 20:22:00,842 INFO epoch=2 step=2350/5814 loss=1.616003 grad_norm=11.9068 lr=[8.796092731620201e-07, 8.796092731620201e-07, 5.27765563897212e-07, 5.27765563897212e-07, 1.407374837059232e-07, 1.407374837059232e-07]
2026-08-09 20:22:03,316 INFO epoch=2 step=2360/5814 loss=1.340903 grad_norm=10.7023 lr=[8.764286802292655e-07, 8.764286802292655e-07, 5.258572081375593e-07, 5.258572081375593e-07, 1.4022858883668246e-07, 1.4022858883668246e-07]
2026-08-09 20:22:05,824 INFO epoch=2 step=2370/5814 loss=1.430231 grad_norm=11.4445 lr=[8.732405588550167e-07, 8.732405588550167e-07, 5.2394433531301e-07, 5.2394433531301e-07, 1.3971848941680263e-07, 1.3971848941680263e-07]
2026-08-09 20:22:08,324 INFO epoch=2 step=2380/5814 loss=1.359357 grad_norm=9.5743 lr=[8.700450121926225e-07, 8.700450121926225e-07, 5.220270073155735e-07, 5.220270073155735e-07, 1.3920720195081957e-07, 1.3920720195081957e-07]
2026-08-09 20:22:10,804 INFO epoch=2 step=2390/5814 loss=1.261792 grad_norm=9.5127 lr=[8.668421436356824e-07, 8.668421436356824e-07, 5.201052861814095e-07, 5.201052861814095e-07, 1.3869474298170918e-07, 1.3869474298170918e-07]
2026-08-09 20:22:13,277 INFO epoch=2 step=2400/5814 loss=1.560855 grad_norm=12.5297 lr=[8.636320568146986e-07, 8.636320568146986e-07, 5.181792340888192e-07, 5.181792340888192e-07, 1.3818112909035176e-07, 1.3818112909035176e-07]
/data1/work/MichaelYu/miniconda3/envs/florence/lib/python3.10/site-packages/transformers/generation/configuration_utils.py:453: UserWarning: `num_beams` is set to 1. However, `early_stopping` is set to `True` -- this flag is only used in beam-based generation modes. You should set `num_beams>1` or unset `early_stopping`.
  warnings.warn(
2026-08-09 20:23:50,592 INFO dev metrics: {'samples': 128, 'empty_outputs': 0, 'average_words': 21.3515625, 'p95_words': 31, 'length_18_24_ratio': 0.4921875, 'single_sentence_ratio': 1.0, 'subject_start_ratio': 1.0, 'dev_loss': 1.4014728060373636, 'global_step': 2400}
2026-08-09 20:23:56,844 INFO epoch=2 step=2410/5814 loss=1.506526 grad_norm=9.9558 lr=[8.604148555937241e-07, 8.604148555937241e-07, 5.162489133562344e-07, 5.162489133562344e-07, 1.3766637689499584e-07, 1.3766637689499584e-07]
2026-08-09 20:23:59,411 INFO epoch=2 step=2420/5814 loss=1.538751 grad_norm=12.6208 lr=[8.571906440670023e-07, 8.571906440670023e-07, 5.143143864402014e-07, 5.143143864402014e-07, 1.3715050305072036e-07, 1.3715050305072036e-07]
2026-08-09 20:24:02,100 INFO epoch=2 step=2430/5814 loss=1.437968 grad_norm=11.4070 lr=[8.539595265555991e-07, 8.539595265555991e-07, 5.123757159333594e-07, 5.123757159333594e-07, 1.3663352424889584e-07, 1.3663352424889584e-07]
2026-08-09 20:24:05,978 INFO epoch=2 step=2440/5814 loss=1.501551 grad_norm=11.3164 lr=[8.507216076040266e-07, 8.507216076040266e-07, 5.10432964562416e-07, 5.10432964562416e-07, 1.3611545721664423e-07, 1.3611545721664423e-07]
2026-08-09 20:24:08,460 INFO epoch=2 step=2450/5814 loss=1.532098 grad_norm=10.1106 lr=[8.474769919768611e-07, 8.474769919768611e-07, 5.084861951861166e-07, 5.084861951861166e-07, 1.3559631871629776e-07, 1.3559631871629776e-07]
2026-08-09 20:24:10,958 INFO epoch=2 step=2460/5814 loss=1.542882 grad_norm=9.5403 lr=[8.442257846553537e-07, 8.442257846553537e-07, 5.065354707932121e-07, 5.065354707932121e-07, 1.3507612554485658e-07, 1.3507612554485658e-07]
2026-08-09 20:24:13,536 INFO epoch=2 step=2470/5814 loss=1.625556 grad_norm=10.8392 lr=[8.409680908340332e-07, 8.409680908340332e-07, 5.045808545004199e-07, 5.045808545004199e-07, 1.3455489453344527e-07, 1.3455489453344527e-07]
2026-08-09 20:24:16,014 INFO epoch=2 step=2480/5814 loss=1.273402 grad_norm=10.9973 lr=[8.377040159173023e-07, 8.377040159173023e-07, 5.026224095503813e-07, 5.026224095503813e-07, 1.3403264254676834e-07, 1.3403264254676834e-07]
2026-08-09 20:24:18,510 INFO epoch=2 step=2490/5814 loss=1.345058 grad_norm=11.2295 lr=[8.344336655160273e-07, 8.344336655160273e-07, 5.006601993096163e-07, 5.006601993096163e-07, 1.3350938648256436e-07, 1.3350938648256436e-07]
2026-08-09 20:24:21,027 INFO epoch=2 step=2500/5814 loss=1.605645 grad_norm=9.9923 lr=[8.311571454441221e-07, 8.311571454441221e-07, 4.986942872664732e-07, 4.986942872664732e-07, 1.3298514327105953e-07, 1.3298514327105953e-07]
2026-08-09 20:24:23,532 INFO epoch=2 step=2510/5814 loss=1.335060 grad_norm=12.4522 lr=[8.27874561715122e-07, 8.27874561715122e-07, 4.967247370290731e-07, 4.967247370290731e-07, 1.324599298744195e-07, 1.324599298744195e-07]
2026-08-09 20:24:26,033 INFO epoch=2 step=2520/5814 loss=1.293245 grad_norm=11.3700 lr=[8.245860205387561e-07, 8.245860205387561e-07, 4.947516123232536e-07, 4.947516123232536e-07, 1.3193376328620095e-07, 1.3193376328620095e-07]
2026-08-09 20:24:28,531 INFO epoch=2 step=2530/5814 loss=1.480475 grad_norm=10.6910 lr=[8.212916283175103e-07, 8.212916283175103e-07, 4.927749769905062e-07, 4.927749769905062e-07, 1.3140666053080163e-07, 1.3140666053080163e-07]
2026-08-09 20:24:31,131 INFO epoch=2 step=2540/5814 loss=1.520004 grad_norm=11.0250 lr=[8.179914916431827e-07, 8.179914916431827e-07, 4.907948949859096e-07, 4.907948949859096e-07, 1.3087863866290921e-07, 1.3087863866290921e-07]
2026-08-09 20:24:33,765 INFO epoch=2 step=2550/5814 loss=1.189007 grad_norm=9.2507 lr=[8.146857172934375e-07, 8.146857172934375e-07, 4.888114303760625e-07, 4.888114303760625e-07, 1.3034971476694997e-07, 1.3034971476694997e-07]
2026-08-09 20:24:36,336 INFO epoch=2 step=2560/5814 loss=1.294867 grad_norm=8.8518 lr=[8.113744122283484e-07, 8.113744122283484e-07, 4.868246473370091e-07, 4.868246473370091e-07, 1.2981990595653573e-07, 1.2981990595653573e-07]
2026-08-09 20:24:39,021 INFO epoch=2 step=2570/5814 loss=1.777205 grad_norm=10.5893 lr=[8.08057683586938e-07, 8.08057683586938e-07, 4.848346101521628e-07, 4.848346101521628e-07, 1.2928922937391007e-07, 1.2928922937391007e-07]
2026-08-09 20:24:41,551 INFO epoch=2 step=2580/5814 loss=1.586881 grad_norm=12.4238 lr=[8.047356386837123e-07, 8.047356386837123e-07, 4.828413832102274e-07, 4.828413832102274e-07, 1.2875770218939394e-07, 1.2875770218939394e-07]
2026-08-09 20:24:44,023 INFO epoch=2 step=2590/5814 loss=1.569662 grad_norm=10.6586 lr=[8.014083850051869e-07, 8.014083850051869e-07, 4.808450310031121e-07, 4.808450310031121e-07, 1.282253416008299e-07, 1.282253416008299e-07]
2026-08-09 20:24:46,503 INFO epoch=2 step=2600/5814 loss=1.426393 grad_norm=10.0193 lr=[7.980760302064111e-07, 7.980760302064111e-07, 4.788456181238467e-07, 4.788456181238467e-07, 1.2769216483302576e-07, 1.2769216483302576e-07]
/data1/work/MichaelYu/miniconda3/envs/florence/lib/python3.10/site-packages/transformers/generation/configuration_utils.py:453: UserWarning: `num_beams` is set to 1. However, `early_stopping` is set to `True` -- this flag is only used in beam-based generation modes. You should set `num_beams>1` or unset `early_stopping`.
  warnings.warn(
2026-08-09 20:26:17,611 INFO dev metrics: {'samples': 128, 'empty_outputs': 0, 'average_words': 21.984375, 'p95_words': 32, 'length_18_24_ratio': 0.5078125, 'single_sentence_ratio': 1.0, 'subject_start_ratio': 1.0, 'dev_loss': 1.3985088445062095, 'global_step': 2600}
2026-08-09 20:26:23,429 INFO epoch=2 step=2610/5814 loss=1.512528 grad_norm=13.8641 lr=[7.947386821074825e-07, 7.947386821074825e-07, 4.768432092644895e-07, 4.768432092644895e-07, 1.2715818913719719e-07, 1.2715818913719719e-07]
2026-08-09 20:26:25,970 INFO epoch=2 step=2620/5814 loss=1.328684 grad_norm=23.7799 lr=[7.913964486900604e-07, 7.913964486900604e-07, 4.748378692140362e-07, 4.748378692140362e-07, 1.2662343179040965e-07, 1.2662343179040965e-07]
2026-08-09 20:26:28,473 INFO epoch=2 step=2630/5814 loss=1.667193 grad_norm=13.6017 lr=[7.880494380938709e-07, 7.880494380938709e-07, 4.7282966285632254e-07, 4.7282966285632254e-07, 1.2608791009501934e-07, 1.2608791009501934e-07]
2026-08-09 20:26:31,667 INFO epoch=2 step=2640/5814 loss=1.446331 grad_norm=9.6804 lr=[7.846977586132082e-07, 7.846977586132082e-07, 4.708186551679249e-07, 4.708186551679249e-07, 1.255516413781133e-07, 1.255516413781133e-07]
2026-08-09 20:26:34,287 INFO epoch=2 step=2650/5814 loss=1.299679 grad_norm=12.5374 lr=[7.813415186934305e-07, 7.813415186934305e-07, 4.6880491121605824e-07, 4.6880491121605824e-07, 1.2501464299094886e-07, 1.2501464299094886e-07]
2026-08-09 20:26:36,899 INFO epoch=2 step=2660/5814 loss=1.369427 grad_norm=12.1627 lr=[7.779808269274521e-07, 7.779808269274521e-07, 4.667884961564712e-07, 4.667884961564712e-07, 1.244769323083923e-07, 1.244769323083923e-07]
2026-08-09 20:26:39,488 INFO epoch=2 step=2670/5814 loss=1.265288 grad_norm=9.9035 lr=[7.74615792052228e-07, 7.74615792052228e-07, 4.647694752313368e-07, 4.647694752313368e-07, 1.2393852672835647e-07, 1.2393852672835647e-07]
2026-08-09 20:26:42,035 INFO epoch=2 step=2680/5814 loss=1.269441 grad_norm=12.7798 lr=[7.712465229452382e-07, 7.712465229452382e-07, 4.6274791376714285e-07, 4.6274791376714285e-07, 1.2339944367123809e-07, 1.2339944367123809e-07]
2026-08-09 20:26:44,680 INFO epoch=2 step=2690/5814 loss=1.429750 grad_norm=19.0143 lr=[7.678731286209624e-07, 7.678731286209624e-07, 4.6072387717257745e-07, 4.6072387717257745e-07, 1.2285970057935397e-07, 1.2285970057935397e-07]
2026-08-09 20:26:47,258 INFO epoch=2 step=2700/5814 loss=1.429292 grad_norm=13.5220 lr=[7.644957182273543e-07, 7.644957182273543e-07, 4.586974309364126e-07, 4.586974309364126e-07, 1.2231931491637668e-07, 1.2231931491637668e-07]
2026-08-09 20:26:49,828 INFO epoch=2 step=2710/5814 loss=1.549031 grad_norm=14.1735 lr=[7.611144010423098e-07, 7.611144010423098e-07, 4.5666864062538583e-07, 4.5666864062538583e-07, 1.2177830416676955e-07, 1.2177830416676955e-07]
2026-08-09 20:26:52,321 INFO epoch=2 step=2720/5814 loss=1.480313 grad_norm=10.0772 lr=[7.577292864701308e-07, 7.577292864701308e-07, 4.5463757188207844e-07, 4.5463757188207844e-07, 1.212366858352209e-07, 1.212366858352209e-07]
2026-08-09 20:26:54,799 INFO epoch=2 step=2730/5814 loss=1.776926 grad_norm=13.3170 lr=[7.543404840379854e-07, 7.543404840379854e-07, 4.5260429042279127e-07, 4.5260429042279127e-07, 1.2069447744607766e-07, 1.2069447744607766e-07]
2026-08-09 20:26:57,304 INFO epoch=2 step=2740/5814 loss=1.592209 grad_norm=13.4967 lr=[7.509481033923653e-07, 7.509481033923653e-07, 4.5056886203541915e-07, 4.5056886203541915e-07, 1.2015169654277843e-07, 1.2015169654277843e-07]
2026-08-09 20:26:59,881 INFO epoch=2 step=2750/5814 loss=1.524459 grad_norm=11.1360 lr=[7.475522542955363e-07, 7.475522542955363e-07, 4.4853135257732176e-07, 4.4853135257732176e-07, 1.196083606872858e-07, 1.196083606872858e-07]
2026-08-09 20:27:02,423 INFO epoch=2 step=2760/5814 loss=1.343904 grad_norm=9.3535 lr=[7.441530466219882e-07, 7.441530466219882e-07, 4.4649182797319287e-07, 4.4649182797319287e-07, 1.1906448745951809e-07, 1.1906448745951809e-07]
2026-08-09 20:27:04,907 INFO epoch=2 step=2770/5814 loss=1.649850 grad_norm=26.8679 lr=[7.40750590354879e-07, 7.40750590354879e-07, 4.444503542129274e-07, 4.444503542129274e-07, 1.1852009445678064e-07, 1.1852009445678064e-07]
2026-08-09 20:27:07,397 INFO epoch=2 step=2780/5814 loss=1.562449 grad_norm=11.2449 lr=[7.373449955824773e-07, 7.373449955824773e-07, 4.4240699734948634e-07, 4.4240699734948634e-07, 1.1797519929319634e-07, 1.1797519929319634e-07]
2026-08-09 20:27:09,874 INFO epoch=2 step=2790/5814 loss=1.518551 grad_norm=13.2177 lr=[7.339363724945987e-07, 7.339363724945987e-07, 4.403618234967592e-07, 4.403618234967592e-07, 1.1742981959913578e-07, 1.1742981959913578e-07]
2026-08-09 20:27:12,349 INFO epoch=2 step=2800/5814 loss=1.206069 grad_norm=10.7594 lr=[7.305248313790425e-07, 7.305248313790425e-07, 4.383148988274255e-07, 4.383148988274255e-07, 1.1688397302064678e-07, 1.1688397302064678e-07]
/data1/work/MichaelYu/miniconda3/envs/florence/lib/python3.10/site-packages/transformers/generation/configuration_utils.py:453: UserWarning: `num_beams` is set to 1. However, `early_stopping` is set to `True` -- this flag is only used in beam-based generation modes. You should set `num_beams>1` or unset `early_stopping`.
  warnings.warn(
2026-08-09 20:28:56,151 INFO dev metrics: {'samples': 128, 'empty_outputs': 0, 'average_words': 21.765625, 'p95_words': 31, 'length_18_24_ratio': 0.5078125, 'single_sentence_ratio': 1.0, 'subject_start_ratio': 1.0, 'dev_loss': 1.3896232713062557, 'global_step': 2800}
2026-08-09 20:29:01,832 INFO epoch=2 step=2810/5814 loss=1.321573 grad_norm=12.7510 lr=[7.271104826180217e-07, 7.271104826180217e-07, 4.36266289570813e-07, 4.36266289570813e-07, 1.1633767721888345e-07, 1.1633767721888345e-07]
2026-08-09 20:29:04,382 INFO epoch=2 step=2820/5814 loss=1.571889 grad_norm=10.9242 lr=[7.236934366845925e-07, 7.236934366845925e-07, 4.342160620107555e-07, 4.342160620107555e-07, 1.157909498695348e-07, 1.157909498695348e-07]
2026-08-09 20:29:09,765 INFO epoch=2 step=2830/5814 loss=1.276340 grad_norm=18.3785 lr=[7.202738041390793e-07, 7.202738041390793e-07, 4.3216428248344754e-07, 4.3216428248344754e-07, 1.1524380866225267e-07, 1.1524380866225267e-07]
2026-08-09 20:29:12,232 INFO epoch=2 step=2840/5814 loss=1.424133 grad_norm=12.1302 lr=[7.168516956254982e-07, 7.168516956254982e-07, 4.301110173752989e-07, 4.301110173752989e-07, 1.146962713000797e-07, 1.146962713000797e-07]
2026-08-09 20:29:14,719 INFO epoch=2 step=2850/5814 loss=1.693577 grad_norm=9.9714 lr=[7.134272218679755e-07, 7.134272218679755e-07, 4.280563331207853e-07, 4.280563331207853e-07, 1.1414835549887607e-07, 1.1414835549887607e-07]
2026-08-09 20:29:17,191 INFO epoch=2 step=2860/5814 loss=1.301448 grad_norm=14.8462 lr=[7.100004936671674e-07, 7.100004936671674e-07, 4.260002962003004e-07, 4.260002962003004e-07, 1.1360007898674677e-07, 1.1360007898674677e-07]
2026-08-09 20:29:19,681 INFO epoch=2 step=2870/5814 loss=1.559127 grad_norm=12.5471 lr=[7.065716218966732e-07, 7.065716218966732e-07, 4.239429731380039e-07, 4.239429731380039e-07, 1.1305145950346771e-07, 1.1305145950346771e-07]
2026-08-09 20:29:22,151 INFO epoch=2 step=2880/5814 loss=1.409426 grad_norm=9.9538 lr=[7.031407174994485e-07, 7.031407174994485e-07, 4.218844304996691e-07, 4.218844304996691e-07, 1.1250251479991175e-07, 1.1250251479991175e-07]
2026-08-09 20:29:24,621 INFO epoch=2 step=2890/5814 loss=1.439887 grad_norm=11.8841 lr=[6.997078914842159e-07, 6.997078914842159e-07, 4.1982473489052955e-07, 4.1982473489052955e-07, 1.1195326263747453e-07, 1.1195326263747453e-07]
2026-08-09 20:29:27,175 INFO epoch=2 step=2900/5814 loss=1.688179 grad_norm=12.9865 lr=[6.962732549218726e-07, 6.962732549218726e-07, 4.1776395295312355e-07, 4.1776395295312355e-07, 1.114037207874996e-07, 1.114037207874996e-07]
2026-08-09 20:29:29,791 INFO epoch=2 step=2910/5814 loss=1.166743 grad_norm=9.2240 lr=[6.928369189418972e-07, 6.928369189418972e-07, 4.157021513651383e-07, 4.157021513651383e-07, 1.1085390703070354e-07, 1.1085390703070354e-07]
2026-08-09 20:29:32,353 INFO epoch=2 step=2920/5814 loss=1.278860 grad_norm=10.4342 lr=[6.893989947287539e-07, 6.893989947287539e-07, 4.136393968372523e-07, 4.136393968372523e-07, 1.103038391566006e-07, 1.103038391566006e-07]
2026-08-09 20:29:34,896 INFO epoch=2 step=2930/5814 loss=1.187284 grad_norm=8.6734 lr=[6.85959593518295e-07, 6.85959593518295e-07, 4.11575756110977e-07, 4.11575756110977e-07, 1.0975353496292718e-07, 1.0975353496292718e-07]
2026-08-09 20:29:37,446 INFO epoch=2 step=2940/5814 loss=1.260771 grad_norm=9.5636 lr=[6.825188265941618e-07, 6.825188265941618e-07, 4.0951129595649703e-07, 4.0951129595649703e-07, 1.0920301225506587e-07, 1.0920301225506587e-07]
2026-08-09 20:29:39,987 INFO epoch=2 step=2950/5814 loss=1.383155 grad_norm=14.1479 lr=[6.790768052841839e-07, 6.790768052841839e-07, 4.0744608317051037e-07, 4.0744608317051037e-07, 1.0865228884546942e-07, 1.0865228884546942e-07]
2026-08-09 20:29:42,460 INFO epoch=2 step=2960/5814 loss=1.472377 grad_norm=10.3749 lr=[6.756336409567776e-07, 6.756336409567776e-07, 4.0538018457406655e-07, 4.0538018457406655e-07, 1.0810138255308441e-07, 1.0810138255308441e-07]
2026-08-09 20:29:44,925 INFO epoch=2 step=2970/5814 loss=1.352706 grad_norm=9.4156 lr=[6.721894450173414e-07, 6.721894450173414e-07, 4.033136670104049e-07, 4.033136670104049e-07, 1.0755031120277463e-07, 1.0755031120277463e-07]
2026-08-09 20:29:47,396 INFO epoch=2 step=2980/5814 loss=1.343441 grad_norm=11.7980 lr=[6.68744328904653e-07, 6.68744328904653e-07, 4.012465973427918e-07, 4.012465973427918e-07, 1.0699909262474447e-07, 1.0699909262474447e-07]
2026-08-09 20:29:49,882 INFO epoch=2 step=2990/5814 loss=1.408903 grad_norm=12.2140 lr=[6.652984040872622e-07, 6.652984040872622e-07, 3.991790424523573e-07, 3.991790424523573e-07, 1.0644774465396194e-07, 1.0644774465396194e-07]
2026-08-09 20:29:52,370 INFO epoch=2 step=3000/5814 loss=1.238803 grad_norm=12.1037 lr=[6.618517820598848e-07, 6.618517820598848e-07, 3.9711106923593086e-07, 3.9711106923593086e-07, 1.0589628512958155e-07, 1.0589628512958155e-07]
/data1/work/MichaelYu/miniconda3/envs/florence/lib/python3.10/site-packages/transformers/generation/configuration_utils.py:453: UserWarning: `num_beams` is set to 1. However, `early_stopping` is set to `True` -- this flag is only used in beam-based generation modes. You should set `num_beams>1` or unset `early_stopping`.
  warnings.warn(
2026-08-09 20:31:22,699 INFO dev metrics: {'samples': 128, 'empty_outputs': 0, 'average_words': 21.4453125, 'p95_words': 30, 'length_18_24_ratio': 0.5, 'single_sentence_ratio': 1.0, 'subject_start_ratio': 1.0, 'dev_loss': 1.3843418199997632, 'global_step': 3000}
2026-08-09 20:31:28,603 INFO epoch=2 step=3010/5814 loss=1.601140 grad_norm=11.7294 lr=[6.584045743397957e-07, 6.584045743397957e-07, 3.950427446038774e-07, 3.950427446038774e-07, 1.053447318943673e-07, 1.053447318943673e-07]
2026-08-09 20:31:31,231 INFO epoch=2 step=3020/5814 loss=1.528412 grad_norm=12.6965 lr=[6.549568924632201e-07, 6.549568924632201e-07, 3.92974135477932e-07, 3.92974135477932e-07, 1.0479310279411519e-07, 1.0479310279411519e-07]
2026-08-09 20:31:34,132 INFO epoch=2 step=3030/5814 loss=1.170111 grad_norm=9.7266 lr=[6.515088479817243e-07, 6.515088479817243e-07, 3.9090530878903456e-07, 3.9090530878903456e-07, 1.0424141567707588e-07, 1.0424141567707588e-07]
2026-08-09 20:31:36,689 INFO epoch=2 step=3040/5814 loss=1.351135 grad_norm=20.8365 lr=[6.480605524586073e-07, 6.480605524586073e-07, 3.888363314751643e-07, 3.888363314751643e-07, 1.0368968839337715e-07, 1.0368968839337715e-07]
2026-08-09 20:31:39,289 INFO epoch=2 step=3050/5814 loss=1.388475 grad_norm=8.8458 lr=[6.446121174652908e-07, 6.446121174652908e-07, 3.867672704791745e-07, 3.867672704791745e-07, 1.0313793879444653e-07, 1.0313793879444653e-07]
2026-08-09 20:31:41,870 INFO epoch=2 step=3060/5814 loss=1.646373 grad_norm=11.3006 lr=[6.411636545777086e-07, 6.411636545777086e-07, 3.8469819274662514e-07, 3.8469819274662514e-07, 1.0258618473243337e-07, 1.0258618473243337e-07]
2026-08-09 20:31:44,425 INFO epoch=2 step=3070/5814 loss=1.472537 grad_norm=10.4739 lr=[6.377152753726974e-07, 6.377152753726974e-07, 3.826291652236184e-07, 3.826291652236184e-07, 1.0203444405963158e-07, 1.0203444405963158e-07]
2026-08-09 20:31:46,913 INFO epoch=2 step=3080/5814 loss=1.585650 grad_norm=9.4132 lr=[6.342670914243864e-07, 6.342670914243864e-07, 3.805602548546319e-07, 3.805602548546319e-07, 1.0148273462790183e-07, 1.0148273462790183e-07]
2026-08-09 20:31:49,394 INFO epoch=2 step=3090/5814 loss=1.673234 grad_norm=9.9533 lr=[6.308192143005871e-07, 6.308192143005871e-07, 3.784915285803523e-07, 3.784915285803523e-07, 1.0093107428809393e-07, 1.0093107428809393e-07]
2026-08-09 20:31:51,880 INFO epoch=2 step=3100/5814 loss=1.341249 grad_norm=11.0572 lr=[6.27371755559183e-07, 6.27371755559183e-07, 3.7642305333550985e-07, 3.7642305333550985e-07, 1.0037948088946928e-07, 1.0037948088946928e-07]
2026-08-09 20:31:54,364 INFO epoch=2 step=3110/5814 loss=1.448813 grad_norm=12.1155 lr=[6.239248267445217e-07, 6.239248267445217e-07, 3.7435489604671295e-07, 3.7435489604671295e-07, 9.982797227912345e-08, 9.982797227912345e-08]
2026-08-09 20:31:56,843 INFO epoch=2 step=3120/5814 loss=1.384087 grad_norm=11.7221 lr=[6.204785393838037e-07, 6.204785393838037e-07, 3.722871236302822e-07, 3.722871236302822e-07, 9.927656630140857e-08, 9.927656630140857e-08]
2026-08-09 20:31:59,333 INFO epoch=2 step=3130/5814 loss=1.327518 grad_norm=11.6151 lr=[6.170330049834752e-07, 6.170330049834752e-07, 3.702198029900851e-07, 3.702198029900851e-07, 9.872528079735603e-08, 9.872528079735603e-08]
2026-08-09 20:32:01,934 INFO epoch=2 step=3140/5814 loss=1.507522 grad_norm=11.0154 lr=[6.135883350256204e-07, 6.135883350256204e-07, 3.681530010153722e-07, 3.681530010153722e-07, 9.817413360409925e-08, 9.817413360409925e-08]
2026-08-09 20:32:04,433 INFO epoch=2 step=3150/5814 loss=1.643972 grad_norm=10.3410 lr=[6.101446409643537e-07, 6.101446409643537e-07, 3.660867845786122e-07, 3.660867845786122e-07, 9.762314255429657e-08, 9.762314255429657e-08]
2026-08-09 20:32:06,914 INFO epoch=2 step=3160/5814 loss=1.573659 grad_norm=10.6099 lr=[6.067020342222136e-07, 6.067020342222136e-07, 3.640212205333282e-07, 3.640212205333282e-07, 9.707232547555418e-08, 9.707232547555418e-08]
2026-08-09 20:32:09,500 INFO epoch=2 step=3170/5814 loss=1.132969 grad_norm=13.3843 lr=[6.032606261865584e-07, 6.032606261865584e-07, 3.6195637571193503e-07, 3.6195637571193503e-07, 9.652170018984933e-08, 9.652170018984933e-08]
2026-08-09 20:32:11,970 INFO epoch=2 step=3180/5814 loss=1.332690 grad_norm=9.9404 lr=[5.99820528205961e-07, 5.99820528205961e-07, 3.5989231692357663e-07, 3.5989231692357663e-07, 9.597128451295376e-08, 9.597128451295376e-08]
2026-08-09 20:32:14,441 INFO epoch=2 step=3190/5814 loss=1.237905 grad_norm=9.8606 lr=[5.963818515866072e-07, 5.963818515866072e-07, 3.578291109519643e-07, 3.578291109519643e-07, 9.542109625385715e-08, 9.542109625385715e-08]
2026-08-09 20:32:16,926 INFO epoch=2 step=3200/5814 loss=1.427468 grad_norm=10.0436 lr=[5.929447075886938e-07, 5.929447075886938e-07, 3.5576682455321626e-07, 3.5576682455321626e-07, 9.4871153214191e-08, 9.4871153214191e-08]
/data1/work/MichaelYu/miniconda3/envs/florence/lib/python3.10/site-packages/transformers/generation/configuration_utils.py:453: UserWarning: `num_beams` is set to 1. However, `early_stopping` is set to `True` -- this flag is only used in beam-based generation modes. You should set `num_beams>1` or unset `early_stopping`.
  warnings.warn(
2026-08-09 20:33:48,692 INFO dev metrics: {'samples': 128, 'empty_outputs': 0, 'average_words': 21.4296875, 'p95_words': 30, 'length_18_24_ratio': 0.484375, 'single_sentence_ratio': 1.0, 'subject_start_ratio': 1.0, 'dev_loss': 1.3848642542289784, 'global_step': 3200}
2026-08-09 20:33:54,397 INFO epoch=2 step=3210/5814 loss=1.316478 grad_norm=10.0336 lr=[5.895092074228289e-07, 5.895092074228289e-07, 3.537055244536973e-07, 3.537055244536973e-07, 9.43214731876526e-08, 9.43214731876526e-08]
2026-08-09 20:33:56,970 INFO epoch=2 step=3220/5814 loss=1.300467 grad_norm=9.9652 lr=[5.860754622464329e-07, 5.860754622464329e-07, 3.516452773478597e-07, 3.516452773478597e-07, 9.377207395942926e-08, 9.377207395942926e-08]
2026-08-09 20:33:59,450 INFO epoch=2 step=3230/5814 loss=1.525860 grad_norm=12.4307 lr=[5.826435831601437e-07, 5.826435831601437e-07, 3.495861498960862e-07, 3.495861498960862e-07, 9.322297330562298e-08, 9.322297330562298e-08]
2026-08-09 20:34:02,560 INFO epoch=2 step=3240/5814 loss=1.405133 grad_norm=12.0894 lr=[5.792136812042202e-07, 5.792136812042202e-07, 3.4752820872253213e-07, 3.4752820872253213e-07, 9.267418899267523e-08, 9.267418899267523e-08]
2026-08-09 20:34:05,089 INFO epoch=2 step=3250/5814 loss=1.599202 grad_norm=11.0151 lr=[5.757858673549504e-07, 5.757858673549504e-07, 3.4547152041297016e-07, 3.4547152041297016e-07, 9.212573877679204e-08, 9.212573877679204e-08]
2026-08-09 20:34:07,566 INFO epoch=2 step=3260/5814 loss=1.342681 grad_norm=11.3406 lr=[5.723602525210599e-07, 5.723602525210599e-07, 3.4341615151263593e-07, 3.4341615151263593e-07, 9.157764040336958e-08, 9.157764040336958e-08]
2026-08-09 20:34:10,050 INFO epoch=2 step=3270/5814 loss=1.344804 grad_norm=9.9523 lr=[5.689369475401252e-07, 5.689369475401252e-07, 3.4136216852407507e-07, 3.4136216852407507e-07, 9.102991160642001e-08, 9.102991160642001e-08]
2026-08-09 20:34:12,527 INFO epoch=2 step=3280/5814 loss=1.412379 grad_norm=12.6972 lr=[5.655160631749852e-07, 5.655160631749852e-07, 3.393096379049911e-07, 3.393096379049911e-07, 9.048257010799762e-08, 9.048257010799762e-08]
2026-08-09 20:34:14,994 INFO epoch=2 step=3290/5814 loss=1.611869 grad_norm=15.3448 lr=[5.620977101101588e-07, 5.620977101101588e-07, 3.3725862606609523e-07, 3.3725862606609523e-07, 8.99356336176254e-08, 8.99356336176254e-08]
2026-08-09 20:34:17,470 INFO epoch=2 step=3300/5814 loss=1.362009 grad_norm=11.8216 lr=[5.586819989482639e-07, 5.586819989482639e-07, 3.3520919936895834e-07, 3.3520919936895834e-07, 8.938911983172222e-08, 8.938911983172222e-08]
2026-08-09 20:34:19,974 INFO epoch=2 step=3310/5814 loss=1.409353 grad_norm=13.9608 lr=[5.552690402064371e-07, 5.552690402064371e-07, 3.331614241238623e-07, 3.331614241238623e-07, 8.884304643302993e-08, 8.884304643302993e-08]
2026-08-09 20:34:22,725 INFO epoch=2 step=3320/5814 loss=1.506145 grad_norm=17.8594 lr=[5.518589443127604e-07, 5.518589443127604e-07, 3.311153665876562e-07, 3.311153665876562e-07, 8.829743109004164e-08, 8.829743109004164e-08]
2026-08-09 20:34:25,361 INFO epoch=2 step=3330/5814 loss=1.555501 grad_norm=11.0975 lr=[5.484518216026857e-07, 5.484518216026857e-07, 3.290710929616114e-07, 3.290710929616114e-07, 8.77522914564297e-08, 8.77522914564297e-08]
2026-08-09 20:34:27,984 INFO epoch=2 step=3340/5814 loss=1.564999 grad_norm=12.5515 lr=[5.450477823154664e-07, 5.450477823154664e-07, 3.270286693892798e-07, 3.270286693892798e-07, 8.720764517047461e-08, 8.720764517047461e-08]
2026-08-09 20:34:30,625 INFO epoch=2 step=3350/5814 loss=1.148959 grad_norm=11.5770 lr=[5.416469365905902e-07, 5.416469365905902e-07, 3.249881619543541e-07, 3.249881619543541e-07, 8.666350985449443e-08, 8.666350985449443e-08]
2026-08-09 20:34:33,228 INFO epoch=2 step=3360/5814 loss=1.333902 grad_norm=8.8814 lr=[5.382493944642154e-07, 5.382493944642154e-07, 3.2294963667852916e-07, 3.2294963667852916e-07, 8.611990311427444e-08, 8.611990311427444e-08]
2026-08-09 20:34:35,775 INFO epoch=2 step=3370/5814 loss=1.640053 grad_norm=14.5052 lr=[5.348552658656102e-07, 5.348552658656102e-07, 3.209131595193661e-07, 3.209131595193661e-07, 8.557684253849762e-08, 8.557684253849762e-08]
2026-08-09 20:34:38,311 INFO epoch=2 step=3380/5814 loss=1.336186 grad_norm=10.0701 lr=[5.314646606135968e-07, 5.314646606135968e-07, 3.1887879636815814e-07, 3.1887879636815814e-07, 8.50343456981755e-08, 8.50343456981755e-08]
2026-08-09 20:34:40,783 INFO epoch=2 step=3390/5814 loss=1.393002 grad_norm=10.8583 lr=[5.28077688412998e-07, 5.28077688412998e-07, 3.168466130477988e-07, 3.168466130477988e-07, 8.449243014607967e-08, 8.449243014607967e-08]
2026-08-09 20:34:43,269 INFO epoch=2 step=3400/5814 loss=1.608077 grad_norm=9.7061 lr=[5.246944588510862e-07, 5.246944588510862e-07, 3.148166753106517e-07, 3.148166753106517e-07, 8.395111341617378e-08, 8.395111341617378e-08]
/data1/work/MichaelYu/miniconda3/envs/florence/lib/python3.10/site-packages/transformers/generation/configuration_utils.py:453: UserWarning: `num_beams` is set to 1. However, `early_stopping` is set to `True` -- this flag is only used in beam-based generation modes. You should set `num_beams>1` or unset `early_stopping`.
  warnings.warn(
2026-08-09 20:36:14,042 INFO dev metrics: {'samples': 128, 'empty_outputs': 0, 'average_words': 21.2421875, 'p95_words': 30, 'length_18_24_ratio': 0.484375, 'single_sentence_ratio': 1.0, 'subject_start_ratio': 1.0, 'dev_loss': 1.3792509840657987, 'global_step': 3400}
2026-08-09 20:36:19,597 INFO epoch=2 step=3410/5814 loss=1.273110 grad_norm=13.3633 lr=[5.213150813940396e-07, 5.213150813940396e-07, 3.127890488364237e-07, 3.127890488364237e-07, 8.341041302304632e-08, 8.341041302304632e-08]
2026-08-09 20:36:22,068 INFO epoch=2 step=3420/5814 loss=1.160139 grad_norm=10.0557 lr=[5.179396653833993e-07, 5.179396653833993e-07, 3.1076379923003957e-07, 3.1076379923003957e-07, 8.287034646134388e-08, 8.287034646134388e-08]
2026-08-09 20:36:24,535 INFO epoch=2 step=3430/5814 loss=1.280644 grad_norm=13.8385 lr=[5.145683200325318e-07, 5.145683200325318e-07, 3.08740992019519e-07, 3.08740992019519e-07, 8.233093120520507e-08, 8.233093120520507e-08]
2026-08-09 20:36:30,223 INFO epoch=2 step=3440/5814 loss=1.338217 grad_norm=11.4971 lr=[5.112011544230947e-07, 5.112011544230947e-07, 3.0672069265385677e-07, 3.0672069265385677e-07, 8.179218470769513e-08, 8.179218470769513e-08]
2026-08-09 20:36:32,737 INFO epoch=2 step=3450/5814 loss=1.491158 grad_norm=12.9919 lr=[5.078382775015088e-07, 5.078382775015088e-07, 3.0470296650090525e-07, 3.0470296650090525e-07, 8.125412440024139e-08, 8.125412440024139e-08]
2026-08-09 20:36:35,365 INFO epoch=2 step=3460/5814 loss=1.574671 grad_norm=11.0497 lr=[5.044797980754315e-07, 5.044797980754315e-07, 3.026878788452589e-07, 3.026878788452589e-07, 8.071676769206903e-08, 8.071676769206903e-08]
2026-08-09 20:36:37,911 INFO epoch=2 step=3470/5814 loss=1.526423 grad_norm=12.4010 lr=[5.011258248102368e-07, 5.011258248102368e-07, 3.006754948861421e-07, 3.006754948861421e-07, 8.018013196963789e-08, 8.018013196963789e-08]
2026-08-09 20:36:40,442 INFO epoch=2 step=3480/5814 loss=1.519530 grad_norm=11.1584 lr=[4.977764662255004e-07, 4.977764662255004e-07, 2.986658797353002e-07, 2.986658797353002e-07, 7.964423459608006e-08, 7.964423459608006e-08]
2026-08-09 20:36:42,969 INFO epoch=2 step=3490/5814 loss=1.460401 grad_norm=12.3765 lr=[4.944318306914862e-07, 4.944318306914862e-07, 2.9665909841489174e-07, 2.9665909841489174e-07, 7.910909291063779e-08, 7.910909291063779e-08]
2026-08-09 20:36:45,520 INFO epoch=2 step=3500/5814 loss=1.600327 grad_norm=11.1164 lr=[4.910920264256422e-07, 4.910920264256422e-07, 2.946552158553853e-07, 2.946552158553853e-07, 7.857472422810274e-08, 7.857472422810274e-08]
2026-08-09 20:36:48,084 INFO epoch=2 step=3510/5814 loss=1.439997 grad_norm=11.6431 lr=[4.877571614890985e-07, 4.877571614890985e-07, 2.9265429689345907e-07, 2.9265429689345907e-07, 7.804114583825574e-08, 7.804114583825574e-08]
2026-08-09 20:36:50,593 INFO epoch=2 step=3520/5814 loss=1.410401 grad_norm=11.1779 lr=[4.844273437831696e-07, 4.844273437831696e-07, 2.906564062699017e-07, 2.906564062699017e-07, 7.750837500530712e-08, 7.750837500530712e-08]
2026-08-09 20:36:53,071 INFO epoch=2 step=3530/5814 loss=1.460155 grad_norm=9.6190 lr=[4.811026810458644e-07, 4.811026810458644e-07, 2.886616086275186e-07, 2.886616086275186e-07, 7.697642896733829e-08, 7.697642896733829e-08]
2026-08-09 20:36:55,543 INFO epoch=2 step=3540/5814 loss=1.388171 grad_norm=9.8227 lr=[4.777832808484013e-07, 4.777832808484013e-07, 2.866699685090408e-07, 2.866699685090408e-07, 7.644532493574421e-08, 7.644532493574421e-08]
2026-08-09 20:36:58,023 INFO epoch=2 step=3550/5814 loss=1.500510 grad_norm=17.5847 lr=[4.744692505917248e-07, 4.744692505917248e-07, 2.8468155035503486e-07, 2.8468155035503486e-07, 7.591508009467596e-08, 7.591508009467596e-08]
2026-08-09 20:37:00,502 INFO epoch=2 step=3560/5814 loss=1.330550 grad_norm=10.8465 lr=[4.711606975030326e-07, 4.711606975030326e-07, 2.826964185018196e-07, 2.826964185018196e-07, 7.538571160048521e-08, 7.538571160048521e-08]
2026-08-09 20:37:02,981 INFO epoch=2 step=3570/5814 loss=1.314531 grad_norm=10.6688 lr=[4.678577286323069e-07, 4.678577286323069e-07, 2.807146371793841e-07, 2.807146371793841e-07, 7.48572365811691e-08, 7.48572365811691e-08]
2026-08-09 20:37:05,463 INFO epoch=2 step=3580/5814 loss=1.204990 grad_norm=10.7442 lr=[4.6456045084884784e-07, 4.6456045084884784e-07, 2.7873627050930867e-07, 2.7873627050930867e-07, 7.432967213581565e-08, 7.432967213581565e-08]
2026-08-09 20:37:07,940 INFO epoch=2 step=3590/5814 loss=1.703071 grad_norm=9.4753 lr=[4.612689708378182e-07, 4.612689708378182e-07, 2.767613825026909e-07, 2.767613825026909e-07, 7.38030353340509e-08, 7.38030353340509e-08]
2026-08-09 20:37:10,420 INFO epoch=2 step=3600/5814 loss=1.380283 grad_norm=10.6456 lr=[4.579833950967916e-07, 4.579833950967916e-07, 2.747900370580749e-07, 2.747900370580749e-07, 7.327734321548664e-08, 7.327734321548664e-08]
/data1/work/MichaelYu/miniconda3/envs/florence/lib/python3.10/site-packages/transformers/generation/configuration_utils.py:453: UserWarning: `num_beams` is set to 1. However, `early_stopping` is set to `True` -- this flag is only used in beam-based generation modes. You should set `num_beams>1` or unset `early_stopping`.
  warnings.warn(
2026-08-09 20:38:42,164 INFO dev metrics: {'samples': 128, 'empty_outputs': 0, 'average_words': 21.3515625, 'p95_words': 30, 'length_18_24_ratio': 0.484375, 'single_sentence_ratio': 1.0, 'subject_start_ratio': 1.0, 'dev_loss': 1.3754419845276022, 'global_step': 3600}
2026-08-09 20:38:47,718 INFO epoch=2 step=3610/5814 loss=1.551478 grad_norm=9.7533 lr=[4.547038299323042e-07, 4.547038299323042e-07, 2.728222979593825e-07, 2.728222979593825e-07, 7.275261278916867e-08, 7.275261278916867e-08]
2026-08-09 20:38:50,221 INFO epoch=2 step=3620/5814 loss=1.352028 grad_norm=12.1430 lr=[4.5143038145641806e-07, 4.5143038145641806e-07, 2.708582288738508e-07, 2.708582288738508e-07, 7.222886103302688e-08, 7.222886103302688e-08]
2026-08-09 20:38:52,695 INFO epoch=2 step=3630/5814 loss=1.691030 grad_norm=9.1916 lr=[4.4816315558328644e-07, 4.4816315558328644e-07, 2.6889789334997184e-07, 2.6889789334997184e-07, 7.170610489332583e-08, 7.170610489332583e-08]
2026-08-09 20:38:55,168 INFO epoch=2 step=3640/5814 loss=1.384977 grad_norm=10.1918 lr=[4.449022580257263e-07, 4.449022580257263e-07, 2.669413548154358e-07, 2.669413548154358e-07, 7.11843612841162e-08, 7.11843612841162e-08]
2026-08-09 20:38:57,668 INFO epoch=2 step=3650/5814 loss=1.437950 grad_norm=9.2264 lr=[4.4164779429179907e-07, 4.4164779429179907e-07, 2.649886765750794e-07, 2.649886765750794e-07, 7.066364708668783e-08, 7.066364708668783e-08]
2026-08-09 20:39:00,136 INFO epoch=2 step=3660/5814 loss=1.543322 grad_norm=10.6132 lr=[4.3839986968139693e-07, 4.3839986968139693e-07, 2.6303992180883815e-07, 2.6303992180883815e-07, 7.014397914902351e-08, 7.014397914902351e-08]
2026-08-09 20:39:02,605 INFO epoch=2 step=3670/5814 loss=1.393292 grad_norm=14.3554 lr=[4.3515858928283415e-07, 4.3515858928283415e-07, 2.6109515356970046e-07, 2.6109515356970046e-07, 6.962537428525346e-08, 6.962537428525346e-08]
2026-08-09 20:39:05,072 INFO epoch=2 step=3680/5814 loss=1.191138 grad_norm=8.7473 lr=[4.3192405796944866e-07, 4.3192405796944866e-07, 2.591544347816692e-07, 2.591544347816692e-07, 6.910784927511177e-08, 6.910784927511177e-08]
2026-08-09 20:39:07,636 INFO epoch=2 step=3690/5814 loss=1.282185 grad_norm=11.0028 lr=[4.286963803962087e-07, 4.286963803962087e-07, 2.572178282377252e-07, 2.572178282377252e-07, 6.859142086339339e-08, 6.859142086339339e-08]
2026-08-09 20:39:10,140 INFO epoch=2 step=3700/5814 loss=1.283753 grad_norm=12.5479 lr=[4.254756609963247e-07, 4.254756609963247e-07, 2.552853965977948e-07, 2.552853965977948e-07, 6.807610575941195e-08, 6.807610575941195e-08]
2026-08-09 20:39:12,605 INFO epoch=2 step=3710/5814 loss=1.547207 grad_norm=9.8880 lr=[4.22262003977873e-07, 4.22262003977873e-07, 2.533572023867238e-07, 2.533572023867238e-07, 6.756192063645966e-08, 6.756192063645966e-08]
2026-08-09 20:39:15,080 INFO epoch=2 step=3720/5814 loss=1.304019 grad_norm=9.1936 lr=[4.190555133204227e-07, 4.190555133204227e-07, 2.514333079922536e-07, 2.514333079922536e-07, 6.704888213126762e-08, 6.704888213126762e-08]
2026-08-09 20:39:17,693 INFO epoch=2 step=3730/5814 loss=1.240375 grad_norm=10.6936 lr=[4.1585629277167085e-07, 4.1585629277167085e-07, 2.495137756630025e-07, 2.495137756630025e-07, 6.653700684346733e-08, 6.653700684346733e-08]
2026-08-09 20:39:20,267 INFO epoch=2 step=3740/5814 loss=1.365882 grad_norm=11.3187 lr=[4.126644458440866e-07, 4.126644458440866e-07, 2.4759866750645196e-07, 2.4759866750645196e-07, 6.602631133505385e-08, 6.602631133505385e-08]
2026-08-09 20:39:22,813 INFO epoch=2 step=3750/5814 loss=1.450654 grad_norm=10.4264 lr=[4.094800758115625e-07, 4.094800758115625e-07, 2.4568804548693746e-07, 2.4568804548693746e-07, 6.551681212984999e-08, 6.551681212984999e-08]
2026-08-09 20:39:25,311 INFO epoch=2 step=3760/5814 loss=1.530651 grad_norm=11.4258 lr=[4.0630328570607045e-07, 4.0630328570607045e-07, 2.4378197142364224e-07, 2.4378197142364224e-07, 6.500852571297126e-08, 6.500852571297126e-08]
2026-08-09 20:39:27,801 INFO epoch=2 step=3770/5814 loss=1.301487 grad_norm=8.9757 lr=[4.0313417831433154e-07, 4.0313417831433154e-07, 2.418805069885989e-07, 2.418805069885989e-07, 6.450146853029303e-08, 6.450146853029303e-08]
2026-08-09 20:39:30,300 INFO epoch=2 step=3780/5814 loss=1.466287 grad_norm=11.3853 lr=[3.999728561744877e-07, 3.999728561744877e-07, 2.399837137046926e-07, 2.399837137046926e-07, 6.399565698791803e-08, 6.399565698791803e-08]
2026-08-09 20:39:32,774 INFO epoch=2 step=3790/5814 loss=1.446376 grad_norm=10.6891 lr=[3.9681942157278554e-07, 3.9681942157278554e-07, 2.380916529436713e-07, 2.380916529436713e-07, 6.349110745164567e-08, 6.349110745164567e-08]
2026-08-09 20:39:35,261 INFO epoch=2 step=3800/5814 loss=1.534414 grad_norm=10.7416 lr=[3.9367397654026517e-07, 3.9367397654026517e-07, 2.3620438592415906e-07, 2.3620438592415906e-07, 6.298783624644242e-08, 6.298783624644242e-08]
/data1/work/MichaelYu/miniconda3/envs/florence/lib/python3.10/site-packages/transformers/generation/configuration_utils.py:453: UserWarning: `num_beams` is set to 1. However, `early_stopping` is set to `True` -- this flag is only used in beam-based generation modes. You should set `num_beams>1` or unset `early_stopping`.
  warnings.warn(
2026-08-09 20:41:07,357 INFO dev metrics: {'samples': 128, 'empty_outputs': 0, 'average_words': 21.390625, 'p95_words': 30, 'length_18_24_ratio': 0.4921875, 'single_sentence_ratio': 1.0, 'subject_start_ratio': 1.0, 'dev_loss': 1.373167609417887, 'global_step': 3800}
2026-08-09 20:41:12,938 INFO epoch=2 step=3810/5814 loss=1.424727 grad_norm=10.6801 lr=[3.9053662284946116e-07, 3.9053662284946116e-07, 2.3432197370967666e-07, 2.3432197370967666e-07, 6.248585965591378e-08, 6.248585965591378e-08]
2026-08-09 20:41:15,404 INFO epoch=2 step=3820/5814 loss=1.361725 grad_norm=10.8742 lr=[3.8740746201110747e-07, 3.8740746201110747e-07, 2.3244447720666447e-07, 2.3244447720666447e-07, 6.198519392177719e-08, 6.198519392177719e-08]
2026-08-09 20:41:17,884 INFO epoch=2 step=3830/5814 loss=1.199714 grad_norm=10.3442 lr=[3.842865952708549e-07, 3.842865952708549e-07, 2.3057195716251294e-07, 2.3057195716251294e-07, 6.148585524333678e-08, 6.148585524333678e-08]
2026-08-09 20:41:20,744 INFO epoch=2 step=3840/5814 loss=1.429772 grad_norm=10.5417 lr=[3.8117412360599336e-07, 3.8117412360599336e-07, 2.28704474163596e-07, 2.28704474163596e-07, 6.098785977695893e-08, 6.098785977695893e-08]
2026-08-09 20:41:23,434 INFO epoch=2 step=3850/5814 loss=1.280150 grad_norm=12.7147 lr=[3.780701477221868e-07, 3.780701477221868e-07, 2.2684208863331207e-07, 2.2684208863331207e-07, 6.049122363554989e-08, 6.049122363554989e-08]
2026-08-09 20:41:25,978 INFO epoch=2 step=3860/5814 loss=1.412196 grad_norm=8.4147 lr=[3.7497476805021234e-07, 3.7497476805021234e-07, 2.249848608301274e-07, 2.249848608301274e-07, 5.999596288803397e-08, 5.999596288803397e-08]
2026-08-09 20:41:28,553 INFO epoch=2 step=3870/5814 loss=1.482945 grad_norm=9.0408 lr=[3.718880847427134e-07, 3.718880847427134e-07, 2.23132850845628e-07, 2.23132850845628e-07, 5.9502093558834135e-08, 5.9502093558834135e-08]
2026-08-09 20:41:31,565 INFO epoch=3 step=3880/5814 loss=1.301692 grad_norm=10.3054 lr=[3.68810197670957e-07, 3.68810197670957e-07, 2.2128611860257417e-07, 2.2128611860257417e-07, 5.900963162735311e-08, 5.900963162735311e-08]
2026-08-09 20:41:34,043 INFO epoch=3 step=3890/5814 loss=1.393180 grad_norm=11.0647 lr=[3.6574120642160385e-07, 3.6574120642160385e-07, 2.194447238529623e-07, 2.194447238529623e-07, 5.851859302745661e-08, 5.851859302745661e-08]
2026-08-09 20:41:36,643 INFO epoch=3 step=3900/5814 loss=1.445460 grad_norm=13.1206 lr=[3.626812102934854e-07, 3.626812102934854e-07, 2.1760872617609123e-07, 2.1760872617609123e-07, 5.802899364695766e-08, 5.802899364695766e-08]
2026-08-09 20:41:39,182 INFO epoch=3 step=3910/5814 loss=1.459187 grad_norm=11.7184 lr=[3.596303082943918e-07, 3.596303082943918e-07, 2.1577818497663507e-07, 2.1577818497663507e-07, 5.754084932710268e-08, 5.754084932710268e-08]
2026-08-09 20:41:41,750 INFO epoch=3 step=3920/5814 loss=1.797969 grad_norm=10.1905 lr=[3.565885991378666e-07, 3.565885991378666e-07, 2.1395315948271995e-07, 2.1395315948271995e-07, 5.705417586205865e-08, 5.705417586205865e-08]
2026-08-09 20:41:44,215 INFO epoch=3 step=3930/5814 loss=1.350442 grad_norm=10.3796 lr=[3.535561812400151e-07, 3.535561812400151e-07, 2.1213370874400906e-07, 2.1213370874400906e-07, 5.656898899840241e-08, 5.656898899840241e-08]
2026-08-09 20:41:46,718 INFO epoch=3 step=3940/5814 loss=1.482125 grad_norm=11.4169 lr=[3.505331527163189e-07, 3.505331527163189e-07, 2.103198916297913e-07, 2.103198916297913e-07, 5.608530443461102e-08, 5.608530443461102e-08]
2026-08-09 20:41:49,236 INFO epoch=3 step=3950/5814 loss=1.366794 grad_norm=10.3781 lr=[3.4751961137846104e-07, 3.4751961137846104e-07, 2.0851176682707662e-07, 2.0851176682707662e-07, 5.5603137820553757e-08, 5.5603137820553757e-08]
2026-08-09 20:41:51,737 INFO epoch=3 step=3960/5814 loss=1.516712 grad_norm=12.1376 lr=[3.4451565473116204e-07, 3.4451565473116204e-07, 2.067093928386972e-07, 2.067093928386972e-07, 5.5122504756985924e-08, 5.5122504756985924e-08]
2026-08-09 20:41:54,211 INFO epoch=3 step=3970/5814 loss=1.446438 grad_norm=12.1812 lr=[3.4152137996902473e-07, 3.4152137996902473e-07, 2.0491282798141481e-07, 2.0491282798141481e-07, 5.464342079504395e-08, 5.464342079504395e-08]
2026-08-09 20:41:56,700 INFO epoch=3 step=3980/5814 loss=1.634742 grad_norm=13.4322 lr=[3.3853688397338875e-07, 3.3853688397338875e-07, 2.0312213038403323e-07, 2.0312213038403323e-07, 5.416590143574219e-08, 5.416590143574219e-08]
2026-08-09 20:41:59,174 INFO epoch=3 step=3990/5814 loss=1.495688 grad_norm=9.4463 lr=[3.355622633091975e-07, 3.355622633091975e-07, 2.0133735798551846e-07, 2.0133735798551846e-07, 5.368996212947159e-08, 5.368996212947159e-08]
2026-08-09 20:42:01,785 INFO epoch=3 step=4000/5814 loss=1.524720 grad_norm=11.9111 lr=[3.3259761422187226e-07, 3.3259761422187226e-07, 1.9955856853312335e-07, 1.9955856853312335e-07, 5.321561827549955e-08, 5.321561827549955e-08]
/data1/work/MichaelYu/miniconda3/envs/florence/lib/python3.10/site-packages/transformers/generation/configuration_utils.py:453: UserWarning: `num_beams` is set to 1. However, `early_stopping` is set to `True` -- this flag is only used in beam-based generation modes. You should set `num_beams>1` or unset `early_stopping`.
  warnings.warn(
2026-08-09 20:43:32,869 INFO dev metrics: {'samples': 128, 'empty_outputs': 0, 'average_words': 21.53125, 'p95_words': 30, 'length_18_24_ratio': 0.4921875, 'single_sentence_ratio': 1.0, 'subject_start_ratio': 1.0, 'dev_loss': 1.371515501680739, 'global_step': 4000}
2026-08-09 20:43:38,789 INFO epoch=3 step=4010/5814 loss=1.494604 grad_norm=11.1586 lr=[3.2964303263419884e-07, 3.2964303263419884e-07, 1.977858195805193e-07, 1.977858195805193e-07, 5.274288522147181e-08, 5.274288522147181e-08]
2026-08-09 20:43:41,258 INFO epoch=3 step=4020/5814 loss=1.373790 grad_norm=10.7618 lr=[3.2669861414322394e-07, 3.2669861414322394e-07, 1.9601916848593434e-07, 1.9601916848593434e-07, 5.227177826291582e-08, 5.227177826291582e-08]
2026-08-09 20:43:43,746 INFO epoch=3 step=4030/5814 loss=1.335647 grad_norm=10.3262 lr=[3.237644540171619e-07, 3.237644540171619e-07, 1.9425867241029712e-07, 1.9425867241029712e-07, 5.1802312642745895e-08, 5.1802312642745895e-08]
2026-08-09 20:43:46,234 INFO epoch=3 step=4040/5814 loss=1.451180 grad_norm=7.8726 lr=[3.208406471923116e-07, 3.208406471923116e-07, 1.9250438831538694e-07, 1.9250438831538694e-07, 5.1334503550769846e-08, 5.1334503550769846e-08]
2026-08-09 20:43:48,702 INFO epoch=3 step=4050/5814 loss=1.342566 grad_norm=10.5966 lr=[3.1792728826998587e-07, 3.1792728826998587e-07, 1.9075637296199153e-07, 1.9075637296199153e-07, 5.086836612319774e-08, 5.086836612319774e-08]
2026-08-09 20:43:51,184 INFO epoch=3 step=4060/5814 loss=1.347214 grad_norm=11.7429 lr=[3.150244715134509e-07, 3.150244715134509e-07, 1.8901468290807053e-07, 1.8901468290807053e-07, 5.0403915442152133e-08, 5.0403915442152133e-08]
2026-08-09 20:43:53,668 INFO epoch=3 step=4070/5814 loss=1.428961 grad_norm=15.1238 lr=[3.121322908448741e-07, 3.121322908448741e-07, 1.8727937450692444e-07, 1.8727937450692444e-07, 4.9941166535179845e-08, 4.9941166535179845e-08]
2026-08-09 20:43:56,132 INFO epoch=3 step=4080/5814 loss=1.288816 grad_norm=10.6779 lr=[3.0925083984228757e-07, 3.0925083984228757e-07, 1.8555050390537252e-07, 1.8555050390537252e-07, 4.9480134374766e-08, 4.9480134374766e-08]
2026-08-09 20:43:58,708 INFO epoch=3 step=4090/5814 loss=1.582411 grad_norm=23.7109 lr=[3.0638021173655936e-07, 3.0638021173655936e-07, 1.838281270419356e-07, 1.838281270419356e-07, 4.902083387784949e-08, 4.902083387784949e-08]
2026-08-09 20:44:01,192 INFO epoch=3 step=4100/5814 loss=1.443688 grad_norm=12.2426 lr=[3.0352049940837647e-07, 3.0352049940837647e-07, 1.8211229964502587e-07, 1.8211229964502587e-07, 4.856327990534023e-08, 4.856327990534023e-08]
2026-08-09 20:44:03,670 INFO epoch=3 step=4110/5814 loss=1.494036 grad_norm=9.3055 lr=[3.0067179538524033e-07, 3.0067179538524033e-07, 1.804030772311442e-07, 1.804030772311442e-07, 4.810748726163845e-08, 4.810748726163845e-08]
2026-08-09 20:44:06,252 INFO epoch=3 step=4120/5814 loss=1.451597 grad_norm=12.0201 lr=[2.9783419183847376e-07, 2.9783419183847376e-07, 1.7870051510308425e-07, 1.7870051510308425e-07, 4.7653470694155796e-08, 4.7653470694155796e-08]
2026-08-09 20:44:08,740 INFO epoch=3 step=4130/5814 loss=1.117413 grad_norm=10.5144 lr=[2.950077805802364e-07, 2.950077805802364e-07, 1.7700466834814185e-07, 1.7700466834814185e-07, 4.720124489283782e-08, 4.720124489283782e-08]
2026-08-09 20:44:11,271 INFO epoch=3 step=4140/5814 loss=1.578856 grad_norm=11.1899 lr=[2.921926530605564e-07, 2.921926530605564e-07, 1.7531559183633384e-07, 1.7531559183633384e-07, 4.675082448968902e-08, 4.675082448968902e-08]
2026-08-09 20:44:13,880 INFO epoch=3 step=4150/5814 loss=1.510904 grad_norm=12.4822 lr=[2.893889003643705e-07, 2.893889003643705e-07, 1.736333402186223e-07, 1.736333402186223e-07, 4.630222405829928e-08, 4.630222405829928e-08]
2026-08-09 20:44:16,458 INFO epoch=3 step=4160/5814 loss=1.487755 grad_norm=10.4393 lr=[2.865966132085764e-07, 2.865966132085764e-07, 1.7195796792514582e-07, 1.7195796792514582e-07, 4.585545811337221e-08, 4.585545811337221e-08]
2026-08-09 20:44:18,997 INFO epoch=3 step=4170/5814 loss=1.607639 grad_norm=9.3710 lr=[2.8381588193909865e-07, 2.8381588193909865e-07, 1.7028952916345918e-07, 1.7028952916345918e-07, 4.541054111025578e-08, 4.541054111025578e-08]
2026-08-09 20:44:21,479 INFO epoch=3 step=4180/5814 loss=1.460853 grad_norm=8.6215 lr=[2.8104679652796576e-07, 2.8104679652796576e-07, 1.6862807791677945e-07, 1.6862807791677945e-07, 4.496748744447452e-08, 4.496748744447452e-08]
2026-08-09 20:44:23,962 INFO epoch=3 step=4190/5814 loss=1.614119 grad_norm=13.6798 lr=[2.7828944657039674e-07, 2.7828944657039674e-07, 1.6697366794223805e-07, 1.6697366794223805e-07, 4.4526311451263474e-08, 4.4526311451263474e-08]
2026-08-09 20:44:26,436 INFO epoch=3 step=4200/5814 loss=1.473845 grad_norm=9.8227 lr=[2.755439212819051e-07, 2.755439212819051e-07, 1.6532635276914304e-07, 1.6532635276914304e-07, 4.408702740510481e-08, 4.408702740510481e-08]
/data1/work/MichaelYu/miniconda3/envs/florence/lib/python3.10/site-packages/transformers/generation/configuration_utils.py:453: UserWarning: `num_beams` is set to 1. However, `early_stopping` is set to `True` -- this flag is only used in beam-based generation modes. You should set `num_beams>1` or unset `early_stopping`.
  warnings.warn(
2026-08-09 20:45:57,419 INFO dev metrics: {'samples': 128, 'empty_outputs': 0, 'average_words': 21.40625, 'p95_words': 30, 'length_18_24_ratio': 0.515625, 'single_sentence_ratio': 1.0, 'subject_start_ratio': 1.0, 'dev_loss': 1.3704760435714733, 'global_step': 4200}
2026-08-09 20:46:03,035 INFO epoch=3 step=4210/5814 loss=1.375054 grad_norm=13.5897 lr=[2.728103094954105e-07, 2.728103094954105e-07, 1.636861856972463e-07, 1.636861856972463e-07, 4.3649649519265675e-08, 4.3649649519265675e-08]
2026-08-09 20:46:05,518 INFO epoch=3 step=4220/5814 loss=1.496107 grad_norm=11.5980 lr=[2.7008869965836467e-07, 2.7008869965836467e-07, 1.620532197950188e-07, 1.620532197950188e-07, 4.321419194533834e-08, 4.321419194533834e-08]
2026-08-09 20:46:07,989 INFO epoch=3 step=4230/5814 loss=1.236779 grad_norm=8.9262 lr=[2.6737917982989015e-07, 2.6737917982989015e-07, 1.604275078979341e-07, 1.604275078979341e-07, 4.278066877278242e-08, 4.278066877278242e-08]
2026-08-09 20:46:10,500 INFO epoch=3 step=4240/5814 loss=1.303350 grad_norm=12.0237 lr=[2.6468183767793156e-07, 2.6468183767793156e-07, 1.588091026067589e-07, 1.588091026067589e-07, 4.234909402846904e-08, 4.234909402846904e-08]
2026-08-09 20:46:12,975 INFO epoch=3 step=4250/5814 loss=1.756884 grad_norm=11.3056 lr=[2.6199676047641716e-07, 2.6199676047641716e-07, 1.571980562858503e-07, 1.571980562858503e-07, 4.191948167622674e-08, 4.191948167622674e-08]
2026-08-09 20:46:15,591 INFO epoch=3 step=4260/5814 loss=1.480361 grad_norm=10.3439 lr=[2.59324035102437e-07, 2.59324035102437e-07, 1.5559442106146217e-07, 1.5559442106146217e-07, 4.149184561638991e-08, 4.149184561638991e-08]
2026-08-09 20:46:18,201 INFO epoch=3 step=4270/5814 loss=1.527661 grad_norm=15.5926 lr=[2.566637480334313e-07, 2.566637480334313e-07, 1.5399824882005876e-07, 1.5399824882005876e-07, 4.1066199685349e-08, 4.1066199685349e-08]
2026-08-09 20:46:20,841 INFO epoch=3 step=4280/5814 loss=1.393291 grad_norm=9.2902 lr=[2.540159853443917e-07, 2.540159853443917e-07, 1.5240959120663504e-07, 1.5240959120663504e-07, 4.064255765510267e-08, 4.064255765510267e-08]
2026-08-09 20:46:23,357 INFO epoch=3 step=4290/5814 loss=1.272609 grad_norm=12.7418 lr=[2.513808327050775e-07, 2.513808327050775e-07, 1.508284996230465e-07, 1.508284996230465e-07, 4.02209332328124e-08, 4.02209332328124e-08]
2026-08-09 20:46:25,855 INFO epoch=3 step=4300/5814 loss=1.228223 grad_norm=9.8733 lr=[2.4875837537724353e-07, 2.4875837537724353e-07, 1.492550252263461e-07, 1.492550252263461e-07, 3.9801340060358955e-08, 3.9801340060358955e-08]
2026-08-09 20:46:28,337 INFO epoch=3 step=4310/5814 loss=1.507510 grad_norm=13.0563 lr=[2.4614869821188e-07, 2.4614869821188e-07, 1.4768921892712798e-07, 1.4768921892712798e-07, 3.9383791713900795e-08, 3.9383791713900795e-08]
2026-08-09 20:46:30,817 INFO epoch=3 step=4320/5814 loss=1.359302 grad_norm=9.1104 lr=[2.435518856464691e-07, 2.435518856464691e-07, 1.4613113138788143e-07, 1.4613113138788143e-07, 3.896830170343505e-08, 3.896830170343505e-08]
2026-08-09 20:46:33,296 INFO epoch=3 step=4330/5814 loss=1.451515 grad_norm=11.8526 lr=[2.4096802170225203e-07, 2.4096802170225203e-07, 1.4458081302135119e-07, 1.4458081302135119e-07, 3.8554883472360313e-08, 3.8554883472360313e-08]
2026-08-09 20:46:35,797 INFO epoch=3 step=4340/5814 loss=1.306353 grad_norm=9.8503 lr=[2.3839718998150968e-07, 2.3839718998150968e-07, 1.4303831398890581e-07, 1.4303831398890581e-07, 3.814355039704155e-08, 3.814355039704155e-08]
2026-08-09 20:46:38,279 INFO epoch=3 step=4350/5814 loss=1.470574 grad_norm=26.2012 lr=[2.3583947366485984e-07, 2.3583947366485984e-07, 1.4150368419891588e-07, 1.4150368419891588e-07, 3.773431578637757e-08, 3.773431578637757e-08]
2026-08-09 20:46:40,748 INFO epoch=3 step=4360/5814 loss=1.407659 grad_norm=12.8386 lr=[2.332949555085637e-07, 2.332949555085637e-07, 1.399769733051382e-07, 1.399769733051382e-07, 3.732719288137019e-08, 3.732719288137019e-08]
2026-08-09 20:46:43,223 INFO epoch=3 step=4370/5814 loss=1.249491 grad_norm=10.9468 lr=[2.3076371784184868e-07, 2.3076371784184868e-07, 1.3845823070510918e-07, 1.3845823070510918e-07, 3.6922194854695783e-08, 3.6922194854695783e-08]
2026-08-09 20:46:45,702 INFO epoch=3 step=4380/5814 loss=1.740247 grad_norm=11.2481 lr=[2.2824584256424552e-07, 2.2824584256424552e-07, 1.369475055385473e-07, 1.369475055385473e-07, 3.651933481027928e-08, 3.651933481027928e-08]
2026-08-09 20:46:48,180 INFO epoch=3 step=4390/5814 loss=1.583185 grad_norm=10.9183 lr=[2.257414111429379e-07, 2.257414111429379e-07, 1.3544484668576275e-07, 1.3544484668576275e-07, 3.611862578287006e-08, 3.611862578287006e-08]
2026-08-09 20:46:50,668 INFO epoch=3 step=4400/5814 loss=1.252754 grad_norm=9.7438 lr=[2.2325050461012547e-07, 2.2325050461012547e-07, 1.3395030276607527e-07, 1.3395030276607527e-07, 3.572008073762007e-08, 3.572008073762007e-08]
/data1/work/MichaelYu/miniconda3/envs/florence/lib/python3.10/site-packages/transformers/generation/configuration_utils.py:453: UserWarning: `num_beams` is set to 1. However, `early_stopping` is set to `True` -- this flag is only used in beam-based generation modes. You should set `num_beams>1` or unset `early_stopping`.
  warnings.warn(
2026-08-09 20:48:22,178 INFO dev metrics: {'samples': 128, 'empty_outputs': 0, 'average_words': 21.5, 'p95_words': 30, 'length_18_24_ratio': 0.5, 'single_sentence_ratio': 1.0, 'subject_start_ratio': 1.0, 'dev_loss': 1.3689978216607497, 'global_step': 4400}
2026-08-09 20:48:27,943 INFO epoch=3 step=4410/5814 loss=1.743255 grad_norm=11.8750 lr=[2.2077320356040429e-07, 2.2077320356040429e-07, 1.3246392213624257e-07, 1.3246392213624257e-07, 3.532371256966468e-08, 3.532371256966468e-08]
2026-08-09 20:48:30,489 INFO epoch=3 step=4420/5814 loss=1.348174 grad_norm=11.7060 lr=[2.1830958814815727e-07, 2.1830958814815727e-07, 1.3098575288889435e-07, 1.3098575288889435e-07, 3.492953410370516e-08, 3.492953410370516e-08]
2026-08-09 20:48:32,992 INFO epoch=3 step=4430/5814 loss=1.483769 grad_norm=11.0856 lr=[2.158597380849609e-07, 2.158597380849609e-07, 1.2951584285097654e-07, 1.2951584285097654e-07, 3.453755809359374e-08, 3.453755809359374e-08]
2026-08-09 20:48:35,588 INFO epoch=3 step=4440/5814 loss=1.350590 grad_norm=16.7599 lr=[2.1342373263700687e-07, 2.1342373263700687e-07, 1.280542395822041e-07, 1.280542395822041e-07, 3.414779722192109e-08, 3.414779722192109e-08]
2026-08-09 20:48:38,119 INFO epoch=3 step=4450/5814 loss=1.278069 grad_norm=13.2566 lr=[2.1100165062253743e-07, 2.1100165062253743e-07, 1.2660099037352245e-07, 1.2660099037352245e-07, 3.376026409960598e-08, 3.376026409960598e-08]
2026-08-09 20:48:40,609 INFO epoch=3 step=4460/5814 loss=1.318791 grad_norm=10.4865 lr=[2.085935704092937e-07, 2.085935704092937e-07, 1.251561422455762e-07, 1.251561422455762e-07, 3.337497126548699e-08, 3.337497126548699e-08]
2026-08-09 20:48:43,104 INFO epoch=3 step=4470/5814 loss=1.409040 grad_norm=11.1276 lr=[2.0619956991198249e-07, 2.0619956991198249e-07, 1.237197419471895e-07, 1.237197419471895e-07, 3.299193118591719e-08, 3.299193118591719e-08]
2026-08-09 20:48:45,608 INFO epoch=3 step=4480/5814 loss=1.516716 grad_norm=10.7522 lr=[2.0381972658975333e-07, 2.0381972658975333e-07, 1.2229183595385199e-07, 1.2229183595385199e-07, 3.261115625436053e-08, 3.261115625436053e-08]
2026-08-09 20:48:48,090 INFO epoch=3 step=4490/5814 loss=1.233447 grad_norm=11.5397 lr=[2.014541174436924e-07, 2.014541174436924e-07, 1.2087247046621544e-07, 1.2087247046621544e-07, 3.223265879099078e-08, 3.223265879099078e-08]
2026-08-09 20:48:50,576 INFO epoch=3 step=4500/5814 loss=1.394061 grad_norm=12.3892 lr=[1.9910281901433236e-07, 1.9910281901433236e-07, 1.194616914085994e-07, 1.194616914085994e-07, 3.1856451042293175e-08, 3.1856451042293175e-08]
2026-08-09 20:48:53,053 INFO epoch=3 step=4510/5814 loss=1.630598 grad_norm=10.0635 lr=[1.967659073791749e-07, 1.967659073791749e-07, 1.1805954442750493e-07, 1.1805954442750493e-07, 3.148254518066798e-08, 3.148254518066798e-08]
2026-08-09 20:48:55,518 INFO epoch=3 step=4520/5814 loss=1.428851 grad_norm=12.2114 lr=[1.944434581502288e-07, 1.944434581502288e-07, 1.1666607489013726e-07, 1.1666607489013726e-07, 3.11109533040366e-08, 3.11109533040366e-08]
2026-08-09 20:48:58,016 INFO epoch=3 step=4530/5814 loss=1.257149 grad_norm=10.4250 lr=[1.9213554647156496e-07, 1.9213554647156496e-07, 1.1528132788293897e-07, 1.1528132788293897e-07, 3.0741687435450395e-08, 3.0741687435450395e-08]
2026-08-09 20:49:00,614 INFO epoch=3 step=4540/5814 loss=1.609485 grad_norm=15.3455 lr=[1.8984224701688384e-07, 1.8984224701688384e-07, 1.139053482101303e-07, 1.139053482101303e-07, 3.037475952270141e-08, 3.037475952270141e-08]
2026-08-09 20:49:03,200 INFO epoch=3 step=4550/5814 loss=1.473699 grad_norm=11.0205 lr=[1.8756363398709918e-07, 1.8756363398709918e-07, 1.125381803922595e-07, 1.125381803922595e-07, 3.001018143793587e-08, 3.001018143793587e-08]
2026-08-09 20:49:05,903 INFO epoch=3 step=4560/5814 loss=1.671300 grad_norm=10.8392 lr=[1.8529978110793825e-07, 1.8529978110793825e-07, 1.1117986866476295e-07, 1.1117986866476295e-07, 2.9647964977270116e-08, 2.9647964977270116e-08]
2026-08-09 20:49:08,584 INFO epoch=3 step=4570/5814 loss=1.523659 grad_norm=11.2504 lr=[1.8305076162755596e-07, 1.8305076162755596e-07, 1.0983045697653356e-07, 1.0983045697653356e-07, 2.928812186040895e-08, 2.928812186040895e-08]
2026-08-09 20:49:11,104 INFO epoch=3 step=4580/5814 loss=1.279321 grad_norm=10.1823 lr=[1.8081664831416385e-07, 1.8081664831416385e-07, 1.0848998898849831e-07, 1.0848998898849831e-07, 2.8930663730266214e-08, 2.8930663730266214e-08]
2026-08-09 20:49:13,607 INFO epoch=3 step=4590/5814 loss=1.400122 grad_norm=14.2447 lr=[1.7859751345367792e-07, 1.7859751345367792e-07, 1.0715850807220674e-07, 1.0715850807220674e-07, 2.8575602152588462e-08, 2.8575602152588462e-08]
2026-08-09 20:49:16,083 INFO epoch=3 step=4600/5814 loss=1.376409 grad_norm=9.5179 lr=[1.7639342884737753e-07, 1.7639342884737753e-07, 1.0583605730842651e-07, 1.0583605730842651e-07, 2.82229486155804e-08, 2.82229486155804e-08]
/data1/work/MichaelYu/miniconda3/envs/florence/lib/python3.10/site-packages/transformers/generation/configuration_utils.py:453: UserWarning: `num_beams` is set to 1. However, `early_stopping` is set to `True` -- this flag is only used in beam-based generation modes. You should set `num_beams>1` or unset `early_stopping`.
  warnings.warn(
2026-08-09 20:50:51,021 INFO dev metrics: {'samples': 128, 'empty_outputs': 0, 'average_words': 21.328125, 'p95_words': 30, 'length_18_24_ratio': 0.4375, 'single_sentence_ratio': 1.0, 'subject_start_ratio': 1.0, 'dev_loss': 1.36670696223118, 'global_step': 4600}
2026-08-09 20:50:56,962 INFO epoch=3 step=4610/5814 loss=1.313151 grad_norm=10.4102 lr=[1.742044658095831e-07, 1.742044658095831e-07, 1.0452267948574985e-07, 1.0452267948574985e-07, 2.7872714529533293e-08, 2.7872714529533293e-08]
2026-08-09 20:50:59,551 INFO epoch=3 step=4620/5814 loss=1.583383 grad_norm=13.4859 lr=[1.720306951653491e-07, 1.720306951653491e-07, 1.0321841709920946e-07, 1.0321841709920946e-07, 2.7524911226455855e-08, 2.7524911226455855e-08]
2026-08-09 20:51:02,342 INFO epoch=3 step=4630/5814 loss=1.390289 grad_norm=13.1061 lr=[1.6987218724817212e-07, 1.6987218724817212e-07, 1.0192331234890327e-07, 1.0192331234890327e-07, 2.7179549959707537e-08, 2.7179549959707537e-08]
2026-08-09 20:51:05,140 INFO epoch=3 step=4640/5814 loss=1.381311 grad_norm=13.4069 lr=[1.6772901189771436e-07, 1.6772901189771436e-07, 1.0063740713862861e-07, 1.0063740713862861e-07, 2.6836641903634295e-08, 2.6836641903634295e-08]
2026-08-09 20:51:07,825 INFO epoch=3 step=4650/5814 loss=1.258490 grad_norm=9.5816 lr=[1.6560123845754588e-07, 1.6560123845754588e-07, 9.936074307452752e-08, 9.936074307452752e-08, 2.6496198153207337e-08, 2.6496198153207337e-08]
2026-08-09 20:51:10,330 INFO epoch=3 step=4660/5814 loss=1.800075 grad_norm=11.9983 lr=[1.6348893577289934e-07, 1.6348893577289934e-07, 9.809336146373961e-08, 9.809336146373961e-08, 2.6158229723663894e-08, 2.6158229723663894e-08]
2026-08-09 20:51:12,796 INFO epoch=3 step=4670/5814 loss=1.393842 grad_norm=11.0932 lr=[1.6139217218844255e-07, 1.6139217218844255e-07, 9.683530331306552e-08, 9.683530331306552e-08, 2.5822747550150802e-08, 2.5822747550150802e-08]
2026-08-09 20:51:15,261 INFO epoch=3 step=4680/5814 loss=1.351251 grad_norm=11.3319 lr=[1.593110155460678e-07, 1.593110155460678e-07, 9.558660932764069e-08, 9.558660932764069e-08, 2.548976248737085e-08, 2.548976248737085e-08]
2026-08-09 20:51:17,746 INFO epoch=3 step=4690/5814 loss=1.361793 grad_norm=9.0854 lr=[1.5724553318269678e-07, 1.5724553318269678e-07, 9.434731990961806e-08, 9.434731990961806e-08, 2.5159285309231482e-08, 2.5159285309231482e-08]
2026-08-09 20:51:20,209 INFO epoch=3 step=4700/5814 loss=1.537324 grad_norm=13.5564 lr=[1.551957919281014e-07, 1.551957919281014e-07, 9.311747515686083e-08, 9.311747515686083e-08, 2.483132670849622e-08, 2.483132670849622e-08]
2026-08-09 20:51:22,673 INFO epoch=3 step=4710/5814 loss=1.666142 grad_norm=12.7110 lr=[1.5316185810274162e-07, 1.5316185810274162e-07, 9.189711486164498e-08, 9.189711486164498e-08, 2.4505897296438656e-08, 2.4505897296438656e-08]
2026-08-09 20:51:25,159 INFO epoch=3 step=4720/5814 loss=1.277036 grad_norm=9.9799 lr=[1.5114379751562e-07, 1.5114379751562e-07, 9.0686278509372e-08, 9.0686278509372e-08, 2.41830076024992e-08, 2.41830076024992e-08]
2026-08-09 20:51:27,666 INFO epoch=3 step=4730/5814 loss=1.238666 grad_norm=10.2653 lr=[1.4914167546215146e-07, 1.4914167546215146e-07, 8.948500527729086e-08, 8.948500527729086e-08, 2.386266807394423e-08, 2.386266807394423e-08]
2026-08-09 20:51:30,149 INFO epoch=3 step=4740/5814 loss=1.396677 grad_norm=11.2215 lr=[1.471555567220519e-07, 1.471555567220519e-07, 8.829333403323113e-08, 8.829333403323113e-08, 2.3544889075528298e-08, 2.3544889075528298e-08]
2026-08-09 20:51:32,618 INFO epoch=3 step=4750/5814 loss=1.438684 grad_norm=9.9216 lr=[1.4518550555724118e-07, 1.4518550555724118e-07, 8.71113033343447e-08, 8.71113033343447e-08, 2.3229680889158587e-08, 2.3229680889158587e-08]
2026-08-09 20:51:35,094 INFO epoch=3 step=4760/5814 loss=1.665339 grad_norm=10.5034 lr=[1.4323158570976464e-07, 1.4323158570976464e-07, 8.593895142585878e-08, 8.593895142585878e-08, 2.291705371356234e-08, 2.291705371356234e-08]
2026-08-09 20:51:37,571 INFO epoch=3 step=4770/5814 loss=1.418592 grad_norm=13.1722 lr=[1.4129386039972998e-07, 1.4129386039972998e-07, 8.477631623983797e-08, 8.477631623983797e-08, 2.2607017663956792e-08, 2.2607017663956792e-08]
2026-08-09 20:51:40,127 INFO epoch=3 step=4780/5814 loss=1.428902 grad_norm=10.1515 lr=[1.3937239232326232e-07, 1.3937239232326232e-07, 8.362343539395738e-08, 8.362343539395738e-08, 2.2299582771721968e-08, 2.2299582771721968e-08]
2026-08-09 20:51:42,889 INFO epoch=3 step=4790/5814 loss=1.472466 grad_norm=12.9392 lr=[1.3746724365047533e-07, 1.3746724365047533e-07, 8.248034619028519e-08, 8.248034619028519e-08, 2.199475898407605e-08, 2.199475898407605e-08]
2026-08-09 20:51:45,656 INFO epoch=3 step=4800/5814 loss=1.360643 grad_norm=9.7412 lr=[1.3557847602345961e-07, 1.3557847602345961e-07, 8.134708561407576e-08, 8.134708561407576e-08, 2.1692556163753536e-08, 2.1692556163753536e-08]
/data1/work/MichaelYu/miniconda3/envs/florence/lib/python3.10/site-packages/transformers/generation/configuration_utils.py:453: UserWarning: `num_beams` is set to 1. However, `early_stopping` is set to `True` -- this flag is only used in beam-based generation modes. You should set `num_beams>1` or unset `early_stopping`.
  warnings.warn(
2026-08-09 20:53:16,978 INFO dev metrics: {'samples': 128, 'empty_outputs': 0, 'average_words': 21.6328125, 'p95_words': 30, 'length_18_24_ratio': 0.46875, 'single_sentence_ratio': 1.0, 'subject_start_ratio': 1.0, 'dev_loss': 1.366728519083627, 'global_step': 4800}
2026-08-09 20:53:22,545 INFO epoch=3 step=4810/5814 loss=1.380330 grad_norm=9.5925 lr=[1.3370615055428865e-07, 1.3370615055428865e-07, 8.022369033257318e-08, 8.022369033257318e-08, 2.139298408868618e-08, 2.139298408868618e-08]
2026-08-09 20:53:25,122 INFO epoch=3 step=4820/5814 loss=1.429045 grad_norm=11.7289 lr=[1.3185032782304103e-07, 1.3185032782304103e-07, 7.911019669382461e-08, 7.911019669382461e-08, 2.1096052451686562e-08, 2.1096052451686562e-08]
2026-08-09 20:53:27,594 INFO epoch=3 step=4830/5814 loss=1.339823 grad_norm=13.6372 lr=[1.3001106787584077e-07, 1.3001106787584077e-07, 7.800664072550445e-08, 7.800664072550445e-08, 2.0801770860134518e-08, 2.0801770860134518e-08]
2026-08-09 20:53:30,061 INFO epoch=3 step=4840/5814 loss=1.441097 grad_norm=10.5006 lr=[1.2818843022291396e-07, 1.2818843022291396e-07, 7.691305813374836e-08, 7.691305813374836e-08, 2.051014883566623e-08, 2.051014883566623e-08]
2026-08-09 20:53:32,542 INFO epoch=3 step=4850/5814 loss=1.330605 grad_norm=10.0796 lr=[1.2638247383666396e-07, 1.2638247383666396e-07, 7.582948430199838e-08, 7.582948430199838e-08, 2.0221195813866233e-08, 2.0221195813866233e-08]
2026-08-09 20:53:35,021 INFO epoch=3 step=4860/5814 loss=1.427140 grad_norm=18.2442 lr=[1.2459325714976256e-07, 1.2459325714976256e-07, 7.475595428985752e-08, 7.475595428985752e-08, 1.9934921143962005e-08, 1.9934921143962005e-08]
2026-08-09 20:53:37,571 INFO epoch=3 step=4870/5814 loss=1.207880 grad_norm=13.4409 lr=[1.228208380532599e-07, 1.228208380532599e-07, 7.369250283195594e-08, 7.369250283195594e-08, 1.9651334088521583e-08, 1.9651334088521583e-08]
2026-08-09 20:53:40,126 INFO epoch=3 step=4880/5814 loss=1.440058 grad_norm=12.5854 lr=[1.2106527389471134e-07, 1.2106527389471134e-07, 7.26391643368268e-08, 7.26391643368268e-08, 1.937044382315381e-08, 1.937044382315381e-08]
2026-08-09 20:53:42,602 INFO epoch=3 step=4890/5814 loss=1.568013 grad_norm=11.2840 lr=[1.1932662147632172e-07, 1.1932662147632172e-07, 7.159597288579302e-08, 7.159597288579302e-08, 1.9092259436211472e-08, 1.9092259436211472e-08]
2026-08-09 20:53:45,138 INFO epoch=3 step=4900/5814 loss=1.525751 grad_norm=10.9358 lr=[1.1760493705310753e-07, 1.1760493705310753e-07, 7.056296223186452e-08, 7.056296223186452e-08, 1.8816789928497202e-08, 1.8816789928497202e-08]
2026-08-09 20:53:47,769 INFO epoch=3 step=4910/5814 loss=1.551306 grad_norm=10.8535 lr=[1.1590027633107713e-07, 1.1590027633107713e-07, 6.954016579864627e-08, 6.954016579864627e-08, 1.8544044212972337e-08, 1.8544044212972337e-08]
2026-08-09 20:53:50,322 INFO epoch=3 step=4920/5814 loss=1.224418 grad_norm=10.5371 lr=[1.142126944654275e-07, 1.142126944654275e-07, 6.85276166792565e-08, 6.85276166792565e-08, 1.8274031114468395e-08, 1.8274031114468395e-08]
2026-08-09 20:53:52,889 INFO epoch=3 step=4930/5814 loss=1.359625 grad_norm=15.2614 lr=[1.1254224605876059e-07, 1.1254224605876059e-07, 6.752534763525635e-08, 6.752534763525635e-08, 1.8006759369401692e-08, 1.8006759369401692e-08]
2026-08-09 20:53:55,394 INFO epoch=3 step=4940/5814 loss=1.486884 grad_norm=11.9257 lr=[1.1088898515931636e-07, 1.1088898515931636e-07, 6.65333910955898e-08, 6.65333910955898e-08, 1.7742237625490613e-08, 1.7742237625490613e-08]
2026-08-09 20:53:57,892 INFO epoch=3 step=4950/5814 loss=1.374521 grad_norm=9.8274 lr=[1.0925296525922349e-07, 1.0925296525922349e-07, 6.555177915553409e-08, 6.555177915553409e-08, 1.7480474441475756e-08, 1.7480474441475756e-08]
2026-08-09 20:54:00,363 INFO epoch=3 step=4960/5814 loss=1.586771 grad_norm=18.7774 lr=[1.0763423929276942e-07, 1.0763423929276942e-07, 6.458054357566165e-08, 6.458054357566165e-08, 1.7221478286843104e-08, 1.7221478286843104e-08]
2026-08-09 20:54:02,850 INFO epoch=3 step=4970/5814 loss=1.576604 grad_norm=10.7503 lr=[1.0603285963468709e-07, 1.0603285963468709e-07, 6.361971578081225e-08, 6.361971578081225e-08, 1.6965257541549932e-08, 1.6965257541549932e-08]
2026-08-09 20:54:05,319 INFO epoch=3 step=4980/5814 loss=1.280083 grad_norm=16.7269 lr=[1.0444887809846027e-07, 1.0444887809846027e-07, 6.266932685907615e-08, 6.266932685907615e-08, 1.671182049575364e-08, 1.671182049575364e-08]
2026-08-09 20:54:07,794 INFO epoch=3 step=4990/5814 loss=1.593919 grad_norm=15.2193 lr=[1.0288234593464768e-07, 1.0288234593464768e-07, 6.172940756078861e-08, 6.172940756078861e-08, 1.6461175349543628e-08, 1.6461175349543628e-08]
2026-08-09 20:54:10,287 INFO epoch=3 step=5000/5814 loss=1.311913 grad_norm=11.2762 lr=[1.0133331382922409e-07, 1.0133331382922409e-07, 6.079998829753446e-08, 6.079998829753446e-08, 1.6213330212675852e-08, 1.6213330212675852e-08]
/data1/work/MichaelYu/miniconda3/envs/florence/lib/python3.10/site-packages/transformers/generation/configuration_utils.py:453: UserWarning: `num_beams` is set to 1. However, `early_stopping` is set to `True` -- this flag is only used in beam-based generation modes. You should set `num_beams>1` or unset `early_stopping`.
  warnings.warn(
2026-08-09 20:55:41,435 INFO dev metrics: {'samples': 128, 'empty_outputs': 0, 'average_words': 21.4140625, 'p95_words': 30, 'length_18_24_ratio': 0.46875, 'single_sentence_ratio': 1.0, 'subject_start_ratio': 1.0, 'dev_loss': 1.3658733899323523, 'global_step': 5000}
2026-08-09 20:55:47,050 INFO epoch=3 step=5010/5814 loss=1.235305 grad_norm=10.9751 lr=[9.980183190194083e-08, 9.980183190194083e-08, 5.988109914116449e-08, 5.988109914116449e-08, 1.596829310431053e-08, 1.596829310431053e-08]
2026-08-09 20:55:49,663 INFO epoch=3 step=5020/5814 loss=1.418796 grad_norm=10.5622 lr=[9.828794970470398e-08, 9.828794970470398e-08, 5.897276982282238e-08, 5.897276982282238e-08, 1.5726071952752636e-08, 1.5726071952752636e-08]
2026-08-09 20:55:52,208 INFO epoch=3 step=5030/5814 loss=1.284094 grad_norm=10.0607 lr=[9.679171621997094e-08, 9.679171621997094e-08, 5.807502973198256e-08, 5.807502973198256e-08, 1.548667459519535e-08, 1.548667459519535e-08]
2026-08-09 20:55:54,738 INFO epoch=3 step=5040/5814 loss=1.434141 grad_norm=9.3869 lr=[9.531317985916565e-08, 9.531317985916565e-08, 5.718790791549939e-08, 5.718790791549939e-08, 1.5250108777466504e-08, 1.5250108777466504e-08]
2026-08-09 20:55:57,217 INFO epoch=3 step=5050/5814 loss=1.419583 grad_norm=9.7087 lr=[9.385238846111234e-08, 9.385238846111234e-08, 5.6311433076667403e-08, 5.6311433076667403e-08, 1.5016382153777974e-08, 1.5016382153777974e-08]
2026-08-09 20:55:59,686 INFO epoch=3 step=5060/5814 loss=1.343440 grad_norm=12.1920 lr=[9.240938929048776e-08, 9.240938929048776e-08, 5.544563357429266e-08, 5.544563357429266e-08, 1.4785502286478041e-08, 1.4785502286478041e-08]
2026-08-09 20:56:02,200 INFO epoch=3 step=5070/5814 loss=1.282242 grad_norm=10.2664 lr=[9.098422903629146e-08, 9.098422903629146e-08, 5.459053742177487e-08, 5.459053742177487e-08, 1.4557476645806633e-08, 1.4557476645806633e-08]
2026-08-09 20:56:04,752 INFO epoch=3 step=5080/5814 loss=1.326506 grad_norm=11.0374 lr=[8.957695381033578e-08, 8.957695381033578e-08, 5.3746172286201467e-08, 5.3746172286201467e-08, 1.4332312609653723e-08, 1.4332312609653723e-08]
2026-08-09 20:56:07,227 INFO epoch=3 step=5090/5814 loss=1.325865 grad_norm=20.8260 lr=[8.81876091457533e-08, 8.81876091457533e-08, 5.2912565487451985e-08, 5.2912565487451985e-08, 1.4110017463320528e-08, 1.4110017463320528e-08]
2026-08-09 20:56:09,707 INFO epoch=3 step=5100/5814 loss=1.272733 grad_norm=10.8896 lr=[8.681623999552372e-08, 8.681623999552372e-08, 5.208974399731423e-08, 5.208974399731423e-08, 1.3890598399283793e-08, 1.3890598399283793e-08]
2026-08-09 20:56:12,169 INFO epoch=3 step=5110/5814 loss=1.363819 grad_norm=11.0114 lr=[8.546289073101965e-08, 8.546289073101965e-08, 5.1277734438611784e-08, 5.1277734438611784e-08, 1.3674062516963142e-08, 1.3674062516963142e-08]
2026-08-09 20:56:14,655 INFO epoch=3 step=5120/5814 loss=1.644846 grad_norm=8.8321 lr=[8.412760514057095e-08, 8.412760514057095e-08, 5.0476563084342564e-08, 5.0476563084342564e-08, 1.346041682249135e-08, 1.346041682249135e-08]
2026-08-09 20:56:17,126 INFO epoch=3 step=5130/5814 loss=1.348375 grad_norm=9.9963 lr=[8.28104264280474e-08, 8.28104264280474e-08, 4.968625585682844e-08, 4.968625585682844e-08, 1.3249668228487582e-08, 1.3249668228487582e-08]
2026-08-09 20:56:19,616 INFO epoch=3 step=5140/5814 loss=1.364854 grad_norm=10.1878 lr=[8.151139721146149e-08, 8.151139721146149e-08, 4.890683832687689e-08, 4.890683832687689e-08, 1.3041823553833836e-08, 1.3041823553833836e-08]
2026-08-09 20:56:22,120 INFO epoch=3 step=5150/5814 loss=1.742514 grad_norm=9.6165 lr=[8.023055952158919e-08, 8.023055952158919e-08, 4.8138335712953516e-08, 4.8138335712953516e-08, 1.283688952345427e-08, 1.283688952345427e-08]
2026-08-09 20:56:24,601 INFO epoch=3 step=5160/5814 loss=1.446355 grad_norm=11.8884 lr=[7.896795480060969e-08, 7.896795480060969e-08, 4.738077288036581e-08, 4.738077288036581e-08, 1.2634872768097549e-08, 1.2634872768097549e-08]
2026-08-09 20:56:27,092 INFO epoch=3 step=5170/5814 loss=1.482984 grad_norm=11.0106 lr=[7.772362390076513e-08, 7.772362390076513e-08, 4.663417434045907e-08, 4.663417434045907e-08, 1.2435779824122419e-08, 1.2435779824122419e-08]
2026-08-09 20:56:29,666 INFO epoch=3 step=5180/5814 loss=1.119123 grad_norm=9.5968 lr=[7.649760708303848e-08, 7.649760708303848e-08, 4.589856424982309e-08, 4.589856424982309e-08, 1.2239617133286156e-08, 1.2239617133286156e-08]
2026-08-09 20:56:32,229 INFO epoch=3 step=5190/5814 loss=1.495999 grad_norm=12.6714 lr=[7.5289944015851e-08, 7.5289944015851e-08, 4.51739664095106e-08, 4.51739664095106e-08, 1.2046391042536158e-08, 1.2046391042536158e-08]
2026-08-09 20:56:34,788 INFO epoch=3 step=5200/5814 loss=1.430792 grad_norm=9.1651 lr=[7.410067377377846e-08, 7.410067377377846e-08, 4.446040426426707e-08, 4.446040426426707e-08, 1.1856107803804553e-08, 1.1856107803804553e-08]
/data1/work/MichaelYu/miniconda3/envs/florence/lib/python3.10/site-packages/transformers/generation/configuration_utils.py:453: UserWarning: `num_beams` is set to 1. However, `early_stopping` is set to `True` -- this flag is only used in beam-based generation modes. You should set `num_beams>1` or unset `early_stopping`.
  warnings.warn(
2026-08-09 20:58:06,187 INFO dev metrics: {'samples': 128, 'empty_outputs': 0, 'average_words': 21.25, 'p95_words': 30, 'length_18_24_ratio': 0.5, 'single_sentence_ratio': 1.0, 'subject_start_ratio': 1.0, 'dev_loss': 1.3652564339537931, 'global_step': 5200}
2026-08-09 20:58:11,782 INFO epoch=3 step=5210/5814 loss=1.251170 grad_norm=10.2699 lr=[7.292983483628734e-08, 7.292983483628734e-08, 4.37579009017724e-08, 4.37579009017724e-08, 1.1668773573805972e-08, 1.1668773573805972e-08]
2026-08-09 20:58:14,290 INFO epoch=3 step=5220/5814 loss=1.267860 grad_norm=9.9268 lr=[7.177746508648916e-08, 7.177746508648916e-08, 4.3066479051893494e-08, 4.3066479051893494e-08, 1.1484394413838264e-08, 1.1484394413838264e-08]
2026-08-09 20:58:16,759 INFO epoch=3 step=5230/5814 loss=1.214931 grad_norm=9.1847 lr=[7.064360180991538e-08, 7.064360180991538e-08, 4.238616108594923e-08, 4.238616108594923e-08, 1.130297628958646e-08, 1.130297628958646e-08]
2026-08-09 20:58:19,247 INFO epoch=3 step=5240/5814 loss=1.482479 grad_norm=9.2402 lr=[6.952828169331081e-08, 6.952828169331081e-08, 4.1716969015986485e-08, 4.1716969015986485e-08, 1.1124525070929728e-08, 1.1124525070929728e-08]
2026-08-09 20:58:21,733 INFO epoch=3 step=5250/5814 loss=1.345960 grad_norm=10.1048 lr=[6.843154082344636e-08, 6.843154082344636e-08, 4.105892449406781e-08, 4.105892449406781e-08, 1.0949046531751416e-08, 1.0949046531751416e-08]
2026-08-09 20:58:24,274 INFO epoch=3 step=5260/5814 loss=1.288487 grad_norm=10.1468 lr=[6.735341468595165e-08, 6.735341468595165e-08, 4.041204881157099e-08, 4.041204881157099e-08, 1.0776546349752262e-08, 1.0776546349752262e-08]
2026-08-09 20:58:26,919 INFO epoch=3 step=5270/5814 loss=1.420776 grad_norm=8.5244 lr=[6.629393816416697e-08, 6.629393816416697e-08, 3.9776362898500186e-08, 3.9776362898500186e-08, 1.0607030106266715e-08, 1.0607030106266715e-08]
2026-08-09 20:58:29,395 INFO epoch=3 step=5280/5814 loss=1.726163 grad_norm=9.7466 lr=[6.52531455380142e-08, 6.52531455380142e-08, 3.915188732280851e-08, 3.915188732280851e-08, 1.0440503286082269e-08, 1.0440503286082269e-08]
2026-08-09 20:58:31,999 INFO epoch=3 step=5290/5814 loss=1.360675 grad_norm=12.1399 lr=[6.423107048288803e-08, 6.423107048288803e-08, 3.853864228973282e-08, 3.853864228973282e-08, 1.0276971277262083e-08, 1.0276971277262083e-08]
2026-08-09 20:58:34,610 INFO epoch=3 step=5300/5814 loss=1.556924 grad_norm=10.9678 lr=[6.322774606856627e-08, 6.322774606856627e-08, 3.793664764113975e-08, 3.793664764113975e-08, 1.01164393709706e-08, 1.01164393709706e-08]
2026-08-09 20:58:37,167 INFO epoch=3 step=5310/5814 loss=1.407798 grad_norm=11.9669 lr=[6.224320475813989e-08, 6.224320475813989e-08, 3.7345922854883934e-08, 3.7345922854883934e-08, 9.958912761302382e-09, 9.958912761302382e-09]
2026-08-09 20:58:39,677 INFO epoch=3 step=5320/5814 loss=1.472417 grad_norm=10.2680 lr=[6.127747840696259e-08, 6.127747840696259e-08, 3.676648704417755e-08, 3.676648704417755e-08, 9.804396545114012e-09, 9.804396545114012e-09]
2026-08-09 20:58:42,162 INFO epoch=3 step=5330/5814 loss=1.148084 grad_norm=11.1615 lr=[6.033059826162015e-08, 6.033059826162015e-08, 3.6198358956972086e-08, 3.6198358956972086e-08, 9.652895721859222e-09, 9.652895721859222e-09]
2026-08-09 20:58:44,642 INFO epoch=3 step=5340/5814 loss=1.443257 grad_norm=10.4358 lr=[5.9402594958919265e-08, 5.9402594958919265e-08, 3.5641556975351556e-08, 3.5641556975351556e-08, 9.504415193427081e-09, 9.504415193427081e-09]
2026-08-09 20:58:47,137 INFO epoch=3 step=5350/5814 loss=1.404088 grad_norm=12.0381 lr=[5.849349852489666e-08, 5.849349852489666e-08, 3.5096099114938e-08, 3.5096099114938e-08, 9.358959763983464e-09, 9.358959763983464e-09]
2026-08-09 20:58:49,623 INFO epoch=3 step=5360/5814 loss=1.332814 grad_norm=11.1945 lr=[5.760333837384713e-08, 5.760333837384713e-08, 3.456200302430828e-08, 3.456200302430828e-08, 9.21653413981554e-09, 9.21653413981554e-09]
2026-08-09 20:58:52,096 INFO epoch=3 step=5370/5814 loss=1.241603 grad_norm=9.6767 lr=[5.673214330737219e-08, 5.673214330737219e-08, 3.403928598442331e-08, 3.403928598442331e-08, 9.077142929179549e-09, 9.077142929179549e-09]
2026-08-09 20:58:54,572 INFO epoch=3 step=5380/5814 loss=1.259555 grad_norm=10.8669 lr=[5.587994151344803e-08, 5.587994151344803e-08, 3.352796490806882e-08, 3.352796490806882e-08, 8.940790642151685e-09, 8.940790642151685e-09]
2026-08-09 20:58:57,059 INFO epoch=3 step=5390/5814 loss=1.354245 grad_norm=12.9904 lr=[5.504676056551348e-08, 5.504676056551348e-08, 3.3028056339308085e-08, 3.3028056339308085e-08, 8.807481690482156e-09, 8.807481690482156e-09]
2026-08-09 20:58:59,555 INFO epoch=3 step=5400/5814 loss=1.472769 grad_norm=10.8764 lr=[5.423262742157763e-08, 5.423262742157763e-08, 3.2539576452946577e-08, 3.2539576452946577e-08, 8.677220387452421e-09, 8.677220387452421e-09]
/data1/work/MichaelYu/miniconda3/envs/florence/lib/python3.10/site-packages/transformers/generation/configuration_utils.py:453: UserWarning: `num_beams` is set to 1. However, `early_stopping` is set to `True` -- this flag is only used in beam-based generation modes. You should set `num_beams>1` or unset `early_stopping`.
  warnings.warn(
2026-08-09 21:00:30,820 INFO dev metrics: {'samples': 128, 'empty_outputs': 0, 'average_words': 21.2578125, 'p95_words': 30, 'length_18_24_ratio': 0.4765625, 'single_sentence_ratio': 1.0, 'subject_start_ratio': 1.0, 'dev_loss': 1.3651254547950171, 'global_step': 5400}
2026-08-09 21:00:36,634 INFO epoch=3 step=5410/5814 loss=1.602612 grad_norm=13.3068 lr=[5.343756842334813e-08, 5.343756842334813e-08, 3.2062541054008875e-08, 3.2062541054008875e-08, 8.5500109477357e-09, 8.5500109477357e-09]
2026-08-09 21:00:39,258 INFO epoch=3 step=5420/5814 loss=1.302563 grad_norm=9.6435 lr=[5.266160929537852e-08, 5.266160929537852e-08, 3.1596965577227106e-08, 3.1596965577227106e-08, 8.425857487260561e-09, 8.425857487260561e-09]
2026-08-09 21:00:41,800 INFO epoch=3 step=5430/5814 loss=1.545423 grad_norm=12.9598 lr=[5.190477514423578e-08, 5.190477514423578e-08, 3.1142865086541465e-08, 3.1142865086541465e-08, 8.304764023077723e-09, 8.304764023077723e-09]
2026-08-09 21:00:44,337 INFO epoch=3 step=5440/5814 loss=1.166991 grad_norm=11.0699 lr=[5.116709045768835e-08, 5.116709045768835e-08, 3.070025427461301e-08, 3.070025427461301e-08, 8.186734473230135e-09, 8.186734473230135e-09]
2026-08-09 21:00:46,986 INFO epoch=3 step=5450/5814 loss=1.397267 grad_norm=14.1326 lr=[5.0448579103913657e-08, 5.0448579103913657e-08, 3.026914746234819e-08, 3.026914746234819e-08, 8.071772656626184e-09, 8.071772656626184e-09]
2026-08-09 21:00:49,543 INFO epoch=3 step=5460/5814 loss=1.690378 grad_norm=11.0507 lr=[4.974926433072553e-08, 4.974926433072553e-08, 2.984955859843532e-08, 2.984955859843532e-08, 7.959882292916083e-09, 7.959882292916083e-09]
2026-08-09 21:00:52,090 INFO epoch=3 step=5470/5814 loss=1.354182 grad_norm=10.2952 lr=[4.906916876482263e-08, 4.906916876482263e-08, 2.9441501258893575e-08, 2.9441501258893575e-08, 7.85106700237162e-09, 7.85106700237162e-09]
2026-08-09 21:00:54,570 INFO epoch=3 step=5480/5814 loss=1.571246 grad_norm=10.3767 lr=[4.8408314411056003e-08, 4.8408314411056003e-08, 2.9044988646633603e-08, 2.9044988646633603e-08, 7.74533030576896e-09, 7.74533030576896e-09]
2026-08-09 21:00:57,048 INFO epoch=3 step=5490/5814 loss=1.238558 grad_norm=11.1991 lr=[4.776672265171686e-08, 4.776672265171686e-08, 2.8660033591030117e-08, 2.8660033591030117e-08, 7.642675624274697e-09, 7.642675624274697e-09]
2026-08-09 21:00:59,634 INFO epoch=3 step=5500/5814 loss=1.639573 grad_norm=11.1786 lr=[4.7144414245845345e-08, 4.7144414245845345e-08, 2.8286648547507205e-08, 2.8286648547507205e-08, 7.543106279335254e-09, 7.543106279335254e-09]
2026-08-09 21:01:02,118 INFO epoch=3 step=5510/5814 loss=1.408186 grad_norm=9.0059 lr=[4.6541409328558245e-08, 4.6541409328558245e-08, 2.7924845597134945e-08, 2.7924845597134945e-08, 7.4466254925693184e-09, 7.4466254925693184e-09]
2026-08-09 21:01:04,592 INFO epoch=3 step=5520/5814 loss=1.300028 grad_norm=11.1761 lr=[4.5957727410397855e-08, 4.5957727410397855e-08, 2.757463644623871e-08, 2.757463644623871e-08, 7.353236385663655e-09, 7.353236385663655e-09]
2026-08-09 21:01:07,092 INFO epoch=3 step=5530/5814 loss=1.376301 grad_norm=8.7463 lr=[4.5393387376700734e-08, 4.5393387376700734e-08, 2.723603242602044e-08, 2.723603242602044e-08, 7.262941980272116e-09, 7.262941980272116e-09]
2026-08-09 21:01:09,576 INFO epoch=3 step=5540/5814 loss=1.326826 grad_norm=10.6014 lr=[4.4848407486986564e-08, 4.4848407486986564e-08, 2.690904449219194e-08, 2.690904449219194e-08, 7.17574519791785e-09, 7.17574519791785e-09]
2026-08-09 21:01:12,060 INFO epoch=3 step=5550/5814 loss=1.339686 grad_norm=9.5201 lr=[4.43228053743672e-08, 4.43228053743672e-08, 2.6593683224620318e-08, 2.6593683224620318e-08, 7.091648859898751e-09, 7.091648859898751e-09]
2026-08-09 21:01:14,647 INFO epoch=3 step=5560/5814 loss=1.479842 grad_norm=10.8734 lr=[4.381659804497638e-08, 4.381659804497638e-08, 2.628995882698583e-08, 2.628995882698583e-08, 7.010655687196221e-09, 7.010655687196221e-09]
2026-08-09 21:01:17,281 INFO epoch=3 step=5570/5814 loss=1.383474 grad_norm=15.4771 lr=[4.332980187741949e-08, 4.332980187741949e-08, 2.5997881126451693e-08, 2.5997881126451693e-08, 6.932768300387118e-09, 6.932768300387118e-09]
2026-08-09 21:01:19,850 INFO epoch=3 step=5580/5814 loss=1.520247 grad_norm=9.5311 lr=[4.286243262224337e-08, 4.286243262224337e-08, 2.571745957334602e-08, 2.571745957334602e-08, 6.857989219558938e-09, 6.857989219558938e-09]
2026-08-09 21:01:22,402 INFO epoch=3 step=5590/5814 loss=1.420895 grad_norm=12.8992 lr=[4.24145054014268e-08, 4.24145054014268e-08, 2.5448703240856078e-08, 2.5448703240856078e-08, 6.7863208642282874e-09, 6.7863208642282874e-09]
2026-08-09 21:01:24,908 INFO epoch=3 step=5600/5814 loss=1.741595 grad_norm=17.7655 lr=[4.198603470789168e-08, 4.198603470789168e-08, 2.5191620824735006e-08, 2.5191620824735006e-08, 6.717765553262668e-09, 6.717765553262668e-09]
/data1/work/MichaelYu/miniconda3/envs/florence/lib/python3.10/site-packages/transformers/generation/configuration_utils.py:453: UserWarning: `num_beams` is set to 1. However, `early_stopping` is set to `True` -- this flag is only used in beam-based generation modes. You should set `num_beams>1` or unset `early_stopping`.
  warnings.warn(
2026-08-09 21:02:56,471 INFO dev metrics: {'samples': 128, 'empty_outputs': 0, 'average_words': 21.3671875, 'p95_words': 30, 'length_18_24_ratio': 0.5, 'single_sentence_ratio': 1.0, 'subject_start_ratio': 1.0, 'dev_loss': 1.364692954590766, 'global_step': 5600}
2026-08-09 21:03:02,068 INFO epoch=3 step=5610/5814 loss=1.458753 grad_norm=10.3953 lr=[4.157703440503316e-08, 4.157703440503316e-08, 2.4946220643019895e-08, 2.4946220643019895e-08, 6.652325504805305e-09, 6.652325504805305e-09]
2026-08-09 21:03:04,550 INFO epoch=3 step=5620/5814 loss=1.233632 grad_norm=10.9584 lr=[4.1187517726272015e-08, 4.1187517726272015e-08, 2.4712510635763207e-08, 2.4712510635763207e-08, 6.5900028362035214e-09, 6.5900028362035214e-09]
2026-08-09 21:03:07,024 INFO epoch=3 step=5630/5814 loss=1.399559 grad_norm=10.7290 lr=[4.081749727462602e-08, 4.081749727462602e-08, 2.449049836477561e-08, 2.449049836477561e-08, 6.530799563940162e-09, 6.530799563940162e-09]
2026-08-09 21:03:09,523 INFO epoch=3 step=5640/5814 loss=1.415230 grad_norm=15.1135 lr=[4.046698502230202e-08, 4.046698502230202e-08, 2.428019101338121e-08, 2.428019101338121e-08, 6.474717603568322e-09, 6.474717603568322e-09]
2026-08-09 21:03:12,006 INFO epoch=3 step=5650/5814 loss=1.148591 grad_norm=15.5349 lr=[4.013599231030894e-08, 4.013599231030894e-08, 2.4081595386185363e-08, 2.4081595386185363e-08, 6.421758769649429e-09, 6.421758769649429e-09]
2026-08-09 21:03:14,537 INFO epoch=3 step=5660/5814 loss=1.778550 grad_norm=10.0078 lr=[3.982452984809075e-08, 3.982452984809075e-08, 2.3894717908854447e-08, 2.3894717908854447e-08, 6.371924775694519e-09, 6.371924775694519e-09]
2026-08-09 21:03:17,115 INFO epoch=3 step=5670/5814 loss=1.564656 grad_norm=10.9340 lr=[3.953260771317971e-08, 3.953260771317971e-08, 2.3719564627907823e-08, 2.3719564627907823e-08, 6.325217234108752e-09, 6.325217234108752e-09]
2026-08-09 21:03:19,743 INFO epoch=3 step=5680/5814 loss=1.443392 grad_norm=15.1958 lr=[3.926023535087063e-08, 3.926023535087063e-08, 2.3556141210522374e-08, 2.3556141210522374e-08, 6.281637656139299e-09, 6.281637656139299e-09]
2026-08-09 21:03:22,303 INFO epoch=3 step=5690/5814 loss=1.225219 grad_norm=11.8299 lr=[3.9007421573915013e-08, 3.9007421573915013e-08, 2.340445294434901e-08, 2.340445294434901e-08, 6.241187451826402e-09, 6.241187451826402e-09]
2026-08-09 21:03:24,842 INFO epoch=3 step=5700/5814 loss=1.279870 grad_norm=10.4122 lr=[3.877417456223591e-08, 3.877417456223591e-08, 2.3264504737341543e-08, 2.3264504737341543e-08, 6.203867929957744e-09, 6.203867929957744e-09]
2026-08-09 21:03:27,342 INFO epoch=3 step=5710/5814 loss=1.407236 grad_norm=11.5710 lr=[3.8560501862663676e-08, 3.8560501862663676e-08, 2.3136301117598203e-08, 2.3136301117598203e-08, 6.169680298026187e-09, 6.169680298026187e-09]
2026-08-09 21:03:29,880 INFO epoch=3 step=5720/5814 loss=1.387475 grad_norm=12.8227 lr=[3.83664103886911e-08, 3.83664103886911e-08, 2.3019846233214658e-08, 2.3019846233214658e-08, 6.1386256621905745e-09, 6.1386256621905745e-09]
2026-08-09 21:03:32,354 INFO epoch=3 step=5730/5814 loss=1.312615 grad_norm=12.7748 lr=[3.819190642025043e-08, 3.819190642025043e-08, 2.291514385215026e-08, 2.291514385215026e-08, 6.110705027240069e-09, 6.110705027240069e-09]
2026-08-09 21:03:34,833 INFO epoch=3 step=5740/5814 loss=1.355831 grad_norm=10.5548 lr=[3.80369956035095e-08, 3.80369956035095e-08, 2.28221973621057e-08, 2.28221973621057e-08, 6.085919296561519e-09, 6.085919296561519e-09]
2026-08-09 21:03:37,309 INFO epoch=3 step=5750/5814 loss=1.482742 grad_norm=10.7040 lr=[3.7901682950689586e-08, 3.7901682950689586e-08, 2.274100977041375e-08, 2.274100977041375e-08, 6.064269272110332e-09, 6.064269272110332e-09]
2026-08-09 21:03:39,792 INFO epoch=3 step=5760/5814 loss=1.496796 grad_norm=14.3977 lr=[3.778597283990298e-08, 3.778597283990298e-08, 2.2671583703941784e-08, 2.2671583703941784e-08, 6.045755654384476e-09, 6.045755654384476e-09]
2026-08-09 21:03:42,288 INFO epoch=3 step=5770/5814 loss=1.624559 grad_norm=10.6463 lr=[3.7689869015011485e-08, 3.7689869015011485e-08, 2.261392140900689e-08, 2.261392140900689e-08, 6.030379042401837e-09, 6.030379042401837e-09]
2026-08-09 21:03:44,761 INFO epoch=3 step=5780/5814 loss=1.274805 grad_norm=9.8290 lr=[3.7613374585504875e-08, 3.7613374585504875e-08, 2.2568024751302926e-08, 2.2568024751302926e-08, 6.01813993368078e-09, 6.01813993368078e-09]
2026-08-09 21:03:47,236 INFO epoch=3 step=5790/5814 loss=1.494340 grad_norm=9.9156 lr=[3.7556492026401005e-08, 3.7556492026401005e-08, 2.2533895215840603e-08, 2.2533895215840603e-08, 6.00903872422416e-09, 6.00903872422416e-09]
2026-08-09 21:03:49,714 INFO epoch=3 step=5800/5814 loss=1.609625 grad_norm=8.9152 lr=[3.751922317816489e-08, 3.751922317816489e-08, 2.2511533906898933e-08, 2.2511533906898933e-08, 6.0030757085063815e-09, 6.0030757085063815e-09]
/data1/work/MichaelYu/miniconda3/envs/florence/lib/python3.10/site-packages/transformers/generation/configuration_utils.py:453: UserWarning: `num_beams` is set to 1. However, `early_stopping` is set to `True` -- this flag is only used in beam-based generation modes. You should set `num_beams>1` or unset `early_stopping`.
  warnings.warn(
2026-08-09 21:05:20,337 INFO dev metrics: {'samples': 128, 'empty_outputs': 0, 'average_words': 21.3828125, 'p95_words': 30, 'length_18_24_ratio': 0.5, 'single_sentence_ratio': 1.0, 'subject_start_ratio': 1.0, 'dev_loss': 1.364337012532488, 'global_step': 5800}
2026-08-09 21:05:26,460 INFO epoch=3 step=5810/5814 loss=1.349827 grad_norm=12.6990 lr=[3.750156924664997e-08, 3.750156924664997e-08, 2.2500941547989982e-08, 2.2500941547989982e-08, 6.000251079463995e-09, 6.000251079463995e-09]
2026-08-09 21:05:30,344 INFO training stopped at optimizer step 5814
