
[2026-08-07T05:32:23.540323+00:00] START /data1/work/MichaelYu/miniconda3/envs/florence/bin/torchrun --standalone --nproc_per_node=4 --master_port=29720 /data1/work/MichaelYu/florence-attibute/scripts/train_person_attribute_sft.py --train-data /data1/work/MichaelYu/florence-attibute/data/prepared/train.jsonl --dev-data /data1/work/MichaelYu/florence-attibute/data/prepared/dev.jsonl --replay-data /data1/work/MichaelYu/florence-attibute/data/prepared/native_replay.jsonl --model-path /data1/work/MichaelYu/florence-attibute/pretrained/Florence-2-base --output-root /data1/work/MichaelYu/florence-attibute/artifacts/sft --run-name region_category_person_sft_30k_person_only_b16_e3_lr125 --formal-global-batch-size 16 --per-device-batch-size 4 --gradient-accumulation-steps 1 --vision-lr 2e-07 --projection-lr 7.5e-07 --language-lr 1.25e-06 --weight-decay 0.015 --label-smoothing 0.05 --warmup-ratio 0.05 --min-lr-ratio 0.03 --eval-steps 200 --log-steps 10 --num-workers 6 --dev-num-workers 0 --prefetch-factor 1 --epochs 3 --max-optimizer-steps 5625 --person-only
2026-08-07 13:32:34,294 WARNING Missing checkpoint keys after tied-weight load: ['language_model.model.encoder.embed_tokens.weight', 'language_model.model.decoder.embed_tokens.weight', 'language_model.lm_head.weight']
2026-08-07 13:32:34,496 INFO parameter groups: {'vision': {'tensors': 400, 'parameters': 90368000}, 'projection': {'tensors': 5, 'parameters': 839168}, 'language': {'tensors': 259, 'parameters': 140206848}}
/data1/work/MichaelYu/miniconda3/envs/florence/lib/python3.10/site-packages/torch/autograd/graph.py:825: UserWarning: Grad strides do not match bucket view strides. This may indicate grad was not created according to the gradient layout contract, or that the param's strides changed since DDP was constructed.  This is not an error, but may impair performance.
grad.sizes() = [1024, 1, 3, 3], strides() = [9, 1, 3, 1]
bucket_view.sizes() = [1024, 1, 3, 3], strides() = [9, 9, 3, 1] (Triggered internally at ../torch/csrc/distributed/c10d/reducer.cpp:327.)
  return Variable._execution_engine.run_backward(  # Calls into the C++ engine to run the backward pass
/data1/work/MichaelYu/miniconda3/envs/florence/lib/python3.10/site-packages/torch/autograd/graph.py:825: UserWarning: Grad strides do not match bucket view strides. This may indicate grad was not created according to the gradient layout contract, or that the param's strides changed since DDP was constructed.  This is not an error, but may impair performance.
grad.sizes() = [1024, 1, 3, 3], strides() = [9, 1, 3, 1]
bucket_view.sizes() = [1024, 1, 3, 3], strides() = [9, 9, 3, 1] (Triggered internally at ../torch/csrc/distributed/c10d/reducer.cpp:327.)
  return Variable._execution_engine.run_backward(  # Calls into the C++ engine to run the backward pass
/data1/work/MichaelYu/miniconda3/envs/florence/lib/python3.10/site-packages/torch/autograd/graph.py:825: UserWarning: Grad strides do not match bucket view strides. This may indicate grad was not created according to the gradient layout contract, or that the param's strides changed since DDP was constructed.  This is not an error, but may impair performance.
grad.sizes() = [1024, 1, 3, 3], strides() = [9, 1, 3, 1]
bucket_view.sizes() = [1024, 1, 3, 3], strides() = [9, 9, 3, 1] (Triggered internally at ../torch/csrc/distributed/c10d/reducer.cpp:327.)
  return Variable._execution_engine.run_backward(  # Calls into the C++ engine to run the backward pass
/data1/work/MichaelYu/miniconda3/envs/florence/lib/python3.10/site-packages/torch/autograd/graph.py:825: UserWarning: Grad strides do not match bucket view strides. This may indicate grad was not created according to the gradient layout contract, or that the param's strides changed since DDP was constructed.  This is not an error, but may impair performance.
grad.sizes() = [1024, 1, 3, 3], strides() = [9, 1, 3, 1]
bucket_view.sizes() = [1024, 1, 3, 3], strides() = [9, 9, 3, 1] (Triggered internally at ../torch/csrc/distributed/c10d/reducer.cpp:327.)
  return Variable._execution_engine.run_backward(  # Calls into the C++ engine to run the backward pass
2026-08-07 13:32:37,103 INFO epoch=1 step=1/5625 loss=4.144305 grad_norm=34.3508 lr=[4.4326241134751775e-09, 4.4326241134751775e-09, 2.6595744680851063e-09, 2.6595744680851063e-09, 7.092198581560284e-10, 7.092198581560284e-10]
2026-08-07 13:32:39,700 INFO epoch=1 step=10/5625 loss=3.566043 grad_norm=26.4672 lr=[4.432624113475178e-08, 4.432624113475178e-08, 2.6595744680851065e-08, 2.6595744680851065e-08, 7.092198581560284e-09, 7.092198581560284e-09]
2026-08-07 13:32:42,348 INFO epoch=1 step=20/5625 loss=3.639252 grad_norm=23.4151 lr=[8.865248226950356e-08, 8.865248226950356e-08, 5.319148936170213e-08, 5.319148936170213e-08, 1.4184397163120568e-08, 1.4184397163120568e-08]
2026-08-07 13:32:44,938 INFO epoch=1 step=30/5625 loss=3.420757 grad_norm=24.9764 lr=[1.3297872340425533e-07, 1.3297872340425533e-07, 7.978723404255319e-08, 7.978723404255319e-08, 2.127659574468085e-08, 2.127659574468085e-08]
2026-08-07 13:32:47,445 INFO epoch=1 step=40/5625 loss=3.458362 grad_norm=26.0213 lr=[1.7730496453900713e-07, 1.7730496453900713e-07, 1.0638297872340426e-07, 1.0638297872340426e-07, 2.8368794326241137e-08, 2.8368794326241137e-08]
2026-08-07 13:32:49,969 INFO epoch=1 step=50/5625 loss=3.345515 grad_norm=26.3000 lr=[2.216312056737589e-07, 2.216312056737589e-07, 1.3297872340425533e-07, 1.3297872340425533e-07, 3.546099290780142e-08, 3.546099290780142e-08]
2026-08-07 13:32:52,444 INFO epoch=1 step=60/5625 loss=3.360272 grad_norm=25.7921 lr=[2.6595744680851066e-07, 2.6595744680851066e-07, 1.5957446808510638e-07, 1.5957446808510638e-07, 4.25531914893617e-08, 4.25531914893617e-08]
2026-08-07 13:32:54,923 INFO epoch=1 step=70/5625 loss=3.298849 grad_norm=21.7924 lr=[3.1028368794326243e-07, 3.1028368794326243e-07, 1.8617021276595745e-07, 1.8617021276595745e-07, 4.964539007092198e-08, 4.964539007092198e-08]
2026-08-07 13:32:57,405 INFO epoch=1 step=80/5625 loss=3.428295 grad_norm=20.4053 lr=[3.5460992907801425e-07, 3.5460992907801425e-07, 2.1276595744680852e-07, 2.1276595744680852e-07, 5.6737588652482273e-08, 5.6737588652482273e-08]
2026-08-07 13:32:59,886 INFO epoch=1 step=90/5625 loss=2.801017 grad_norm=24.7803 lr=[3.98936170212766e-07, 3.98936170212766e-07, 2.393617021276596e-07, 2.393617021276596e-07, 6.382978723404255e-08, 6.382978723404255e-08]
2026-08-07 13:33:02,388 INFO epoch=1 step=100/5625 loss=2.853187 grad_norm=22.7428 lr=[4.432624113475178e-07, 4.432624113475178e-07, 2.6595744680851066e-07, 2.6595744680851066e-07, 7.092198581560284e-08, 7.092198581560284e-08]
2026-08-07 13:33:04,876 INFO epoch=1 step=110/5625 loss=2.981748 grad_norm=16.1355 lr=[4.875886524822696e-07, 4.875886524822696e-07, 2.9255319148936174e-07, 2.9255319148936174e-07, 7.801418439716311e-08, 7.801418439716311e-08]
2026-08-07 13:33:07,331 INFO epoch=1 step=120/5625 loss=2.663966 grad_norm=16.5662 lr=[5.319148936170213e-07, 5.319148936170213e-07, 3.1914893617021275e-07, 3.1914893617021275e-07, 8.51063829787234e-08, 8.51063829787234e-08]
2026-08-07 13:33:09,806 INFO epoch=1 step=130/5625 loss=2.359047 grad_norm=14.2237 lr=[5.762411347517731e-07, 5.762411347517731e-07, 3.457446808510638e-07, 3.457446808510638e-07, 9.219858156028369e-08, 9.219858156028369e-08]
2026-08-07 13:33:12,305 INFO epoch=1 step=140/5625 loss=2.498624 grad_norm=14.5412 lr=[6.205673758865249e-07, 6.205673758865249e-07, 3.723404255319149e-07, 3.723404255319149e-07, 9.929078014184396e-08, 9.929078014184396e-08]
2026-08-07 13:33:14,790 INFO epoch=1 step=150/5625 loss=2.319584 grad_norm=11.3500 lr=[6.648936170212766e-07, 6.648936170212766e-07, 3.9893617021276597e-07, 3.9893617021276597e-07, 1.0638297872340425e-07, 1.0638297872340425e-07]
2026-08-07 13:33:17,350 INFO epoch=1 step=160/5625 loss=2.476612 grad_norm=10.6574 lr=[7.092198581560285e-07, 7.092198581560285e-07, 4.2553191489361704e-07, 4.2553191489361704e-07, 1.1347517730496455e-07, 1.1347517730496455e-07]
2026-08-07 13:33:19,877 INFO epoch=1 step=170/5625 loss=2.573456 grad_norm=11.3697 lr=[7.535460992907802e-07, 7.535460992907802e-07, 4.5212765957446806e-07, 4.5212765957446806e-07, 1.205673758865248e-07, 1.205673758865248e-07]
2026-08-07 13:33:22,330 INFO epoch=1 step=180/5625 loss=1.888075 grad_norm=10.7700 lr=[7.97872340425532e-07, 7.97872340425532e-07, 4.787234042553192e-07, 4.787234042553192e-07, 1.276595744680851e-07, 1.276595744680851e-07]
2026-08-07 13:33:24,829 INFO epoch=1 step=190/5625 loss=1.840236 grad_norm=11.0645 lr=[8.421985815602837e-07, 8.421985815602837e-07, 5.053191489361702e-07, 5.053191489361702e-07, 1.3475177304964538e-07, 1.3475177304964538e-07]
2026-08-07 13:33:27,290 INFO epoch=1 step=200/5625 loss=2.128737 grad_norm=16.9571 lr=[8.865248226950356e-07, 8.865248226950356e-07, 5.319148936170213e-07, 5.319148936170213e-07, 1.4184397163120568e-07, 1.4184397163120568e-07]
/data1/work/MichaelYu/miniconda3/envs/florence/lib/python3.10/site-packages/transformers/generation/configuration_utils.py:453: UserWarning: `num_beams` is set to 1. However, `early_stopping` is set to `True` -- this flag is only used in beam-based generation modes. You should set `num_beams>1` or unset `early_stopping`.
  warnings.warn(
2026-08-07 13:35:05,035 INFO dev metrics: {'samples': 128, 'empty_outputs': 0, 'average_words': 20.6171875, 'p95_words': 26, 'length_18_24_ratio': 0.671875, 'single_sentence_ratio': 1.0, 'subject_start_ratio': 0.9921875, 'dev_loss': 1.9226068240609597, 'global_step': 200}
Removed shared tensor {'language_model.model.decoder.embed_tokens.weight', 'language_model.model.encoder.embed_tokens.weight'} while saving. This should be OK, but check by verifying that you don't receive any warning while reloading
2026-08-07 13:35:11,231 INFO epoch=1 step=210/5625 loss=2.311566 grad_norm=13.0616 lr=[9.308510638297872e-07, 9.308510638297872e-07, 5.585106382978723e-07, 5.585106382978723e-07, 1.4893617021276595e-07, 1.4893617021276595e-07]
2026-08-07 13:35:13,755 INFO epoch=1 step=220/5625 loss=1.874031 grad_norm=10.6520 lr=[9.751773049645391e-07, 9.751773049645391e-07, 5.851063829787235e-07, 5.851063829787235e-07, 1.5602836879432623e-07, 1.5602836879432623e-07]
2026-08-07 13:35:16,274 INFO epoch=1 step=230/5625 loss=1.667808 grad_norm=9.7550 lr=[1.0195035460992908e-06, 1.0195035460992908e-06, 6.117021276595745e-07, 6.117021276595745e-07, 1.631205673758865e-07, 1.631205673758865e-07]
2026-08-07 13:35:18,763 INFO epoch=1 step=240/5625 loss=2.146227 grad_norm=10.1488 lr=[1.0638297872340427e-06, 1.0638297872340427e-06, 6.382978723404255e-07, 6.382978723404255e-07, 1.702127659574468e-07, 1.702127659574468e-07]
2026-08-07 13:35:21,235 INFO epoch=1 step=250/5625 loss=1.925357 grad_norm=8.5172 lr=[1.1081560283687943e-06, 1.1081560283687943e-06, 6.648936170212765e-07, 6.648936170212765e-07, 1.7730496453900707e-07, 1.7730496453900707e-07]
2026-08-07 13:35:23,694 INFO epoch=1 step=260/5625 loss=1.908764 grad_norm=11.0663 lr=[1.1524822695035462e-06, 1.1524822695035462e-06, 6.914893617021277e-07, 6.914893617021277e-07, 1.8439716312056737e-07, 1.8439716312056737e-07]
2026-08-07 13:35:26,169 INFO epoch=1 step=270/5625 loss=1.761610 grad_norm=10.4641 lr=[1.196808510638298e-06, 1.196808510638298e-06, 7.180851063829788e-07, 7.180851063829788e-07, 1.9148936170212767e-07, 1.9148936170212767e-07]
2026-08-07 13:35:28,639 INFO epoch=1 step=280/5625 loss=1.856297 grad_norm=13.8127 lr=[1.2411347517730497e-06, 1.2411347517730497e-06, 7.446808510638298e-07, 7.446808510638298e-07, 1.9858156028368792e-07, 1.9858156028368792e-07]
2026-08-07 13:35:31,135 INFO epoch=1 step=290/5625 loss=1.649111 grad_norm=14.0456 lr=[1.249993292968807e-06, 1.249993292968807e-06, 7.499959757812841e-07, 7.499959757812841e-07, 1.9999892687500908e-07, 1.9999892687500908e-07]
2026-08-07 13:35:33,597 INFO epoch=1 step=300/5625 loss=1.763459 grad_norm=9.9524 lr=[1.2499660459089249e-06, 1.2499660459089249e-06, 7.499796275453549e-07, 7.499796275453549e-07, 1.9999456734542798e-07, 1.9999456734542798e-07]
2026-08-07 13:35:36,077 INFO epoch=1 step=310/5625 loss=1.596068 grad_norm=10.8135 lr=[1.2499178405721735e-06, 1.2499178405721735e-06, 7.499507043433041e-07, 7.499507043433041e-07, 1.9998685449154773e-07, 1.9998685449154773e-07]
2026-08-07 13:35:38,583 INFO epoch=1 step=320/5625 loss=1.893827 grad_norm=9.5618 lr=[1.249848678625121e-06, 1.249848678625121e-06, 7.499092071750726e-07, 7.499092071750726e-07, 1.9997578858001933e-07, 1.9997578858001933e-07]
2026-08-07 13:35:41,060 INFO epoch=1 step=330/5625 loss=1.916146 grad_norm=9.1115 lr=[1.2497585624588548e-06, 1.2497585624588548e-06, 7.498551374753128e-07, 7.498551374753128e-07, 1.9996136999341672e-07, 1.9996136999341672e-07]
2026-08-07 13:35:43,518 INFO epoch=1 step=340/5625 loss=1.914246 grad_norm=16.9667 lr=[1.249647495188897e-06, 1.249647495188897e-06, 7.497884971133381e-07, 7.497884971133381e-07, 1.9994359923022348e-07, 1.9994359923022348e-07]
2026-08-07 13:35:46,052 INFO epoch=1 step=350/5625 loss=1.851443 grad_norm=10.2979 lr=[1.2495154806550973e-06, 1.2495154806550973e-06, 7.497092883930584e-07, 7.497092883930584e-07, 1.9992247690481554e-07, 1.9992247690481554e-07]
2026-08-07 13:35:48,578 INFO epoch=1 step=360/5625 loss=1.798654 grad_norm=37.7986 lr=[1.2493625234215005e-06, 1.2493625234215005e-06, 7.496175140529002e-07, 7.496175140529002e-07, 1.9989800374744002e-07, 1.9989800374744002e-07]
2026-08-07 13:35:51,058 INFO epoch=1 step=370/5625 loss=1.571784 grad_norm=9.9663 lr=[1.2491886287761885e-06, 1.2491886287761885e-06, 7.49513177265713e-07, 7.49513177265713e-07, 1.9987018060419013e-07, 1.9987018060419013e-07]
2026-08-07 13:35:53,519 INFO epoch=1 step=380/5625 loss=1.537211 grad_norm=10.3024 lr=[1.2489938027310974e-06, 1.2489938027310974e-06, 7.493962816386584e-07, 7.493962816386584e-07, 1.9983900843697556e-07, 1.9983900843697556e-07]
2026-08-07 13:35:56,015 INFO epoch=1 step=390/5625 loss=1.860307 grad_norm=10.0330 lr=[1.2487780520218094e-06, 1.2487780520218094e-06, 7.492668312130856e-07, 7.492668312130856e-07, 1.9980448832348948e-07, 1.9980448832348948e-07]
2026-08-07 13:35:58,487 INFO epoch=1 step=400/5625 loss=1.636099 grad_norm=8.9752 lr=[1.2485413841073214e-06, 1.2485413841073214e-06, 7.491248304643927e-07, 7.491248304643927e-07, 1.997666214571714e-07, 1.997666214571714e-07]
/data1/work/MichaelYu/miniconda3/envs/florence/lib/python3.10/site-packages/transformers/generation/configuration_utils.py:453: UserWarning: `num_beams` is set to 1. However, `early_stopping` is set to `True` -- this flag is only used in beam-based generation modes. You should set `num_beams>1` or unset `early_stopping`.
  warnings.warn(
2026-08-07 13:37:50,202 INFO dev metrics: {'samples': 128, 'empty_outputs': 0, 'average_words': 21.25, 'p95_words': 28, 'length_18_24_ratio': 0.6640625, 'single_sentence_ratio': 1.0, 'subject_start_ratio': 1.0, 'dev_loss': 1.6467270795743183, 'global_step': 400}
2026-08-07 13:37:56,318 INFO epoch=1 step=410/5625 loss=1.930620 grad_norm=12.7474 lr=[1.2482838071697837e-06, 1.2482838071697837e-06, 7.489702843018702e-07, 7.489702843018702e-07, 1.9972540914716538e-07, 1.9972540914716538e-07]
2026-08-07 13:37:58,806 INFO epoch=1 step=420/5625 loss=1.820944 grad_norm=11.5420 lr=[1.2480053301142224e-06, 1.2480053301142224e-06, 7.488031980685334e-07, 7.488031980685334e-07, 1.9968085281827556e-07, 1.9968085281827556e-07]
2026-08-07 13:38:01,373 INFO epoch=1 step=430/5625 loss=1.697555 grad_norm=10.6953 lr=[1.247705962568226e-06, 1.247705962568226e-06, 7.486235775409356e-07, 7.486235775409356e-07, 1.9963295401091613e-07, 1.9963295401091613e-07]
2026-08-07 13:38:06,188 INFO epoch=1 step=440/5625 loss=1.783740 grad_norm=9.9999 lr=[1.2473857148816162e-06, 1.2473857148816162e-06, 7.484314289289697e-07, 7.484314289289697e-07, 1.9958171438105856e-07, 1.9958171438105856e-07]
2026-08-07 13:38:08,676 INFO epoch=1 step=450/5625 loss=1.718194 grad_norm=9.9600 lr=[1.2470445981260894e-06, 1.2470445981260894e-06, 7.482267588756536e-07, 7.482267588756536e-07, 1.9952713570017427e-07, 1.9952713570017427e-07]
2026-08-07 13:38:11,137 INFO epoch=1 step=460/5625 loss=1.450025 grad_norm=9.8392 lr=[1.2466826240948325e-06, 1.2466826240948325e-06, 7.480095744568994e-07, 7.480095744568994e-07, 1.9946921985517314e-07, 1.9946921985517314e-07]
2026-08-07 13:38:13,609 INFO epoch=1 step=470/5625 loss=1.787886 grad_norm=10.8498 lr=[1.2462998053021166e-06, 1.2462998053021166e-06, 7.4777988318127e-07, 7.4777988318127e-07, 1.9940796884833865e-07, 1.9940796884833865e-07]
2026-08-07 13:38:16,156 INFO epoch=1 step=480/5625 loss=1.529095 grad_norm=10.1555 lr=[1.245896154982864e-06, 1.245896154982864e-06, 7.475376929897184e-07, 7.475376929897184e-07, 1.993433847972582e-07, 1.993433847972582e-07]
2026-08-07 13:38:18,756 INFO epoch=1 step=490/5625 loss=1.967094 grad_norm=11.0428 lr=[1.245471687092191e-06, 1.245471687092191e-06, 7.472830122553145e-07, 7.472830122553145e-07, 1.9927546993475054e-07, 1.9927546993475054e-07]
2026-08-07 13:38:21,250 INFO epoch=1 step=500/5625 loss=1.641992 grad_norm=11.6476 lr=[1.2450264163049239e-06, 1.2450264163049239e-06, 7.470158497829543e-07, 7.470158497829543e-07, 1.992042266087878e-07, 1.992042266087878e-07]
2026-08-07 13:38:23,719 INFO epoch=1 step=510/5625 loss=1.709446 grad_norm=12.1737 lr=[1.2445603580150938e-06, 1.2445603580150938e-06, 7.467362148090562e-07, 7.467362148090562e-07, 1.9912965728241498e-07, 1.9912965728241498e-07]
2026-08-07 13:38:26,178 INFO epoch=1 step=520/5625 loss=1.726219 grad_norm=10.7008 lr=[1.2440735283354028e-06, 1.2440735283354028e-06, 7.464441170012417e-07, 7.464441170012417e-07, 1.9905176453366444e-07, 1.9905176453366444e-07]
2026-08-07 13:38:28,742 INFO epoch=1 step=530/5625 loss=1.629083 grad_norm=8.2674 lr=[1.243565944096668e-06, 1.243565944096668e-06, 7.461395664580008e-07, 7.461395664580008e-07, 1.9897055105546684e-07, 1.9897055105546684e-07]
2026-08-07 13:38:31,200 INFO epoch=1 step=540/5625 loss=1.437549 grad_norm=9.7715 lr=[1.2430376228472389e-06, 1.2430376228472389e-06, 7.458225737083433e-07, 7.458225737083433e-07, 1.988860196555582e-07, 1.988860196555582e-07]
2026-08-07 13:38:33,660 INFO epoch=1 step=550/5625 loss=1.527423 grad_norm=10.3012 lr=[1.2424885828523905e-06, 1.2424885828523905e-06, 7.454931497114342e-07, 7.454931497114342e-07, 1.9879817325638244e-07, 1.9879817325638244e-07]
2026-08-07 13:38:36,165 INFO epoch=1 step=560/5625 loss=1.547922 grad_norm=9.7291 lr=[1.2419188430936926e-06, 1.2419188430936926e-06, 7.451513058562156e-07, 7.451513058562156e-07, 1.987070148949908e-07, 1.987070148949908e-07]
2026-08-07 13:38:38,750 INFO epoch=1 step=570/5625 loss=1.685513 grad_norm=13.1907 lr=[1.2413284232683538e-06, 1.2413284232683538e-06, 7.447970539610122e-07, 7.447970539610122e-07, 1.9861254772293656e-07, 1.9861254772293656e-07]
2026-08-07 13:38:41,311 INFO epoch=1 step=580/5625 loss=1.407499 grad_norm=10.4111 lr=[1.240717343788539e-06, 1.240717343788539e-06, 7.444304062731233e-07, 7.444304062731233e-07, 1.985147750061662e-07, 1.985147750061662e-07]
2026-08-07 13:38:43,882 INFO epoch=1 step=590/5625 loss=1.797380 grad_norm=9.6797 lr=[1.2400856257806654e-06, 1.2400856257806654e-06, 7.440513754683992e-07, 7.440513754683992e-07, 1.9841370012490643e-07, 1.9841370012490643e-07]
2026-08-07 13:38:46,476 INFO epoch=1 step=600/5625 loss=1.453817 grad_norm=11.1167 lr=[1.2394332910846708e-06, 1.2394332910846708e-06, 7.436599746508025e-07, 7.436599746508025e-07, 1.9830932657354731e-07, 1.9830932657354731e-07]
/data1/work/MichaelYu/miniconda3/envs/florence/lib/python3.10/site-packages/transformers/generation/configuration_utils.py:453: UserWarning: `num_beams` is set to 1. However, `early_stopping` is set to `True` -- this flag is only used in beam-based generation modes. You should set `num_beams>1` or unset `early_stopping`.
  warnings.warn(
2026-08-07 13:40:27,055 INFO dev metrics: {'samples': 128, 'empty_outputs': 0, 'average_words': 21.578125, 'p95_words': 30, 'length_18_24_ratio': 0.6015625, 'single_sentence_ratio': 1.0, 'subject_start_ratio': 1.0, 'dev_loss': 1.5701060764211268, 'global_step': 600}
2026-08-07 13:40:32,821 INFO epoch=1 step=610/5625 loss=1.426510 grad_norm=10.5320 lr=[1.2387603622532598e-06, 1.2387603622532598e-06, 7.432562173519559e-07, 7.432562173519559e-07, 1.9820165796052156e-07, 1.9820165796052156e-07]
2026-08-07 13:40:35,483 INFO epoch=1 step=620/5625 loss=1.786805 grad_norm=11.9784 lr=[1.2380668625511227e-06, 1.2380668625511227e-06, 7.428401175306736e-07, 7.428401175306736e-07, 1.9809069800817962e-07, 1.9809069800817962e-07]
2026-08-07 13:40:39,964 INFO epoch=1 step=630/5625 loss=1.618971 grad_norm=11.4860 lr=[1.2373528159541327e-06, 1.2373528159541327e-06, 7.424116895724795e-07, 7.424116895724795e-07, 1.979764505526612e-07, 1.979764505526612e-07]
2026-08-07 13:40:42,737 INFO epoch=1 step=640/5625 loss=1.513664 grad_norm=15.8943 lr=[1.236618247148515e-06, 1.236618247148515e-06, 7.41970948289109e-07, 7.41970948289109e-07, 1.9785891954376238e-07, 1.9785891954376238e-07]
2026-08-07 13:40:45,386 INFO epoch=1 step=650/5625 loss=1.714666 grad_norm=21.8892 lr=[1.2358631815299958e-06, 1.2358631815299958e-06, 7.415179089179973e-07, 7.415179089179973e-07, 1.9773810904479927e-07, 1.9773810904479927e-07]
2026-08-07 13:40:49,726 INFO epoch=1 step=660/5625 loss=1.598870 grad_norm=10.0237 lr=[1.2350876452029222e-06, 1.2350876452029222e-06, 7.410525871217533e-07, 7.410525871217533e-07, 1.9761402323246755e-07, 1.9761402323246755e-07]
2026-08-07 13:40:52,412 INFO epoch=1 step=670/5625 loss=1.666627 grad_norm=12.5422 lr=[1.2342916649793615e-06, 1.2342916649793615e-06, 7.405749989876169e-07, 7.405749989876169e-07, 1.9748666639669783e-07, 1.9748666639669783e-07]
2026-08-07 13:40:54,886 INFO epoch=1 step=680/5625 loss=1.527578 grad_norm=11.3198 lr=[1.233475268378172e-06, 1.233475268378172e-06, 7.400851610269032e-07, 7.400851610269032e-07, 1.973560429405075e-07, 1.973560429405075e-07]
2026-08-07 13:40:57,356 INFO epoch=1 step=690/5625 loss=1.361111 grad_norm=8.8424 lr=[1.2326384836240545e-06, 1.2326384836240545e-06, 7.395830901744326e-07, 7.395830901744326e-07, 1.9722215737984867e-07, 1.9722215737984867e-07]
2026-08-07 13:40:59,840 INFO epoch=1 step=700/5625 loss=1.407418 grad_norm=16.3155 lr=[1.2317813396465733e-06, 1.2317813396465733e-06, 7.39068803787944e-07, 7.39068803787944e-07, 1.970850143434517e-07, 1.970850143434517e-07]
2026-08-07 13:41:02,315 INFO epoch=1 step=710/5625 loss=1.698079 grad_norm=10.5597 lr=[1.2309038660791588e-06, 1.2309038660791588e-06, 7.385423196474953e-07, 7.385423196474953e-07, 1.9694461857266538e-07, 1.9694461857266538e-07]
2026-08-07 13:41:04,786 INFO epoch=1 step=720/5625 loss=1.419005 grad_norm=10.0133 lr=[1.2300060932580815e-06, 1.2300060932580815e-06, 7.380036559548488e-07, 7.380036559548488e-07, 1.96800974921293e-07, 1.96800974921293e-07]
2026-08-07 13:41:07,262 INFO epoch=1 step=730/5625 loss=1.765093 grad_norm=9.5205 lr=[1.2290880522214037e-06, 1.2290880522214037e-06, 7.374528313328422e-07, 7.374528313328422e-07, 1.9665408835542456e-07, 1.9665408835542456e-07]
2026-08-07 13:41:09,723 INFO epoch=1 step=740/5625 loss=1.751504 grad_norm=10.1602 lr=[1.228149774707906e-06, 1.228149774707906e-06, 7.368898648247434e-07, 7.368898648247434e-07, 1.9650396395326493e-07, 1.9650396395326493e-07]
2026-08-07 13:41:12,277 INFO epoch=1 step=750/5625 loss=1.585410 grad_norm=10.0846 lr=[1.2271912931559908e-06, 1.2271912931559908e-06, 7.363147758935944e-07, 7.363147758935944e-07, 1.963506069049585e-07, 1.963506069049585e-07]
2026-08-07 13:41:14,738 INFO epoch=1 step=760/5625 loss=1.732069 grad_norm=11.1085 lr=[1.2262126407025602e-06, 1.2262126407025602e-06, 7.35727584421536e-07, 7.35727584421536e-07, 1.961940225124096e-07, 1.961940225124096e-07]
2026-08-07 13:41:17,207 INFO epoch=1 step=770/5625 loss=1.611091 grad_norm=11.1480 lr=[1.2252138511818704e-06, 1.2252138511818704e-06, 7.351283107091222e-07, 7.351283107091222e-07, 1.9603421618909924e-07, 1.9603421618909924e-07]
2026-08-07 13:41:19,668 INFO epoch=1 step=780/5625 loss=1.384724 grad_norm=9.3406 lr=[1.2241949591243621e-06, 1.2241949591243621e-06, 7.345169754746172e-07, 7.345169754746172e-07, 1.9587119345989792e-07, 1.9587119345989792e-07]
2026-08-07 13:41:22,154 INFO epoch=1 step=790/5625 loss=1.521707 grad_norm=11.5239 lr=[1.2231559997554671e-06, 1.2231559997554671e-06, 7.338935998532803e-07, 7.338935998532803e-07, 1.9570495996087473e-07, 1.9570495996087473e-07]
2026-08-07 13:41:24,649 INFO epoch=1 step=800/5625 loss=1.718582 grad_norm=11.5107 lr=[1.2220970089943899e-06, 1.2220970089943899e-06, 7.332582053966338e-07, 7.332582053966338e-07, 1.9553552143910235e-07, 1.9553552143910235e-07]
/data1/work/MichaelYu/miniconda3/envs/florence/lib/python3.10/site-packages/transformers/generation/configuration_utils.py:453: UserWarning: `num_beams` is set to 1. However, `early_stopping` is set to `True` -- this flag is only used in beam-based generation modes. You should set `num_beams>1` or unset `early_stopping`.
  warnings.warn(
2026-08-07 13:44:17,900 INFO dev metrics: {'samples': 128, 'empty_outputs': 0, 'average_words': 21.765625, 'p95_words': 29, 'length_18_24_ratio': 0.5625, 'single_sentence_ratio': 1.0, 'subject_start_ratio': 1.0, 'dev_loss': 1.524722510526523, 'global_step': 800}
2026-08-07 13:44:25,909 INFO epoch=1 step=810/5625 loss=1.980652 grad_norm=10.1684 lr=[1.2210180234528658e-06, 1.2210180234528658e-06, 7.326108140717195e-07, 7.326108140717195e-07, 1.9536288375245852e-07, 1.9536288375245852e-07]
2026-08-07 13:44:31,942 INFO epoch=1 step=820/5625 loss=1.940000 grad_norm=12.3918 lr=[1.2199190804338962e-06, 1.2199190804338962e-06, 7.319514482603377e-07, 7.319514482603377e-07, 1.9518705286942335e-07, 1.9518705286942335e-07]
2026-08-07 13:44:34,483 INFO epoch=1 step=830/5625 loss=1.670401 grad_norm=11.9203 lr=[1.218800217930457e-06, 1.218800217930457e-06, 7.312801307582742e-07, 7.312801307582742e-07, 1.950080348688731e-07, 1.950080348688731e-07]
2026-08-07 13:44:36,937 INFO epoch=1 step=840/5625 loss=1.486961 grad_norm=10.0176 lr=[1.2176614746241877e-06, 1.2176614746241877e-06, 7.305968847745126e-07, 7.305968847745126e-07, 1.9482583593987002e-07, 1.9482583593987002e-07]
2026-08-07 13:44:39,403 INFO epoch=1 step=850/5625 loss=1.730857 grad_norm=11.1880 lr=[1.2165028898840516e-06, 1.2165028898840516e-06, 7.299017339304309e-07, 7.299017339304309e-07, 1.9464046238144822e-07, 1.9464046238144822e-07]
2026-08-07 13:44:41,927 INFO epoch=1 step=860/5625 loss=1.478928 grad_norm=9.6715 lr=[1.2153245037649763e-06, 1.2153245037649763e-06, 7.291947022589858e-07, 7.291947022589858e-07, 1.944519206023962e-07, 1.944519206023962e-07]
2026-08-07 13:44:44,408 INFO epoch=1 step=870/5625 loss=1.626308 grad_norm=14.4400 lr=[1.2141263570064683e-06, 1.2141263570064683e-06, 7.28475814203881e-07, 7.28475814203881e-07, 1.942602171210349e-07, 1.942602171210349e-07]
2026-08-07 13:44:47,037 INFO epoch=1 step=880/5625 loss=1.617159 grad_norm=10.5062 lr=[1.2129084910312048e-06, 1.2129084910312048e-06, 7.277450946187228e-07, 7.277450946187228e-07, 1.9406535856499272e-07, 1.9406535856499272e-07]
2026-08-07 13:44:49,567 INFO epoch=1 step=890/5625 loss=1.672215 grad_norm=10.1806 lr=[1.2116709479436008e-06, 1.2116709479436008e-06, 7.270025687661604e-07, 7.270025687661604e-07, 1.938673516709761e-07, 1.938673516709761e-07]
2026-08-07 13:44:52,044 INFO epoch=1 step=900/5625 loss=1.686873 grad_norm=9.5905 lr=[1.2104137705283553e-06, 1.2104137705283553e-06, 7.262482623170132e-07, 7.262482623170132e-07, 1.9366620328453682e-07, 1.9366620328453682e-07]
2026-08-07 13:44:54,522 INFO epoch=1 step=910/5625 loss=1.388756 grad_norm=12.1655 lr=[1.20913700224897e-06, 1.20913700224897e-06, 7.254822013493819e-07, 7.254822013493819e-07, 1.9346192035983518e-07, 1.9346192035983518e-07]
2026-08-07 13:44:57,000 INFO epoch=1 step=920/5625 loss=1.562974 grad_norm=10.4142 lr=[1.2078406872462481e-06, 1.2078406872462481e-06, 7.247044123477488e-07, 7.247044123477488e-07, 1.9325450995939966e-07, 1.9325450995939966e-07]
2026-08-07 13:44:59,487 INFO epoch=1 step=930/5625 loss=1.562311 grad_norm=10.3693 lr=[1.2065248703367676e-06, 1.2065248703367676e-06, 7.239149222020604e-07, 7.239149222020604e-07, 1.930439792538828e-07, 1.930439792538828e-07]
2026-08-07 13:45:01,987 INFO epoch=1 step=940/5625 loss=1.483011 grad_norm=9.5005 lr=[1.205189597011332e-06, 1.205189597011332e-06, 7.231137582067991e-07, 7.231137582067991e-07, 1.928303355218131e-07, 1.928303355218131e-07]
2026-08-07 13:45:04,447 INFO epoch=1 step=950/5625 loss=1.516469 grad_norm=10.0443 lr=[1.203834913433398e-06, 1.203834913433398e-06, 7.223009480600388e-07, 7.223009480600388e-07, 1.9261358614934367e-07, 1.9261358614934367e-07]
2026-08-07 13:45:06,917 INFO epoch=1 step=960/5625 loss=1.511018 grad_norm=9.8607 lr=[1.2024608664374788e-06, 1.2024608664374788e-06, 7.214765198624872e-07, 7.214765198624872e-07, 1.9239373862999658e-07, 1.9239373862999658e-07]
2026-08-07 13:45:09,395 INFO epoch=1 step=970/5625 loss=1.637980 grad_norm=10.3205 lr=[1.2010675035275253e-06, 1.2010675035275253e-06, 7.206405021165152e-07, 7.206405021165152e-07, 1.9217080056440404e-07, 1.9217080056440404e-07]
2026-08-07 13:45:11,856 INFO epoch=1 step=980/5625 loss=1.392017 grad_norm=11.5253 lr=[1.1996548728752844e-06, 1.1996548728752844e-06, 7.197929237251706e-07, 7.197929237251706e-07, 1.9194477966004548e-07, 1.9194477966004548e-07]
2026-08-07 13:45:14,328 INFO epoch=1 step=990/5625 loss=1.722177 grad_norm=10.6349 lr=[1.198223023318632e-06, 1.198223023318632e-06, 7.189338139911792e-07, 7.189338139911792e-07, 1.917156837309811e-07, 1.917156837309811e-07]
2026-08-07 13:45:16,791 INFO epoch=1 step=1000/5625 loss=1.668105 grad_norm=9.6954 lr=[1.1967720043598865e-06, 1.1967720043598865e-06, 7.180632026159318e-07, 7.180632026159318e-07, 1.9148352069758182e-07, 1.9148352069758182e-07]
/data1/work/MichaelYu/miniconda3/envs/florence/lib/python3.10/site-packages/transformers/generation/configuration_utils.py:453: UserWarning: `num_beams` is set to 1. However, `early_stopping` is set to `True` -- this flag is only used in beam-based generation modes. You should set `num_beams>1` or unset `early_stopping`.
  warnings.warn(
2026-08-07 13:47:04,976 INFO dev metrics: {'samples': 128, 'empty_outputs': 0, 'average_words': 21.296875, 'p95_words': 29, 'length_18_24_ratio': 0.53125, 'single_sentence_ratio': 1.0, 'subject_start_ratio': 1.0, 'dev_loss': 1.4931015232013527, 'global_step': 1000}
2026-08-07 13:47:13,980 INFO epoch=1 step=1010/5625 loss=1.380172 grad_norm=9.0486 lr=[1.1953018661640957e-06, 1.1953018661640957e-06, 7.171811196984573e-07, 7.171811196984573e-07, 1.912482985862553e-07, 1.912482985862553e-07]
2026-08-07 13:47:18,116 INFO epoch=1 step=1020/5625 loss=1.569298 grad_norm=11.1039 lr=[1.1938126595573036e-06, 1.1938126595573036e-06, 7.16287595734382e-07, 7.16287595734382e-07, 1.9101002552916853e-07, 1.9101002552916853e-07]
2026-08-07 13:47:22,191 INFO epoch=1 step=1030/5625 loss=1.368510 grad_norm=14.1744 lr=[1.1923044360247924e-06, 1.1923044360247924e-06, 7.153826616148754e-07, 7.153826616148754e-07, 1.9076870976396674e-07, 1.9076870976396674e-07]
2026-08-07 13:47:24,694 INFO epoch=1 step=1040/5625 loss=1.678181 grad_norm=12.8459 lr=[1.1907772477093033e-06, 1.1907772477093033e-06, 7.14466348625582e-07, 7.14466348625582e-07, 1.9052435963348853e-07, 1.9052435963348853e-07]
2026-08-07 13:47:27,168 INFO epoch=1 step=1050/5625 loss=1.802593 grad_norm=10.3059 lr=[1.189231147409234e-06, 1.189231147409234e-06, 7.135386884455404e-07, 7.135386884455404e-07, 1.902769835854774e-07, 1.902769835854774e-07]
2026-08-07 13:47:29,618 INFO epoch=1 step=1060/5625 loss=1.659123 grad_norm=9.4448 lr=[1.1876661885768117e-06, 1.1876661885768117e-06, 7.12599713146087e-07, 7.12599713146087e-07, 1.9002659017228987e-07, 1.9002659017228987e-07]
2026-08-07 13:47:32,079 INFO epoch=1 step=1070/5625 loss=1.368870 grad_norm=12.2855 lr=[1.1860824253162472e-06, 1.1860824253162472e-06, 7.116494551897482e-07, 7.116494551897482e-07, 1.897731880505995e-07, 1.897731880505995e-07]
2026-08-07 13:47:34,636 INFO epoch=1 step=1080/5625 loss=1.640633 grad_norm=11.4325 lr=[1.1844799123818626e-06, 1.1844799123818626e-06, 7.106879474291175e-07, 7.106879474291175e-07, 1.89516785981098e-07, 1.89516785981098e-07]
2026-08-07 13:47:37,140 INFO epoch=1 step=1090/5625 loss=1.432852 grad_norm=13.0414 lr=[1.1828587051762e-06, 1.1828587051762e-06, 7.097152231057199e-07, 7.097152231057199e-07, 1.8925739282819195e-07, 1.8925739282819195e-07]
2026-08-07 13:47:39,641 INFO epoch=1 step=1100/5625 loss=1.600694 grad_norm=10.0801 lr=[1.1812188597481045e-06, 1.1812188597481045e-06, 7.087313158488627e-07, 7.087313158488627e-07, 1.889950175596967e-07, 1.889950175596967e-07]
2026-08-07 13:47:42,099 INFO epoch=1 step=1110/5625 loss=1.767374 grad_norm=12.7944 lr=[1.179560432790788e-06, 1.179560432790788e-06, 7.077362596744727e-07, 7.077362596744727e-07, 1.8872966924652604e-07, 1.8872966924652604e-07]
2026-08-07 13:47:44,575 INFO epoch=1 step=1120/5625 loss=1.557515 grad_norm=10.3823 lr=[1.1778834816398678e-06, 1.1778834816398678e-06, 7.067300889839206e-07, 7.067300889839206e-07, 1.8846135706237882e-07, 1.8846135706237882e-07]
2026-08-07 13:47:47,078 INFO epoch=1 step=1130/5625 loss=1.788857 grad_norm=13.4523 lr=[1.1761880642713853e-06, 1.1761880642713853e-06, 7.057128385628311e-07, 7.057128385628311e-07, 1.8819009028342162e-07, 1.8819009028342162e-07]
2026-08-07 13:47:50,781 INFO epoch=1 step=1140/5625 loss=1.578371 grad_norm=8.9427 lr=[1.174474239299801e-06, 1.174474239299801e-06, 7.046845435798805e-07, 7.046845435798805e-07, 1.8791587828796813e-07, 1.8791587828796813e-07]
2026-08-07 13:47:54,795 INFO epoch=1 step=1150/5625 loss=1.629584 grad_norm=10.1340 lr=[1.1727420659759688e-06, 1.1727420659759688e-06, 7.036452395855812e-07, 7.036452395855812e-07, 1.8763873055615498e-07, 1.8763873055615498e-07]
2026-08-07 13:47:59,099 INFO epoch=1 step=1160/5625 loss=1.624125 grad_norm=11.6267 lr=[1.170991604185087e-06, 1.170991604185087e-06, 7.025949625110521e-07, 7.025949625110521e-07, 1.873586566696139e-07, 1.873586566696139e-07]
2026-08-07 13:48:01,996 INFO epoch=1 step=1170/5625 loss=1.603419 grad_norm=10.8170 lr=[1.169222914444628e-06, 1.169222914444628e-06, 7.015337486667768e-07, 7.015337486667768e-07, 1.8707566631114046e-07, 1.8707566631114046e-07]
2026-08-07 13:48:04,627 INFO epoch=1 step=1180/5625 loss=1.425401 grad_norm=12.3064 lr=[1.1674360579022462e-06, 1.1674360579022462e-06, 7.004616347413478e-07, 7.004616347413478e-07, 1.8678976926435938e-07, 1.8678976926435938e-07]
2026-08-07 13:48:07,395 INFO epoch=1 step=1190/5625 loss=1.966640 grad_norm=12.1041 lr=[1.1656310963336643e-06, 1.1656310963336643e-06, 6.993786578001985e-07, 6.993786578001985e-07, 1.8650097541338625e-07, 1.8650097541338625e-07]
2026-08-07 13:48:11,190 INFO epoch=1 step=1200/5625 loss=1.430854 grad_norm=10.8172 lr=[1.1638080921405364e-06, 1.1638080921405364e-06, 6.982848552843217e-07, 6.982848552843217e-07, 1.862092947424858e-07, 1.862092947424858e-07]
/data1/work/MichaelYu/miniconda3/envs/florence/lib/python3.10/site-packages/transformers/generation/configuration_utils.py:453: UserWarning: `num_beams` is set to 1. However, `early_stopping` is set to `True` -- this flag is only used in beam-based generation modes. You should set `num_beams>1` or unset `early_stopping`.
  warnings.warn(
2026-08-07 13:50:51,821 INFO dev metrics: {'samples': 128, 'empty_outputs': 0, 'average_words': 21.4375, 'p95_words': 29, 'length_18_24_ratio': 0.5546875, 'single_sentence_ratio': 1.0, 'subject_start_ratio': 1.0, 'dev_loss': 1.4701204651493773, 'global_step': 1200}
2026-08-07 13:50:58,796 INFO epoch=1 step=1210/5625 loss=1.462699 grad_norm=10.4616 lr=[1.1619671083482919e-06, 1.1619671083482919e-06, 6.971802650089751e-07, 6.971802650089751e-07, 1.859147373357267e-07, 1.859147373357267e-07]
2026-08-07 13:51:04,252 INFO epoch=1 step=1220/5625 loss=1.356498 grad_norm=9.3012 lr=[1.1601082086039568e-06, 1.1601082086039568e-06, 6.96064925162374e-07, 6.96064925162374e-07, 1.8561731337663305e-07, 1.8561731337663305e-07]
2026-08-07 13:51:06,794 INFO epoch=1 step=1230/5625 loss=1.500883 grad_norm=12.2538 lr=[1.158231457173951e-06, 1.158231457173951e-06, 6.949388743043706e-07, 6.949388743043706e-07, 1.8531703314783214e-07, 1.8531703314783214e-07]
2026-08-07 13:51:09,257 INFO epoch=1 step=1240/5625 loss=1.365588 grad_norm=9.5820 lr=[1.1563369189418694e-06, 1.1563369189418694e-06, 6.938021513651217e-07, 6.938021513651217e-07, 1.850139070306991e-07, 1.850139070306991e-07]
2026-08-07 13:51:11,741 INFO epoch=1 step=1250/5625 loss=1.368221 grad_norm=8.9257 lr=[1.1544246594062373e-06, 1.1544246594062373e-06, 6.926547956437423e-07, 6.926547956437423e-07, 1.8470794550499792e-07, 1.8470794550499792e-07]
2026-08-07 13:51:14,208 INFO epoch=1 step=1260/5625 loss=1.477774 grad_norm=9.3057 lr=[1.152494744678245e-06, 1.152494744678245e-06, 6.914968468069471e-07, 6.914968468069471e-07, 1.843991591485192e-07, 1.843991591485192e-07]
2026-08-07 13:51:16,921 INFO epoch=1 step=1270/5625 loss=1.432538 grad_norm=10.2100 lr=[1.1505472414794645e-06, 1.1505472414794645e-06, 6.903283448876787e-07, 6.903283448876787e-07, 1.840875586367143e-07, 1.840875586367143e-07]
2026-08-07 13:51:19,421 INFO epoch=1 step=1280/5625 loss=1.707206 grad_norm=11.1264 lr=[1.148582217139541e-06, 1.148582217139541e-06, 6.891493302837245e-07, 6.891493302837245e-07, 1.837731547423265e-07, 1.837731547423265e-07]
2026-08-07 13:51:21,889 INFO epoch=1 step=1290/5625 loss=1.604287 grad_norm=11.3672 lr=[1.1465997395938647e-06, 1.1465997395938647e-06, 6.879598437563187e-07, 6.879598437563187e-07, 1.8345595833501832e-07, 1.8345595833501832e-07]
2026-08-07 13:51:24,351 INFO epoch=1 step=1300/5625 loss=1.498003 grad_norm=9.2039 lr=[1.1445998773812249e-06, 1.1445998773812249e-06, 6.867599264287349e-07, 6.867599264287349e-07, 1.8313598038099596e-07, 1.8313598038099596e-07]
2026-08-07 13:51:26,903 INFO epoch=1 step=1310/5625 loss=1.546305 grad_norm=10.5537 lr=[1.1425826996414374e-06, 1.1425826996414374e-06, 6.855496197848625e-07, 6.855496197848625e-07, 1.8281323194262996e-07, 1.8281323194262996e-07]
2026-08-07 13:51:29,367 INFO epoch=1 step=1320/5625 loss=1.605925 grad_norm=10.7780 lr=[1.140548276112956e-06, 1.140548276112956e-06, 6.843289656677736e-07, 6.843289656677736e-07, 1.8248772417807292e-07, 1.8248772417807292e-07]
2026-08-07 13:51:32,311 INFO epoch=1 step=1330/5625 loss=1.549260 grad_norm=11.7471 lr=[1.1384966771304601e-06, 1.1384966771304601e-06, 6.830980062782761e-07, 6.830980062782761e-07, 1.821594683408736e-07, 1.821594683408736e-07]
2026-08-07 13:51:35,092 INFO epoch=1 step=1340/5625 loss=1.377046 grad_norm=8.6217 lr=[1.1364279736224252e-06, 1.1364279736224252e-06, 6.81856784173455e-07, 6.81856784173455e-07, 1.81828475779588e-07, 1.81828475779588e-07]
2026-08-07 13:51:37,755 INFO epoch=1 step=1350/5625 loss=1.423829 grad_norm=19.7173 lr=[1.134342237108668e-06, 1.134342237108668e-06, 6.806053422652008e-07, 6.806053422652008e-07, 1.8149475793738687e-07, 1.8149475793738687e-07]
2026-08-07 13:51:40,401 INFO epoch=1 step=1360/5625 loss=1.493165 grad_norm=8.3854 lr=[1.1322395396978763e-06, 1.1322395396978763e-06, 6.793437238187257e-07, 6.793437238187257e-07, 1.8115832635166019e-07, 1.8115832635166019e-07]
2026-08-07 13:51:42,883 INFO epoch=1 step=1370/5625 loss=1.456858 grad_norm=11.7218 lr=[1.1301199540851143e-06, 1.1301199540851143e-06, 6.780719724510685e-07, 6.780719724510685e-07, 1.8081919265361828e-07, 1.8081919265361828e-07]
2026-08-07 13:51:45,344 INFO epoch=1 step=1380/5625 loss=1.346878 grad_norm=11.0285 lr=[1.1279835535493102e-06, 1.1279835535493102e-06, 6.767901321295861e-07, 6.767901321295861e-07, 1.8047736856788963e-07, 1.8047736856788963e-07]
2026-08-07 13:51:47,804 INFO epoch=1 step=1390/5625 loss=1.403810 grad_norm=8.8925 lr=[1.1258304119507229e-06, 1.1258304119507229e-06, 6.754982471704338e-07, 6.754982471704338e-07, 1.8013286591211565e-07, 1.8013286591211565e-07]
2026-08-07 13:51:50,266 INFO epoch=1 step=1400/5625 loss=1.764428 grad_norm=9.6940 lr=[1.1236606037283878e-06, 1.1236606037283878e-06, 6.741963622370326e-07, 6.741963622370326e-07, 1.79785696596542e-07, 1.79785696596542e-07]
/data1/work/MichaelYu/miniconda3/envs/florence/lib/python3.10/site-packages/transformers/generation/configuration_utils.py:453: UserWarning: `num_beams` is set to 1. However, `early_stopping` is set to `True` -- this flag is only used in beam-based generation modes. You should set `num_beams>1` or unset `early_stopping`.
  warnings.warn(
2026-08-07 13:54:11,063 INFO dev metrics: {'samples': 128, 'empty_outputs': 0, 'average_words': 21.6328125, 'p95_words': 31, 'length_18_24_ratio': 0.5703125, 'single_sentence_ratio': 1.0, 'subject_start_ratio': 1.0, 'dev_loss': 1.451576693339853, 'global_step': 1400}
2026-08-07 13:54:17,024 INFO epoch=1 step=1410/5625 loss=1.518260 grad_norm=9.3351 lr=[1.1214742038975435e-06, 1.1214742038975435e-06, 6.728845223385261e-07, 6.728845223385261e-07, 1.7943587262360694e-07, 1.7943587262360694e-07]
2026-08-07 13:54:20,324 INFO epoch=1 step=1420/5625 loss=1.346152 grad_norm=11.0031 lr=[1.1192712880470388e-06, 1.1192712880470388e-06, 6.715627728282232e-07, 6.715627728282232e-07, 1.790834060875262e-07, 1.790834060875262e-07]
2026-08-07 13:54:22,800 INFO epoch=1 step=1430/5625 loss=1.363218 grad_norm=12.9358 lr=[1.117051932336719e-06, 1.117051932336719e-06, 6.702311594020315e-07, 6.702311594020315e-07, 1.7872830917387505e-07, 1.7872830917387505e-07]
2026-08-07 13:54:25,370 INFO epoch=1 step=1440/5625 loss=1.587912 grad_norm=11.1284 lr=[1.1148162134947938e-06, 1.1148162134947938e-06, 6.688897280968763e-07, 6.688897280968763e-07, 1.78370594159167e-07, 1.78370594159167e-07]
2026-08-07 13:54:27,990 INFO epoch=1 step=1450/5625 loss=1.644534 grad_norm=10.7078 lr=[1.1125642088151823e-06, 1.1125642088151823e-06, 6.675385252891093e-07, 6.675385252891093e-07, 1.7801027341042915e-07, 1.7801027341042915e-07]
2026-08-07 13:54:30,519 INFO epoch=1 step=1460/5625 loss=1.333565 grad_norm=14.0568 lr=[1.1102959961548434e-06, 1.1102959961548434e-06, 6.66177597692906e-07, 6.66177597692906e-07, 1.7764735938477494e-07, 1.7764735938477494e-07]
2026-08-07 13:54:33,014 INFO epoch=1 step=1470/5625 loss=1.459548 grad_norm=16.0135 lr=[1.1080116539310828e-06, 1.1080116539310828e-06, 6.648069923586496e-07, 6.648069923586496e-07, 1.772818646289732e-07, 1.772818646289732e-07]
2026-08-07 13:54:35,513 INFO epoch=1 step=1480/5625 loss=1.420407 grad_norm=12.2320 lr=[1.1057112611188416e-06, 1.1057112611188416e-06, 6.634267566713049e-07, 6.634267566713049e-07, 1.7691380177901462e-07, 1.7691380177901462e-07]
2026-08-07 13:54:37,975 INFO epoch=1 step=1490/5625 loss=1.416309 grad_norm=10.9166 lr=[1.1033948972479673e-06, 1.1033948972479673e-06, 6.620369383487803e-07, 6.620369383487803e-07, 1.7654318355967474e-07, 1.7654318355967474e-07]
2026-08-07 13:54:40,518 INFO epoch=1 step=1500/5625 loss=1.328099 grad_norm=10.4998 lr=[1.1010626424004631e-06, 1.1010626424004631e-06, 6.606375854402778e-07, 6.606375854402778e-07, 1.7617002278407407e-07, 1.7617002278407407e-07]
2026-08-07 13:54:42,997 INFO epoch=1 step=1510/5625 loss=1.634645 grad_norm=10.5077 lr=[1.0987145772077196e-06, 1.0987145772077196e-06, 6.592287463246317e-07, 6.592287463246317e-07, 1.757943323532351e-07, 1.757943323532351e-07]
2026-08-07 13:54:45,655 INFO epoch=1 step=1520/5625 loss=1.421611 grad_norm=9.6257 lr=[1.0963507828477275e-06, 1.0963507828477275e-06, 6.578104697086364e-07, 6.578104697086364e-07, 1.7541612525563636e-07, 1.7541612525563636e-07]
2026-08-07 13:54:48,136 INFO epoch=1 step=1530/5625 loss=1.657416 grad_norm=11.3431 lr=[1.09397134104227e-06, 1.09397134104227e-06, 6.56382804625362e-07, 6.56382804625362e-07, 1.750354145667632e-07, 1.750354145667632e-07]
2026-08-07 13:54:50,604 INFO epoch=1 step=1540/5625 loss=1.353119 grad_norm=9.7187 lr=[1.0915763340540998e-06, 1.0915763340540998e-06, 6.549458004324599e-07, 6.549458004324599e-07, 1.7465221344865596e-07, 1.7465221344865596e-07]
2026-08-07 13:54:53,100 INFO epoch=1 step=1550/5625 loss=1.470350 grad_norm=12.7342 lr=[1.0891658446840923e-06, 1.0891658446840923e-06, 6.534995068104553e-07, 6.534995068104553e-07, 1.7426653514945472e-07, 1.7426653514945472e-07]
2026-08-07 13:54:55,596 INFO epoch=1 step=1560/5625 loss=1.409595 grad_norm=8.8550 lr=[1.0867399562683845e-06, 1.0867399562683845e-06, 6.520439737610306e-07, 6.520439737610306e-07, 1.738783930029415e-07, 1.738783930029415e-07]
2026-08-07 13:54:58,100 INFO epoch=1 step=1570/5625 loss=1.533274 grad_norm=9.3490 lr=[1.0842987526754947e-06, 1.0842987526754947e-06, 6.505792516052967e-07, 6.505792516052967e-07, 1.734878004280791e-07, 1.734878004280791e-07]
2026-08-07 13:55:00,577 INFO epoch=1 step=1580/5625 loss=1.535073 grad_norm=12.0332 lr=[1.0818423183034205e-06, 1.0818423183034205e-06, 6.491053909820522e-07, 6.491053909820522e-07, 1.7309477092854726e-07, 1.7309477092854726e-07]
2026-08-07 13:55:03,109 INFO epoch=1 step=1590/5625 loss=1.658267 grad_norm=13.7080 lr=[1.0793707380767231e-06, 1.0793707380767231e-06, 6.476224428460339e-07, 6.476224428460339e-07, 1.7269931809227568e-07, 1.7269931809227568e-07]
2026-08-07 13:55:05,772 INFO epoch=1 step=1600/5625 loss=1.559990 grad_norm=10.4882 lr=[1.0768840974435912e-06, 1.0768840974435912e-06, 6.461304584661546e-07, 6.461304584661546e-07, 1.7230145559097455e-07, 1.7230145559097455e-07]
/data1/work/MichaelYu/miniconda3/envs/florence/lib/python3.10/site-packages/transformers/generation/configuration_utils.py:453: UserWarning: `num_beams` is set to 1. However, `early_stopping` is set to `True` -- this flag is only used in beam-based generation modes. You should set `num_beams>1` or unset `early_stopping`.
  warnings.warn(
2026-08-07 13:56:39,151 INFO dev metrics: {'samples': 128, 'empty_outputs': 0, 'average_words': 21.46875, 'p95_words': 29, 'length_18_24_ratio': 0.515625, 'single_sentence_ratio': 1.0, 'subject_start_ratio': 1.0, 'dev_loss': 1.4336568395565688, 'global_step': 1600}
2026-08-07 13:56:45,204 INFO epoch=1 step=1610/5625 loss=1.222824 grad_norm=11.4097 lr=[1.0743824823728847e-06, 1.0743824823728847e-06, 6.446294894237308e-07, 6.446294894237308e-07, 1.7190119717966154e-07, 1.7190119717966154e-07]
2026-08-07 13:56:47,666 INFO epoch=1 step=1620/5625 loss=1.250609 grad_norm=65.9600 lr=[1.0718659793511659e-06, 1.0718659793511659e-06, 6.431195876106995e-07, 6.431195876106995e-07, 1.7149855669618651e-07, 1.7149855669618651e-07]
2026-08-07 13:56:50,125 INFO epoch=1 step=1630/5625 loss=1.357045 grad_norm=11.4467 lr=[1.069334675379706e-06, 1.069334675379706e-06, 6.416008052278236e-07, 6.416008052278236e-07, 1.7109354806075295e-07, 1.7109354806075295e-07]
2026-08-07 13:56:52,592 INFO epoch=1 step=1640/5625 loss=1.409168 grad_norm=10.5457 lr=[1.06678865797148e-06, 1.06678865797148e-06, 6.40073194782888e-07, 6.40073194782888e-07, 1.7068618527543678e-07, 1.7068618527543678e-07]
2026-08-07 13:56:56,447 INFO epoch=1 step=1650/5625 loss=1.415877 grad_norm=10.1703 lr=[1.0642280151481401e-06, 1.0642280151481401e-06, 6.385368090888841e-07, 6.385368090888841e-07, 1.702764824237024e-07, 1.702764824237024e-07]
2026-08-07 13:56:58,954 INFO epoch=1 step=1660/5625 loss=1.236817 grad_norm=11.0372 lr=[1.0616528354369719e-06, 1.0616528354369719e-06, 6.36991701262183e-07, 6.36991701262183e-07, 1.6986445366991547e-07, 1.6986445366991547e-07]
2026-08-07 13:57:01,451 INFO epoch=1 step=1670/5625 loss=1.493557 grad_norm=9.9006 lr=[1.0590632078678346e-06, 1.0590632078678346e-06, 6.354379247207006e-07, 6.354379247207006e-07, 1.694501132588535e-07, 1.694501132588535e-07]
2026-08-07 13:57:03,927 INFO epoch=1 step=1680/5625 loss=1.497067 grad_norm=11.6187 lr=[1.0564592219700833e-06, 1.0564592219700833e-06, 6.3387553318205e-07, 6.3387553318205e-07, 1.6903347551521333e-07, 1.6903347551521333e-07]
2026-08-07 13:57:06,412 INFO epoch=1 step=1690/5625 loss=1.538673 grad_norm=10.5918 lr=[1.0538409677694742e-06, 1.0538409677694742e-06, 6.323045806616844e-07, 6.323045806616844e-07, 1.6861455484311584e-07, 1.6861455484311584e-07]
2026-08-07 13:57:08,999 INFO epoch=1 step=1700/5625 loss=1.486715 grad_norm=11.8617 lr=[1.0512085357850493e-06, 1.0512085357850493e-06, 6.307251214710295e-07, 6.307251214710295e-07, 1.6819336572560787e-07, 1.6819336572560787e-07]
2026-08-07 13:57:11,548 INFO epoch=1 step=1710/5625 loss=1.600645 grad_norm=11.3877 lr=[1.0485620170260109e-06, 1.0485620170260109e-06, 6.291372102156065e-07, 6.291372102156065e-07, 1.6776992272416172e-07, 1.6776992272416172e-07]
2026-08-07 13:57:14,054 INFO epoch=1 step=1720/5625 loss=1.503135 grad_norm=11.0221 lr=[1.0459015029885727e-06, 1.0459015029885727e-06, 6.275409017931436e-07, 6.275409017931436e-07, 1.673442404781716e-07, 1.673442404781716e-07]
2026-08-07 13:57:16,529 INFO epoch=1 step=1730/5625 loss=1.714071 grad_norm=11.2770 lr=[1.043227085652797e-06, 1.043227085652797e-06, 6.259362513916782e-07, 6.259362513916782e-07, 1.669163337044475e-07, 1.669163337044475e-07]
2026-08-07 13:57:19,046 INFO epoch=1 step=1740/5625 loss=1.594254 grad_norm=12.2072 lr=[1.0405388574794154e-06, 1.0405388574794154e-06, 6.243233144876492e-07, 6.243233144876492e-07, 1.6648621719670645e-07, 1.6648621719670645e-07]
2026-08-07 13:57:21,539 INFO epoch=1 step=1750/5625 loss=1.659712 grad_norm=9.7581 lr=[1.0378369114066315e-06, 1.0378369114066315e-06, 6.227021468439789e-07, 6.227021468439789e-07, 1.6605390582506103e-07, 1.6605390582506103e-07]
2026-08-07 13:57:24,009 INFO epoch=1 step=1760/5625 loss=1.422608 grad_norm=11.4855 lr=[1.0351213408469082e-06, 1.0351213408469082e-06, 6.210728045081449e-07, 6.210728045081449e-07, 1.656194145355053e-07, 1.656194145355053e-07]
2026-08-07 13:57:26,500 INFO epoch=1 step=1770/5625 loss=1.298755 grad_norm=14.0675 lr=[1.0323922396837379e-06, 1.0323922396837379e-06, 6.194353438102427e-07, 6.194353438102427e-07, 1.6518275834939805e-07, 1.6518275834939805e-07]
2026-08-07 13:57:28,986 INFO epoch=1 step=1780/5625 loss=1.536348 grad_norm=12.4331 lr=[1.0296497022683976e-06, 1.0296497022683976e-06, 6.177898213610384e-07, 6.177898213610384e-07, 1.6474395236294358e-07, 1.6474395236294358e-07]
2026-08-07 13:57:31,485 INFO epoch=1 step=1790/5625 loss=1.551381 grad_norm=8.3718 lr=[1.0268938234166852e-06, 1.0268938234166852e-06, 6.161362940500111e-07, 6.161362940500111e-07, 1.643030117466696e-07, 1.643030117466696e-07]
2026-08-07 13:57:33,959 INFO epoch=1 step=1800/5625 loss=1.434224 grad_norm=10.2390 lr=[1.0241246984056437e-06, 1.0241246984056437e-06, 6.144748190433862e-07, 6.144748190433862e-07, 1.6385995174490298e-07, 1.6385995174490298e-07]
/data1/work/MichaelYu/miniconda3/envs/florence/lib/python3.10/site-packages/transformers/generation/configuration_utils.py:453: UserWarning: `num_beams` is set to 1. However, `early_stopping` is set to `True` -- this flag is only used in beam-based generation modes. You should set `num_beams>1` or unset `early_stopping`.
  warnings.warn(
2026-08-07 14:01:02,920 INFO dev metrics: {'samples': 128, 'empty_outputs': 0, 'average_words': 21.7578125, 'p95_words': 29, 'length_18_24_ratio': 0.4765625, 'single_sentence_ratio': 1.0, 'subject_start_ratio': 1.0, 'dev_loss': 1.4216893986756456, 'global_step': 1800}
2026-08-07 14:01:11,165 INFO epoch=1 step=1810/5625 loss=1.465189 grad_norm=9.0361 lr=[1.0213424229702655e-06, 1.0213424229702655e-06, 6.128054537821593e-07, 6.128054537821593e-07, 1.6341478767524247e-07, 1.6341478767524247e-07]
2026-08-07 14:01:13,828 INFO epoch=1 step=1820/5625 loss=1.290931 grad_norm=13.5854 lr=[1.0185470933001835e-06, 1.0185470933001835e-06, 6.1112825598011e-07, 6.1112825598011e-07, 1.6296753492802932e-07, 1.6296753492802932e-07]
2026-08-07 14:01:19,538 INFO epoch=1 step=1830/5625 loss=1.531816 grad_norm=12.2988 lr=[1.0157388060363454e-06, 1.0157388060363454e-06, 6.094432836218071e-07, 6.094432836218071e-07, 1.6251820896581522e-07, 1.6251820896581522e-07]
2026-08-07 14:01:22,021 INFO epoch=1 step=1840/5625 loss=1.512570 grad_norm=10.4977 lr=[1.0129176582676728e-06, 1.0129176582676728e-06, 6.077505949606036e-07, 6.077505949606036e-07, 1.620668253228276e-07, 1.620668253228276e-07]
2026-08-07 14:01:24,513 INFO epoch=1 step=1850/5625 loss=1.426294 grad_norm=10.7396 lr=[1.0100837475277035e-06, 1.0100837475277035e-06, 6.060502485166221e-07, 6.060502485166221e-07, 1.6161339960443254e-07, 1.6161339960443254e-07]
2026-08-07 14:01:27,059 INFO epoch=1 step=1860/5625 loss=1.311131 grad_norm=11.0979 lr=[1.0072371717912216e-06, 1.0072371717912216e-06, 6.043423030747329e-07, 6.043423030747329e-07, 1.6115794748659543e-07, 1.6115794748659543e-07]
2026-08-07 14:01:29,538 INFO epoch=1 step=1870/5625 loss=1.350439 grad_norm=13.2921 lr=[1.0043780294708685e-06, 1.0043780294708685e-06, 6.026268176825211e-07, 6.026268176825211e-07, 1.6070048471533895e-07, 1.6070048471533895e-07]
2026-08-07 14:01:33,568 INFO epoch=2 step=1880/5625 loss=1.552328 grad_norm=10.2577 lr=[1.0015064194137417e-06, 1.0015064194137417e-06, 6.009038516482449e-07, 6.009038516482449e-07, 1.6024102710619864e-07, 1.6024102710619864e-07]
2026-08-07 14:01:36,153 INFO epoch=2 step=1890/5625 loss=1.381569 grad_norm=9.9598 lr=[9.986224408979758e-07, 9.986224408979758e-07, 5.991734645387855e-07, 5.991734645387855e-07, 1.597795905436761e-07, 1.597795905436761e-07]
2026-08-07 14:01:38,775 INFO epoch=2 step=1900/5625 loss=1.309505 grad_norm=10.1301 lr=[9.957261936293125e-07, 9.957261936293125e-07, 5.974357161775875e-07, 5.974357161775875e-07, 1.5931619098069e-07, 1.5931619098069e-07]
2026-08-07 14:01:41,300 INFO epoch=2 step=1910/5625 loss=1.875159 grad_norm=15.8638 lr=[9.92817777737652e-07, 9.92817777737652e-07, 5.956906666425912e-07, 5.956906666425912e-07, 1.588508444380243e-07, 1.588508444380243e-07]
2026-08-07 14:01:43,811 INFO epoch=2 step=1920/5625 loss=1.145422 grad_norm=10.2987 lr=[9.898972937735912e-07, 9.898972937735912e-07, 5.939383762641547e-07, 5.939383762641547e-07, 1.5838356700377458e-07, 1.5838356700377458e-07]
2026-08-07 14:01:46,282 INFO epoch=2 step=1930/5625 loss=1.381477 grad_norm=10.1935 lr=[9.869648427049489e-07, 9.869648427049489e-07, 5.921789056229693e-07, 5.921789056229693e-07, 1.579143748327918e-07, 1.579143748327918e-07]
2026-08-07 14:01:48,886 INFO epoch=2 step=1940/5625 loss=1.257580 grad_norm=10.0643 lr=[9.840205259132729e-07, 9.840205259132729e-07, 5.904123155479637e-07, 5.904123155479637e-07, 1.5744328414612365e-07, 1.5744328414612365e-07]
2026-08-07 14:01:51,348 INFO epoch=2 step=1950/5625 loss=1.564418 grad_norm=10.6178 lr=[9.81064445190337e-07, 9.81064445190337e-07, 5.886386671142022e-07, 5.886386671142022e-07, 1.5697031123045392e-07, 1.5697031123045392e-07]
2026-08-07 14:01:53,816 INFO epoch=2 step=1960/5625 loss=1.463992 grad_norm=10.8961 lr=[9.780967027346212e-07, 9.780967027346212e-07, 5.868580216407727e-07, 5.868580216407727e-07, 1.5649547243753939e-07, 1.5649547243753939e-07]
2026-08-07 14:01:56,302 INFO epoch=2 step=1970/5625 loss=1.482492 grad_norm=11.1205 lr=[9.751174011477777e-07, 9.751174011477777e-07, 5.850704406886665e-07, 5.850704406886665e-07, 1.560187841836444e-07, 1.560187841836444e-07]
2026-08-07 14:01:58,780 INFO epoch=2 step=1980/5625 loss=1.591444 grad_norm=10.2883 lr=[9.721266434310847e-07, 9.721266434310847e-07, 5.832759860586507e-07, 5.832759860586507e-07, 1.5554026294897352e-07, 1.5554026294897352e-07]
2026-08-07 14:02:01,263 INFO epoch=2 step=1990/5625 loss=1.410011 grad_norm=10.3834 lr=[9.691245329818846e-07, 9.691245329818846e-07, 5.814747197891308e-07, 5.814747197891308e-07, 1.5505992527710151e-07, 1.5505992527710151e-07]
2026-08-07 14:02:03,755 INFO epoch=2 step=2000/5625 loss=1.690000 grad_norm=11.8228 lr=[9.661111735900107e-07, 9.661111735900107e-07, 5.796667041540064e-07, 5.796667041540064e-07, 1.545777877744017e-07, 1.545777877744017e-07]
/data1/work/MichaelYu/miniconda3/envs/florence/lib/python3.10/site-packages/transformers/generation/configuration_utils.py:453: UserWarning: `num_beams` is set to 1. However, `early_stopping` is set to `True` -- this flag is only used in beam-based generation modes. You should set `num_beams>1` or unset `early_stopping`.
  warnings.warn(
2026-08-07 14:03:45,389 INFO dev metrics: {'samples': 128, 'empty_outputs': 0, 'average_words': 21.265625, 'p95_words': 29, 'length_18_24_ratio': 0.5234375, 'single_sentence_ratio': 1.0, 'subject_start_ratio': 1.0, 'dev_loss': 1.4133820830227615, 'global_step': 2000}
2026-08-07 14:03:51,203 INFO epoch=2 step=2010/5625 loss=1.464465 grad_norm=10.4800 lr=[9.630866694341969e-07, 9.630866694341969e-07, 5.77852001660518e-07, 5.77852001660518e-07, 1.540938671094715e-07, 1.540938671094715e-07]
2026-08-07 14:03:53,711 INFO epoch=2 step=2020/5625 loss=1.382197 grad_norm=9.7041 lr=[9.600511250784778e-07, 9.600511250784778e-07, 5.760306750470866e-07, 5.760306750470866e-07, 1.5360818001255642e-07, 1.5360818001255642e-07]
2026-08-07 14:03:56,171 INFO epoch=2 step=2030/5625 loss=1.459016 grad_norm=11.0386 lr=[9.570046454685726e-07, 9.570046454685726e-07, 5.742027872811436e-07, 5.742027872811436e-07, 1.531207432749716e-07, 1.531207432749716e-07]
2026-08-07 14:03:59,072 INFO epoch=2 step=2040/5625 loss=1.696351 grad_norm=10.9924 lr=[9.53947335928258e-07, 9.53947335928258e-07, 5.723684015569548e-07, 5.723684015569548e-07, 1.5263157374852127e-07, 1.5263157374852127e-07]
2026-08-07 14:04:01,597 INFO epoch=2 step=2050/5625 loss=1.484903 grad_norm=10.7350 lr=[9.508793021557254e-07, 9.508793021557254e-07, 5.705275812934352e-07, 5.705275812934352e-07, 1.5214068834491604e-07, 1.5214068834491604e-07]
2026-08-07 14:04:04,293 INFO epoch=2 step=2060/5625 loss=1.469072 grad_norm=11.0513 lr=[9.478006502199277e-07, 9.478006502199277e-07, 5.686803901319566e-07, 5.686803901319566e-07, 1.516481040351884e-07, 1.516481040351884e-07]
2026-08-07 14:04:06,772 INFO epoch=2 step=2070/5625 loss=1.187092 grad_norm=10.8887 lr=[9.447114865569121e-07, 9.447114865569121e-07, 5.668268919341473e-07, 5.668268919341473e-07, 1.5115383784910592e-07, 1.5115383784910592e-07]
2026-08-07 14:04:09,247 INFO epoch=2 step=2080/5625 loss=1.302163 grad_norm=11.2334 lr=[9.416119179661402e-07, 9.416119179661402e-07, 5.649671507796841e-07, 5.649671507796841e-07, 1.5065790687458243e-07, 1.5065790687458243e-07]
2026-08-07 14:04:11,809 INFO epoch=2 step=2090/5625 loss=1.385951 grad_norm=12.9521 lr=[9.385020516067959e-07, 9.385020516067959e-07, 5.631012309640775e-07, 5.631012309640775e-07, 1.5016032825708733e-07, 1.5016032825708733e-07]
2026-08-07 14:04:14,545 INFO epoch=2 step=2100/5625 loss=1.391012 grad_norm=12.1662 lr=[9.353819949940805e-07, 9.353819949940805e-07, 5.612291969964482e-07, 5.612291969964482e-07, 1.4966111919905286e-07, 1.4966111919905286e-07]
2026-08-07 14:04:17,056 INFO epoch=2 step=2110/5625 loss=1.703676 grad_norm=15.6410 lr=[9.322518559954957e-07, 9.322518559954957e-07, 5.593511135972974e-07, 5.593511135972974e-07, 1.491602969592793e-07, 1.491602969592793e-07]
2026-08-07 14:04:19,526 INFO epoch=2 step=2120/5625 loss=1.330745 grad_norm=10.8361 lr=[9.291117428271141e-07, 9.291117428271141e-07, 5.574670456962683e-07, 5.574670456962683e-07, 1.4865787885233822e-07, 1.4865787885233822e-07]
2026-08-07 14:04:21,994 INFO epoch=2 step=2130/5625 loss=1.502217 grad_norm=12.9633 lr=[9.259617640498385e-07, 9.259617640498385e-07, 5.55577058429903e-07, 5.55577058429903e-07, 1.4815388224797415e-07, 1.4815388224797415e-07]
2026-08-07 14:04:24,533 INFO epoch=2 step=2140/5625 loss=1.302388 grad_norm=43.6023 lr=[9.228020285656486e-07, 9.228020285656486e-07, 5.536812171393892e-07, 5.536812171393892e-07, 1.4764832457050375e-07, 1.4764832457050375e-07]
2026-08-07 14:04:27,020 INFO epoch=2 step=2150/5625 loss=1.439217 grad_norm=10.2304 lr=[9.196326456138352e-07, 9.196326456138352e-07, 5.517795873683011e-07, 5.517795873683011e-07, 1.4714122329821361e-07, 1.4714122329821361e-07]
2026-08-07 14:04:29,589 INFO epoch=2 step=2160/5625 loss=1.484770 grad_norm=10.0990 lr=[9.164537247672243e-07, 9.164537247672243e-07, 5.498722348603345e-07, 5.498722348603345e-07, 1.4663259596275589e-07, 1.4663259596275589e-07]
2026-08-07 14:04:32,052 INFO epoch=2 step=2170/5625 loss=1.603739 grad_norm=11.0249 lr=[9.132653759283894e-07, 9.132653759283894e-07, 5.479592255570336e-07, 5.479592255570336e-07, 1.4612246014854228e-07, 1.4612246014854228e-07]
2026-08-07 14:04:34,520 INFO epoch=2 step=2180/5625 loss=1.482689 grad_norm=15.2504 lr=[9.100677093258503e-07, 9.100677093258503e-07, 5.460406255955101e-07, 5.460406255955101e-07, 1.4561083349213604e-07, 1.4561083349213604e-07]
2026-08-07 14:04:37,063 INFO epoch=2 step=2190/5625 loss=1.367182 grad_norm=11.0409 lr=[9.068608355102642e-07, 9.068608355102642e-07, 5.441165013061584e-07, 5.441165013061584e-07, 1.4509773368164225e-07, 1.4509773368164225e-07]
2026-08-07 14:04:39,538 INFO epoch=2 step=2200/5625 loss=1.608874 grad_norm=33.7960 lr=[9.036448653506017e-07, 9.036448653506017e-07, 5.421869192103609e-07, 5.421869192103609e-07, 1.4458317845609625e-07, 1.4458317845609625e-07]
/data1/work/MichaelYu/miniconda3/envs/florence/lib/python3.10/site-packages/transformers/generation/configuration_utils.py:453: UserWarning: `num_beams` is set to 1. However, `early_stopping` is set to `True` -- this flag is only used in beam-based generation modes. You should set `num_beams>1` or unset `early_stopping`.
  warnings.warn(
2026-08-07 14:06:10,897 INFO dev metrics: {'samples': 128, 'empty_outputs': 0, 'average_words': 21.828125, 'p95_words': 30, 'length_18_24_ratio': 0.484375, 'single_sentence_ratio': 1.0, 'subject_start_ratio': 1.0, 'dev_loss': 1.4045270627077482, 'global_step': 2200}
2026-08-07 14:06:16,818 INFO epoch=2 step=2210/5625 loss=1.381847 grad_norm=10.8833 lr=[9.00419910030316e-07, 9.00419910030316e-07, 5.402519460181895e-07, 5.402519460181895e-07, 1.4406718560485053e-07, 1.4406718560485053e-07]
2026-08-07 14:06:19,418 INFO epoch=2 step=2220/5625 loss=1.456500 grad_norm=11.6777 lr=[8.971860810434969e-07, 8.971860810434969e-07, 5.383116486260982e-07, 5.383116486260982e-07, 1.435497729669595e-07, 1.435497729669595e-07]
2026-08-07 14:06:21,922 INFO epoch=2 step=2230/5625 loss=1.338945 grad_norm=13.2247 lr=[8.939434901910177e-07, 8.939434901910177e-07, 5.363660941146105e-07, 5.363660941146105e-07, 1.4303095843056282e-07, 1.4303095843056282e-07]
2026-08-07 14:06:26,030 INFO epoch=2 step=2240/5625 loss=1.577343 grad_norm=10.7877 lr=[8.906922495766693e-07, 8.906922495766693e-07, 5.344153497460015e-07, 5.344153497460015e-07, 1.4251075993226706e-07, 1.4251075993226706e-07]
2026-08-07 14:06:28,518 INFO epoch=2 step=2250/5625 loss=1.311945 grad_norm=10.1782 lr=[8.874324716032846e-07, 8.874324716032846e-07, 5.324594829619707e-07, 5.324594829619707e-07, 1.4198919545652551e-07, 1.4198919545652551e-07]
2026-08-07 14:06:30,982 INFO epoch=2 step=2260/5625 loss=1.657403 grad_norm=8.4838 lr=[8.84164268968853e-07, 8.84164268968853e-07, 5.304985613813118e-07, 5.304985613813118e-07, 1.4146628303501647e-07, 1.4146628303501647e-07]
2026-08-07 14:06:33,477 INFO epoch=2 step=2270/5625 loss=1.281292 grad_norm=12.2421 lr=[8.808877546626228e-07, 8.808877546626228e-07, 5.285326527975736e-07, 5.285326527975736e-07, 1.4094204074601964e-07, 1.4094204074601964e-07]
2026-08-07 14:06:35,954 INFO epoch=2 step=2280/5625 loss=1.448133 grad_norm=12.5819 lr=[8.776030419611968e-07, 8.776030419611968e-07, 5.26561825176718e-07, 5.26561825176718e-07, 1.4041648671379148e-07, 1.4041648671379148e-07]
2026-08-07 14:06:38,421 INFO epoch=2 step=2290/5625 loss=1.464392 grad_norm=10.9639 lr=[8.743102444246147e-07, 8.743102444246147e-07, 5.245861466547688e-07, 5.245861466547688e-07, 1.3988963910793834e-07, 1.3988963910793834e-07]
2026-08-07 14:06:40,998 INFO epoch=2 step=2300/5625 loss=1.438735 grad_norm=10.4861 lr=[8.710094758924271e-07, 8.710094758924271e-07, 5.226056855354563e-07, 5.226056855354563e-07, 1.3936151614278833e-07, 1.3936151614278833e-07]
2026-08-07 14:06:43,471 INFO epoch=2 step=2310/5625 loss=1.670231 grad_norm=10.7231 lr=[8.67700850479761e-07, 8.67700850479761e-07, 5.206205102878565e-07, 5.206205102878565e-07, 1.3883213607676175e-07, 1.3883213607676175e-07]
2026-08-07 14:06:45,939 INFO epoch=2 step=2320/5625 loss=1.255468 grad_norm=8.4919 lr=[8.643844825733729e-07, 8.643844825733729e-07, 5.186306895440237e-07, 5.186306895440237e-07, 1.3830151721173964e-07, 1.3830151721173964e-07]
2026-08-07 14:06:48,443 INFO epoch=2 step=2330/5625 loss=1.474122 grad_norm=9.6302 lr=[8.610604868276954e-07, 8.610604868276954e-07, 5.166362920966172e-07, 5.166362920966172e-07, 1.3776967789243125e-07, 1.3776967789243125e-07]
2026-08-07 14:06:50,914 INFO epoch=2 step=2340/5625 loss=1.781389 grad_norm=10.9350 lr=[8.577289781608734e-07, 8.577289781608734e-07, 5.14637386896524e-07, 5.14637386896524e-07, 1.3723663650573974e-07, 1.3723663650573974e-07]
2026-08-07 14:06:53,379 INFO epoch=2 step=2350/5625 loss=1.295172 grad_norm=10.2120 lr=[8.543900717507898e-07, 8.543900717507898e-07, 5.126340430504739e-07, 5.126340430504739e-07, 1.3670241148012634e-07, 1.3670241148012634e-07]
2026-08-07 14:06:56,119 INFO epoch=2 step=2360/5625 loss=1.469814 grad_norm=15.8089 lr=[8.510438830310852e-07, 8.510438830310852e-07, 5.106263298186511e-07, 5.106263298186511e-07, 1.3616702128497362e-07, 1.3616702128497362e-07]
2026-08-07 14:06:58,668 INFO epoch=2 step=2370/5625 loss=1.812244 grad_norm=10.1525 lr=[8.47690527687166e-07, 8.47690527687166e-07, 5.086143166122995e-07, 5.086143166122995e-07, 1.3563048442994653e-07, 1.3563048442994653e-07]
2026-08-07 14:07:01,165 INFO epoch=2 step=2380/5625 loss=1.510849 grad_norm=10.8095 lr=[8.443301216522049e-07, 8.443301216522049e-07, 5.065980729913228e-07, 5.065980729913228e-07, 1.3509281946435276e-07, 1.3509281946435276e-07]
2026-08-07 14:07:03,665 INFO epoch=2 step=2390/5625 loss=1.217748 grad_norm=9.3818 lr=[8.409627811031337e-07, 8.409627811031337e-07, 5.045776686618802e-07, 5.045776686618802e-07, 1.3455404497650138e-07, 1.3455404497650138e-07]
2026-08-07 14:07:06,152 INFO epoch=2 step=2400/5625 loss=1.452821 grad_norm=12.6816 lr=[8.375886224566261e-07, 8.375886224566261e-07, 5.025531734739756e-07, 5.025531734739756e-07, 1.3401417959306016e-07, 1.3401417959306016e-07]
/data1/work/MichaelYu/miniconda3/envs/florence/lib/python3.10/site-packages/transformers/generation/configuration_utils.py:453: UserWarning: `num_beams` is set to 1. However, `early_stopping` is set to `True` -- this flag is only used in beam-based generation modes. You should set `num_beams>1` or unset `early_stopping`.
  warnings.warn(
2026-08-07 14:08:45,619 INFO dev metrics: {'samples': 128, 'empty_outputs': 0, 'average_words': 21.40625, 'p95_words': 30, 'length_18_24_ratio': 0.5, 'single_sentence_ratio': 1.0, 'subject_start_ratio': 1.0, 'dev_loss': 1.398501443284976, 'global_step': 2400}
2026-08-07 14:08:51,595 INFO epoch=2 step=2410/5625 loss=1.457419 grad_norm=11.8501 lr=[8.342077623650728e-07, 8.342077623650728e-07, 5.005246574190437e-07, 5.005246574190437e-07, 1.3347324197841164e-07, 1.3347324197841164e-07]
2026-08-07 14:08:54,072 INFO epoch=2 step=2420/5625 loss=1.352914 grad_norm=9.3634 lr=[8.308203177125491e-07, 8.308203177125491e-07, 4.984921906275294e-07, 4.984921906275294e-07, 1.3293125083400783e-07, 1.3293125083400783e-07]
2026-08-07 14:08:56,540 INFO epoch=2 step=2430/5625 loss=1.341559 grad_norm=8.8696 lr=[8.274264056107731e-07, 8.274264056107731e-07, 4.964558433664639e-07, 4.964558433664639e-07, 1.3238822489772369e-07, 1.3238822489772369e-07]
2026-08-07 14:08:59,092 INFO epoch=2 step=2440/5625 loss=1.480047 grad_norm=9.5978 lr=[8.240261433950579e-07, 8.240261433950579e-07, 4.944156860370347e-07, 4.944156860370347e-07, 1.3184418294320925e-07, 1.3184418294320925e-07]
2026-08-07 14:09:01,620 INFO epoch=2 step=2450/5625 loss=1.366170 grad_norm=12.2771 lr=[8.206196486202549e-07, 8.206196486202549e-07, 4.923717891721529e-07, 4.923717891721529e-07, 1.3129914377924075e-07, 1.3129914377924075e-07]
2026-08-07 14:09:04,166 INFO epoch=2 step=2460/5625 loss=1.707980 grad_norm=11.7872 lr=[8.172070390566885e-07, 8.172070390566885e-07, 4.903242234340131e-07, 4.903242234340131e-07, 1.3075312624907016e-07, 1.3075312624907016e-07]
2026-08-07 14:09:06,672 INFO epoch=2 step=2470/5625 loss=1.439197 grad_norm=11.1818 lr=[8.137884326860861e-07, 8.137884326860861e-07, 4.882730596116516e-07, 4.882730596116516e-07, 1.3020614922977376e-07, 1.3020614922977376e-07]
2026-08-07 14:09:09,159 INFO epoch=2 step=2480/5625 loss=1.537411 grad_norm=9.3574 lr=[8.103639476974978e-07, 8.103639476974978e-07, 4.862183686184986e-07, 4.862183686184986e-07, 1.2965823163159965e-07, 1.2965823163159965e-07]
2026-08-07 14:09:11,630 INFO epoch=2 step=2490/5625 loss=1.420679 grad_norm=10.3150 lr=[8.069337024832117e-07, 8.069337024832117e-07, 4.841602214899269e-07, 4.841602214899269e-07, 1.2910939239731384e-07, 1.2910939239731384e-07]
2026-08-07 14:09:14,100 INFO epoch=2 step=2500/5625 loss=1.376417 grad_norm=10.5597 lr=[8.034978156346593e-07, 8.034978156346593e-07, 4.820986893807955e-07, 4.820986893807955e-07, 1.2855965050154547e-07, 1.2855965050154547e-07]
2026-08-07 14:09:16,559 INFO epoch=2 step=2510/5625 loss=1.424328 grad_norm=11.1006 lr=[8.000564059383171e-07, 8.000564059383171e-07, 4.800338435629902e-07, 4.800338435629902e-07, 1.280090249501307e-07, 1.280090249501307e-07]
2026-08-07 14:09:19,019 INFO epoch=2 step=2520/5625 loss=1.406623 grad_norm=8.6745 lr=[7.966095923715984e-07, 7.966095923715984e-07, 4.77965755422959e-07, 4.77965755422959e-07, 1.2745753477945574e-07, 1.2745753477945574e-07]
2026-08-07 14:09:21,483 INFO epoch=2 step=2530/5625 loss=1.542732 grad_norm=10.8796 lr=[7.931574940987413e-07, 7.931574940987413e-07, 4.7589449645924476e-07, 4.7589449645924476e-07, 1.269051990557986e-07, 1.269051990557986e-07]
2026-08-07 14:09:23,940 INFO epoch=2 step=2540/5625 loss=1.451455 grad_norm=10.3761 lr=[7.897002304666879e-07, 7.897002304666879e-07, 4.738201382800127e-07, 4.738201382800127e-07, 1.2635203687467003e-07, 1.2635203687467003e-07]
2026-08-07 14:09:26,454 INFO epoch=2 step=2550/5625 loss=1.515011 grad_norm=12.9281 lr=[7.862379210009582e-07, 7.862379210009582e-07, 4.7174275260057494e-07, 4.7174275260057494e-07, 1.257980673601533e-07, 1.257980673601533e-07]
2026-08-07 14:09:28,968 INFO epoch=2 step=2560/5625 loss=1.715904 grad_norm=12.3874 lr=[7.827706854015195e-07, 7.827706854015195e-07, 4.696624112409117e-07, 4.696624112409117e-07, 1.252433096642431e-07, 1.252433096642431e-07]
2026-08-07 14:09:31,432 INFO epoch=2 step=2570/5625 loss=1.359198 grad_norm=13.0847 lr=[7.792986435386456e-07, 7.792986435386456e-07, 4.675791861231873e-07, 4.675791861231873e-07, 1.2468778296618329e-07, 1.2468778296618329e-07]
2026-08-07 14:09:33,889 INFO epoch=2 step=2580/5625 loss=1.441462 grad_norm=10.7532 lr=[7.758219154487742e-07, 7.758219154487742e-07, 4.6549314926926453e-07, 4.6549314926926453e-07, 1.2413150647180386e-07, 1.2413150647180386e-07]
2026-08-07 14:09:36,357 INFO epoch=2 step=2590/5625 loss=1.228314 grad_norm=10.0025 lr=[7.723406213303569e-07, 7.723406213303569e-07, 4.634043727982141e-07, 4.634043727982141e-07, 1.235744994128571e-07, 1.235744994128571e-07]
2026-08-07 14:09:38,923 INFO epoch=2 step=2600/5625 loss=1.577846 grad_norm=12.5139 lr=[7.688548815397029e-07, 7.688548815397029e-07, 4.613129289238217e-07, 4.613129289238217e-07, 1.2301678104635244e-07, 1.2301678104635244e-07]
/data1/work/MichaelYu/miniconda3/envs/florence/lib/python3.10/site-packages/transformers/generation/configuration_utils.py:453: UserWarning: `num_beams` is set to 1. However, `early_stopping` is set to `True` -- this flag is only used in beam-based generation modes. You should set `num_beams>1` or unset `early_stopping`.
  warnings.warn(
2026-08-07 14:11:15,153 INFO dev metrics: {'samples': 128, 'empty_outputs': 0, 'average_words': 21.3046875, 'p95_words': 30, 'length_18_24_ratio': 0.5078125, 'single_sentence_ratio': 1.0, 'subject_start_ratio': 1.0, 'dev_loss': 1.3914628104376976, 'global_step': 2600}
2026-08-07 14:11:22,054 INFO epoch=2 step=2610/5625 loss=1.418518 grad_norm=9.8622 lr=[7.653648165868188e-07, 7.653648165868188e-07, 4.592188899520913e-07, 4.592188899520913e-07, 1.22458370653891e-07, 1.22458370653891e-07]
2026-08-07 14:11:24,691 INFO epoch=2 step=2620/5625 loss=1.587811 grad_norm=10.1482 lr=[7.61870547131242e-07, 7.61870547131242e-07, 4.5712232827874513e-07, 4.5712232827874513e-07, 1.218992875409987e-07, 1.218992875409987e-07]
2026-08-07 14:11:27,234 INFO epoch=2 step=2630/5625 loss=1.377608 grad_norm=12.4736 lr=[7.583721939778688e-07, 7.583721939778688e-07, 4.550233163867212e-07, 4.550233163867212e-07, 1.2133955103645898e-07, 1.2133955103645898e-07]
2026-08-07 14:11:32,384 INFO epoch=2 step=2640/5625 loss=1.216210 grad_norm=9.3471 lr=[7.548698780727785e-07, 7.548698780727785e-07, 4.529219268436671e-07, 4.529219268436671e-07, 1.2077918049164454e-07, 1.2077918049164454e-07]
2026-08-07 14:11:34,913 INFO epoch=2 step=2650/5625 loss=1.328537 grad_norm=10.6489 lr=[7.513637204990517e-07, 7.513637204990517e-07, 4.50818232299431e-07, 4.50818232299431e-07, 1.2021819527984827e-07, 1.2021819527984827e-07]
2026-08-07 14:11:37,511 INFO epoch=2 step=2660/5625 loss=1.721226 grad_norm=14.4679 lr=[7.478538424725851e-07, 7.478538424725851e-07, 4.4871230548355104e-07, 4.4871230548355104e-07, 1.196566147956136e-07, 1.196566147956136e-07]
2026-08-07 14:11:40,129 INFO epoch=2 step=2670/5625 loss=1.659806 grad_norm=11.1854 lr=[7.443403653378987e-07, 7.443403653378987e-07, 4.4660421920273924e-07, 4.4660421920273924e-07, 1.1909445845406378e-07, 1.1909445845406378e-07]
2026-08-07 14:11:42,638 INFO epoch=2 step=2680/5625 loss=1.383974 grad_norm=18.6999 lr=[7.408234105639425e-07, 7.408234105639425e-07, 4.444940463383655e-07, 4.444940463383655e-07, 1.1853174569023078e-07, 1.1853174569023078e-07]
2026-08-07 14:11:45,153 INFO epoch=2 step=2690/5625 loss=1.308432 grad_norm=9.0213 lr=[7.373030997398968e-07, 7.373030997398968e-07, 4.4238185984393804e-07, 4.4238185984393804e-07, 1.1796849595838347e-07, 1.1796849595838347e-07]
2026-08-07 14:11:47,673 INFO epoch=2 step=2700/5625 loss=1.140748 grad_norm=8.6634 lr=[7.337795545709674e-07, 7.337795545709674e-07, 4.402677327425804e-07, 4.402677327425804e-07, 1.1740472873135476e-07, 1.1740472873135476e-07]
2026-08-07 14:11:50,194 INFO epoch=2 step=2710/5625 loss=1.306110 grad_norm=10.1007 lr=[7.302528968741794e-07, 7.302528968741794e-07, 4.3815173812450764e-07, 4.3815173812450764e-07, 1.1684046349986869e-07, 1.1684046349986869e-07]
2026-08-07 14:11:52,676 INFO epoch=2 step=2720/5625 loss=1.340421 grad_norm=11.6444 lr=[7.267232485741654e-07, 7.267232485741654e-07, 4.360339491444992e-07, 4.360339491444992e-07, 1.1627571977186645e-07, 1.1627571977186645e-07]
2026-08-07 14:11:55,282 INFO epoch=2 step=2730/5625 loss=1.511683 grad_norm=21.5034 lr=[7.231907316989493e-07, 7.231907316989493e-07, 4.339144390193696e-07, 4.339144390193696e-07, 1.1571051707183188e-07, 1.1571051707183188e-07]
2026-08-07 14:11:57,780 INFO epoch=2 step=2740/5625 loss=1.466595 grad_norm=9.9994 lr=[7.196554683757286e-07, 7.196554683757286e-07, 4.317932810254371e-07, 4.317932810254371e-07, 1.1514487494011656e-07, 1.1514487494011656e-07]
2026-08-07 14:12:00,357 INFO epoch=2 step=2750/5625 loss=1.490482 grad_norm=11.2472 lr=[7.161175808266514e-07, 7.161175808266514e-07, 4.296705484959908e-07, 4.296705484959908e-07, 1.1457881293226421e-07, 1.1457881293226421e-07]
2026-08-07 14:12:02,938 INFO epoch=2 step=2760/5625 loss=1.100848 grad_norm=10.2203 lr=[7.125771913645919e-07, 7.125771913645919e-07, 4.2754631481875513e-07, 4.2754631481875513e-07, 1.140123506183347e-07, 1.140123506183347e-07]
2026-08-07 14:12:05,460 INFO epoch=2 step=2770/5625 loss=1.583621 grad_norm=10.0771 lr=[7.09034422388921e-07, 7.09034422388921e-07, 4.254206534333526e-07, 4.254206534333526e-07, 1.1344550758222735e-07, 1.1344550758222735e-07]
2026-08-07 14:12:07,945 INFO epoch=2 step=2780/5625 loss=1.545870 grad_norm=14.2704 lr=[7.054893963812747e-07, 7.054893963812747e-07, 4.2329363782876476e-07, 4.2329363782876476e-07, 1.1287830342100392e-07, 1.1287830342100392e-07]
2026-08-07 14:12:10,419 INFO epoch=2 step=2790/5625 loss=1.371573 grad_norm=12.6802 lr=[7.019422359013195e-07, 7.019422359013195e-07, 4.2116534154079167e-07, 4.2116534154079167e-07, 1.123107577442111e-07, 1.123107577442111e-07]
2026-08-07 14:12:12,935 INFO epoch=2 step=2800/5625 loss=1.556130 grad_norm=11.4393 lr=[6.983930635825158e-07, 6.983930635825158e-07, 4.1903583814950943e-07, 4.1903583814950943e-07, 1.1174289017320251e-07, 1.1174289017320251e-07]
/data1/work/MichaelYu/miniconda3/envs/florence/lib/python3.10/site-packages/transformers/generation/configuration_utils.py:453: UserWarning: `num_beams` is set to 1. However, `early_stopping` is set to `True` -- this flag is only used in beam-based generation modes. You should set `num_beams>1` or unset `early_stopping`.
  warnings.warn(
2026-08-07 14:13:57,854 INFO dev metrics: {'samples': 128, 'empty_outputs': 0, 'average_words': 21.3203125, 'p95_words': 31, 'length_18_24_ratio': 0.484375, 'single_sentence_ratio': 1.0, 'subject_start_ratio': 1.0, 'dev_loss': 1.3869487122965483, 'global_step': 2800}
2026-08-07 14:14:04,028 INFO epoch=2 step=2810/5625 loss=1.500879 grad_norm=10.4399 lr=[6.94842002127878e-07, 6.94842002127878e-07, 4.169052012767268e-07, 4.169052012767268e-07, 1.1117472034046046e-07, 1.1117472034046046e-07]
2026-08-07 14:14:06,587 INFO epoch=2 step=2820/5625 loss=1.881646 grad_norm=17.1803 lr=[6.912891743057321e-07, 6.912891743057321e-07, 4.147735045834392e-07, 4.147735045834392e-07, 1.1060626788891712e-07, 1.1060626788891712e-07]
2026-08-07 14:14:09,079 INFO epoch=2 step=2830/5625 loss=1.481962 grad_norm=12.1021 lr=[6.877347029454713e-07, 6.877347029454713e-07, 4.1264082176728277e-07, 4.1264082176728277e-07, 1.1003755247127539e-07, 1.1003755247127539e-07]
2026-08-07 14:14:15,083 INFO epoch=2 step=2840/5625 loss=1.285955 grad_norm=11.3546 lr=[6.841787109333099e-07, 6.841787109333099e-07, 4.105072265599859e-07, 4.105072265599859e-07, 1.0946859374932957e-07, 1.0946859374932957e-07]
2026-08-07 14:14:17,631 INFO epoch=2 step=2850/5625 loss=1.232756 grad_norm=11.0487 lr=[6.806213212080348e-07, 6.806213212080348e-07, 4.083727927248209e-07, 4.083727927248209e-07, 1.0889941139328556e-07, 1.0889941139328556e-07]
2026-08-07 14:14:20,286 INFO epoch=2 step=2860/5625 loss=1.256777 grad_norm=8.8277 lr=[6.770626567567544e-07, 6.770626567567544e-07, 4.0623759405405264e-07, 4.0623759405405264e-07, 1.0833002508108068e-07, 1.0833002508108068e-07]
2026-08-07 14:14:22,885 INFO epoch=2 step=2870/5625 loss=1.272683 grad_norm=13.4093 lr=[6.735028406106481e-07, 6.735028406106481e-07, 4.041017043663888e-07, 4.041017043663888e-07, 1.0776045449770368e-07, 1.0776045449770368e-07]
2026-08-07 14:14:25,380 INFO epoch=2 step=2880/5625 loss=1.447611 grad_norm=14.2226 lr=[6.699419958407113e-07, 6.699419958407113e-07, 4.019651975044268e-07, 4.019651975044268e-07, 1.0719071933451381e-07, 1.0719071933451381e-07]
2026-08-07 14:14:27,870 INFO epoch=2 step=2890/5625 loss=1.471763 grad_norm=8.8974 lr=[6.663802455535017e-07, 6.663802455535017e-07, 3.9982814733210103e-07, 3.9982814733210103e-07, 1.0662083928856027e-07, 1.0662083928856027e-07]
2026-08-07 14:14:30,351 INFO epoch=2 step=2900/5625 loss=1.427551 grad_norm=9.3834 lr=[6.628177128868829e-07, 6.628177128868829e-07, 3.976906277321297e-07, 3.976906277321297e-07, 1.0605083406190125e-07, 1.0605083406190125e-07]
2026-08-07 14:14:32,901 INFO epoch=2 step=2910/5625 loss=1.378185 grad_norm=12.8943 lr=[6.592545210057668e-07, 6.592545210057668e-07, 3.9555271260346e-07, 3.9555271260346e-07, 1.0548072336092266e-07, 1.0548072336092266e-07]
2026-08-07 14:14:35,524 INFO epoch=2 step=2920/5625 loss=1.586863 grad_norm=10.0315 lr=[6.556907930978558e-07, 6.556907930978558e-07, 3.9341447585871343e-07, 3.9341447585871343e-07, 1.0491052689565692e-07, 1.0491052689565692e-07]
2026-08-07 14:14:38,002 INFO epoch=2 step=2930/5625 loss=1.296974 grad_norm=11.0722 lr=[6.521266523693846e-07, 6.521266523693846e-07, 3.912759914216308e-07, 3.912759914216308e-07, 1.0434026437910153e-07, 1.0434026437910153e-07]
2026-08-07 14:14:40,498 INFO epoch=2 step=2940/5625 loss=1.519854 grad_norm=11.9552 lr=[6.485622220408594e-07, 6.485622220408594e-07, 3.8913733322451563e-07, 3.8913733322451563e-07, 1.037699555265375e-07, 1.037699555265375e-07]
2026-08-07 14:14:42,995 INFO epoch=2 step=2950/5625 loss=1.354222 grad_norm=14.7612 lr=[6.449976253427989e-07, 6.449976253427989e-07, 3.869985752056793e-07, 3.869985752056793e-07, 1.0319962005484781e-07, 1.0319962005484781e-07]
2026-08-07 14:14:45,495 INFO epoch=2 step=2960/5625 loss=1.429111 grad_norm=9.2478 lr=[6.414329855114731e-07, 6.414329855114731e-07, 3.8485979130688385e-07, 3.8485979130688385e-07, 1.0262927768183569e-07, 1.0262927768183569e-07]
2026-08-07 14:14:48,007 INFO epoch=2 step=2970/5625 loss=1.079363 grad_norm=9.3885 lr=[6.378684257846443e-07, 6.378684257846443e-07, 3.8272105547078657e-07, 3.8272105547078657e-07, 1.0205894812554308e-07, 1.0205894812554308e-07]
2026-08-07 14:14:50,489 INFO epoch=2 step=2980/5625 loss=1.544121 grad_norm=11.8857 lr=[6.343040693973039e-07, 6.343040693973039e-07, 3.805824416383823e-07, 3.805824416383823e-07, 1.0148865110356862e-07, 1.0148865110356862e-07]
2026-08-07 14:14:52,985 INFO epoch=2 step=2990/5625 loss=1.288903 grad_norm=8.6679 lr=[6.307400395774147e-07, 6.307400395774147e-07, 3.7844402374644877e-07, 3.7844402374644877e-07, 1.0091840633238632e-07, 1.0091840633238632e-07]
2026-08-07 14:14:55,495 INFO epoch=2 step=3000/5625 loss=1.290844 grad_norm=8.9790 lr=[6.271764595416484e-07, 6.271764595416484e-07, 3.7630587572498903e-07, 3.7630587572498903e-07, 1.0034823352666373e-07, 1.0034823352666373e-07]
/data1/work/MichaelYu/miniconda3/envs/florence/lib/python3.10/site-packages/transformers/generation/configuration_utils.py:453: UserWarning: `num_beams` is set to 1. However, `early_stopping` is set to `True` -- this flag is only used in beam-based generation modes. You should set `num_beams>1` or unset `early_stopping`.
  warnings.warn(
2026-08-07 14:16:23,187 INFO dev metrics: {'samples': 128, 'empty_outputs': 0, 'average_words': 21.453125, 'p95_words': 30, 'length_18_24_ratio': 0.4765625, 'single_sentence_ratio': 1.0, 'subject_start_ratio': 1.0, 'dev_loss': 1.3824035583284733, 'global_step': 3000}
2026-08-07 14:16:29,261 INFO epoch=2 step=3010/5625 loss=1.383758 grad_norm=9.5839 lr=[6.236134524911273e-07, 6.236134524911273e-07, 3.7416807149467636e-07, 3.7416807149467636e-07, 9.977815239858036e-08, 9.977815239858036e-08]
2026-08-07 14:16:32,000 INFO epoch=2 step=3020/5625 loss=1.528289 grad_norm=9.6925 lr=[6.200511416071639e-07, 6.200511416071639e-07, 3.7203068496429833e-07, 3.7203068496429833e-07, 9.920818265714621e-08, 9.920818265714621e-08]
2026-08-07 14:16:34,610 INFO epoch=2 step=3030/5625 loss=1.377828 grad_norm=16.7442 lr=[6.164896500470026e-07, 6.164896500470026e-07, 3.698937900282015e-07, 3.698937900282015e-07, 9.86383440075204e-08, 9.86383440075204e-08]
2026-08-07 14:16:37,127 INFO epoch=2 step=3040/5625 loss=1.516756 grad_norm=11.3697 lr=[6.12929100939562e-07, 6.12929100939562e-07, 3.6775746056373717e-07, 3.6775746056373717e-07, 9.806865615032991e-08, 9.806865615032991e-08]
2026-08-07 14:16:39,607 INFO epoch=2 step=3050/5625 loss=1.512273 grad_norm=10.3040 lr=[6.093696173811783e-07, 6.093696173811783e-07, 3.6562177042870696e-07, 3.6562177042870696e-07, 9.749913878098852e-08, 9.749913878098852e-08]
2026-08-07 14:16:42,083 INFO epoch=2 step=3060/5625 loss=1.432914 grad_norm=11.5427 lr=[6.058113224313491e-07, 6.058113224313491e-07, 3.6348679345880937e-07, 3.6348679345880937e-07, 9.692981158901583e-08, 9.692981158901583e-08]
2026-08-07 14:16:45,290 INFO epoch=2 step=3070/5625 loss=1.401256 grad_norm=9.3403 lr=[6.022543391084777e-07, 6.022543391084777e-07, 3.6135260346508664e-07, 3.6135260346508664e-07, 9.636069425735643e-08, 9.636069425735643e-08]
2026-08-07 14:16:50,926 INFO epoch=2 step=3080/5625 loss=1.449967 grad_norm=13.3594 lr=[5.98698790385624e-07, 5.98698790385624e-07, 3.592192742313743e-07, 3.592192742313743e-07, 9.579180646169982e-08, 9.579180646169982e-08]
2026-08-07 14:16:55,863 INFO epoch=2 step=3090/5625 loss=1.504631 grad_norm=12.4921 lr=[5.951447991862483e-07, 5.951447991862483e-07, 3.5708687951174897e-07, 3.5708687951174897e-07, 9.522316786979971e-08, 9.522316786979971e-08]
2026-08-07 14:16:58,340 INFO epoch=2 step=3100/5625 loss=1.321424 grad_norm=9.7894 lr=[5.915924883799649e-07, 5.915924883799649e-07, 3.5495549302797893e-07, 3.5495549302797893e-07, 9.465479814079438e-08, 9.465479814079438e-08]
2026-08-07 14:17:01,248 INFO epoch=2 step=3110/5625 loss=1.433795 grad_norm=10.8371 lr=[5.880419807782931e-07, 5.880419807782931e-07, 3.528251884669758e-07, 3.528251884669758e-07, 9.408671692452688e-08, 9.408671692452688e-08]
2026-08-07 14:17:03,764 INFO epoch=2 step=3120/5625 loss=1.303311 grad_norm=10.1255 lr=[5.8449339913041e-07, 5.8449339913041e-07, 3.50696039478246e-07, 3.50696039478246e-07, 9.351894386086559e-08, 9.351894386086559e-08]
2026-08-07 14:17:06,389 INFO epoch=2 step=3130/5625 loss=1.384791 grad_norm=9.4963 lr=[5.809468661189096e-07, 5.809468661189096e-07, 3.485681196713458e-07, 3.485681196713458e-07, 9.295149857902553e-08, 9.295149857902553e-08]
2026-08-07 14:17:08,869 INFO epoch=2 step=3140/5625 loss=1.590356 grad_norm=9.3512 lr=[5.774025043555592e-07, 5.774025043555592e-07, 3.464415026133355e-07, 3.464415026133355e-07, 9.238440069688946e-08, 9.238440069688946e-08]
2026-08-07 14:17:11,666 INFO epoch=2 step=3150/5625 loss=1.397257 grad_norm=9.1659 lr=[5.738604363770611e-07, 5.738604363770611e-07, 3.4431626182623664e-07, 3.4431626182623664e-07, 9.181766982032977e-08, 9.181766982032977e-08]
2026-08-07 14:17:14,823 INFO epoch=2 step=3160/5625 loss=1.485047 grad_norm=9.9033 lr=[5.703207846408167e-07, 5.703207846408167e-07, 3.4219247078449e-07, 3.4219247078449e-07, 9.125132554253065e-08, 9.125132554253065e-08]
2026-08-07 14:17:17,316 INFO epoch=2 step=3170/5625 loss=1.286939 grad_norm=10.7917 lr=[5.667836715206909e-07, 5.667836715206909e-07, 3.400702029124145e-07, 3.400702029124145e-07, 9.068538744331053e-08, 9.068538744331053e-08]
2026-08-07 14:17:20,380 INFO epoch=2 step=3180/5625 loss=1.510703 grad_norm=10.4054 lr=[5.632492193027844e-07, 5.632492193027844e-07, 3.379495315816706e-07, 3.379495315816706e-07, 9.01198750884455e-08, 9.01198750884455e-08]
2026-08-07 14:17:22,853 INFO epoch=2 step=3190/5625 loss=1.275850 grad_norm=10.3113 lr=[5.597175501812038e-07, 5.597175501812038e-07, 3.3583053010872226e-07, 3.3583053010872226e-07, 8.95548080289926e-08, 8.95548080289926e-08]
2026-08-07 14:17:25,526 INFO epoch=2 step=3200/5625 loss=1.481325 grad_norm=9.5998 lr=[5.56188786253838e-07, 5.56188786253838e-07, 3.337132717523028e-07, 3.337132717523028e-07, 8.899020580061407e-08, 8.899020580061407e-08]
/data1/work/MichaelYu/miniconda3/envs/florence/lib/python3.10/site-packages/transformers/generation/configuration_utils.py:453: UserWarning: `num_beams` is set to 1. However, `early_stopping` is set to `True` -- this flag is only used in beam-based generation modes. You should set `num_beams>1` or unset `early_stopping`.
  warnings.warn(
2026-08-07 14:18:54,590 INFO dev metrics: {'samples': 128, 'empty_outputs': 0, 'average_words': 21.34375, 'p95_words': 29, 'length_18_24_ratio': 0.4453125, 'single_sentence_ratio': 1.0, 'subject_start_ratio': 1.0, 'dev_loss': 1.37861346198727, 'global_step': 3200}
2026-08-07 14:19:00,586 INFO epoch=2 step=3210/5625 loss=1.436447 grad_norm=12.0290 lr=[5.526630495181361e-07, 5.526630495181361e-07, 3.315978297108816e-07, 3.315978297108816e-07, 8.842608792290177e-08, 8.842608792290177e-08]
2026-08-07 14:19:03,077 INFO epoch=2 step=3220/5625 loss=1.381470 grad_norm=10.4441 lr=[5.491404618668903e-07, 5.491404618668903e-07, 3.294842771201342e-07, 3.294842771201342e-07, 8.786247389870245e-08, 8.786247389870245e-08]
2026-08-07 14:19:06,540 INFO epoch=2 step=3230/5625 loss=1.347829 grad_norm=13.4139 lr=[5.456211450840227e-07, 5.456211450840227e-07, 3.2737268705041355e-07, 3.2737268705041355e-07, 8.729938321344361e-08, 8.729938321344361e-08]
2026-08-07 14:19:09,350 INFO epoch=2 step=3240/5625 loss=1.511414 grad_norm=12.2923 lr=[5.421052208403725e-07, 5.421052208403725e-07, 3.252631325042235e-07, 3.252631325042235e-07, 8.673683533445959e-08, 8.673683533445959e-08]
2026-08-07 14:19:11,813 INFO epoch=2 step=3250/5625 loss=1.355372 grad_norm=8.9833 lr=[5.385928106894928e-07, 5.385928106894928e-07, 3.231556864136957e-07, 3.231556864136957e-07, 8.617484971031885e-08, 8.617484971031885e-08]
2026-08-07 14:19:14,269 INFO epoch=2 step=3260/5625 loss=1.404747 grad_norm=12.4817 lr=[5.350840360634448e-07, 5.350840360634448e-07, 3.210504216380668e-07, 3.210504216380668e-07, 8.561344577015115e-08, 8.561344577015115e-08]
2026-08-07 14:19:16,839 INFO epoch=2 step=3270/5625 loss=1.309168 grad_norm=9.5857 lr=[5.315790182686021e-07, 5.315790182686021e-07, 3.189474109611613e-07, 3.189474109611613e-07, 8.505264292297633e-08, 8.505264292297633e-08]
2026-08-07 14:19:19,334 INFO epoch=2 step=3280/5625 loss=1.303521 grad_norm=10.5643 lr=[5.28077878481456e-07, 5.28077878481456e-07, 3.1684672708887363e-07, 3.1684672708887363e-07, 8.449246055703297e-08, 8.449246055703297e-08]
2026-08-07 14:19:21,787 INFO epoch=2 step=3290/5625 loss=1.260728 grad_norm=9.3024 lr=[5.245807377444264e-07, 5.245807377444264e-07, 3.1474844264665576e-07, 3.1474844264665576e-07, 8.393291803910821e-08, 8.393291803910821e-08]
2026-08-07 14:19:24,256 INFO epoch=2 step=3300/5625 loss=1.556173 grad_norm=10.9754 lr=[5.210877169616765e-07, 5.210877169616765e-07, 3.126526301770059e-07, 3.126526301770059e-07, 8.337403471386823e-08, 8.337403471386823e-08]
2026-08-07 14:19:26,836 INFO epoch=2 step=3310/5625 loss=1.339902 grad_norm=9.1093 lr=[5.175989368949331e-07, 5.175989368949331e-07, 3.105593621369598e-07, 3.105593621369598e-07, 8.281582990318927e-08, 8.281582990318927e-08]
2026-08-07 14:19:29,334 INFO epoch=2 step=3320/5625 loss=1.442060 grad_norm=11.7844 lr=[5.14114518159312e-07, 5.14114518159312e-07, 3.084687108955872e-07, 3.084687108955872e-07, 8.22583229054899e-08, 8.22583229054899e-08]
2026-08-07 14:19:31,824 INFO epoch=2 step=3330/5625 loss=1.425961 grad_norm=11.0214 lr=[5.106345812191481e-07, 5.106345812191481e-07, 3.0638074873148885e-07, 3.0638074873148885e-07, 8.170153299506368e-08, 8.170153299506368e-08]
2026-08-07 14:19:34,285 INFO epoch=2 step=3340/5625 loss=1.473296 grad_norm=10.9243 lr=[5.071592463838299e-07, 5.071592463838299e-07, 3.042955478302979e-07, 3.042955478302979e-07, 8.114547942141277e-08, 8.114547942141277e-08]
2026-08-07 14:19:36,749 INFO epoch=2 step=3350/5625 loss=1.377142 grad_norm=10.7723 lr=[5.036886338036409e-07, 5.036886338036409e-07, 3.022131802821845e-07, 3.022131802821845e-07, 8.059018140858253e-08, 8.059018140858253e-08]
2026-08-07 14:19:39,320 INFO epoch=2 step=3360/5625 loss=1.407539 grad_norm=10.3316 lr=[5.002228634656049e-07, 5.002228634656049e-07, 3.001337180793629e-07, 3.001337180793629e-07, 8.003565815449678e-08, 8.003565815449678e-08]
2026-08-07 14:19:41,773 INFO epoch=2 step=3370/5625 loss=1.294205 grad_norm=11.7722 lr=[4.967620551893391e-07, 4.967620551893391e-07, 2.9805723311360345e-07, 2.9805723311360345e-07, 7.948192883029425e-08, 7.948192883029425e-08]
2026-08-07 14:19:44,251 INFO epoch=2 step=3380/5625 loss=1.566247 grad_norm=9.7705 lr=[4.933063286229102e-07, 4.933063286229102e-07, 2.959837971737461e-07, 2.959837971737461e-07, 7.892901257966562e-08, 7.892901257966562e-08]
2026-08-07 14:19:46,793 INFO epoch=2 step=3390/5625 loss=1.382856 grad_norm=10.9334 lr=[4.898558032386991e-07, 4.898558032386991e-07, 2.939134819432194e-07, 2.939134819432194e-07, 7.837692851819184e-08, 7.837692851819184e-08]
2026-08-07 14:19:49,268 INFO epoch=2 step=3400/5625 loss=1.936414 grad_norm=10.5076 lr=[4.864105983292693e-07, 4.864105983292693e-07, 2.9184635899756153e-07, 2.9184635899756153e-07, 7.782569573268307e-08, 7.782569573268307e-08]
/data1/work/MichaelYu/miniconda3/envs/florence/lib/python3.10/site-packages/transformers/generation/configuration_utils.py:453: UserWarning: `num_beams` is set to 1. However, `early_stopping` is set to `True` -- this flag is only used in beam-based generation modes. You should set `num_beams>1` or unset `early_stopping`.
  warnings.warn(
2026-08-07 14:21:16,822 INFO dev metrics: {'samples': 128, 'empty_outputs': 0, 'average_words': 21.40625, 'p95_words': 30, 'length_18_24_ratio': 0.4765625, 'single_sentence_ratio': 1.0, 'subject_start_ratio': 1.0, 'dev_loss': 1.3751766614945464, 'global_step': 3400}
2026-08-07 14:21:22,851 INFO epoch=2 step=3410/5625 loss=1.501922 grad_norm=10.5555 lr=[4.829708330032438e-07, 4.829708330032438e-07, 2.8978249980194623e-07, 2.8978249980194623e-07, 7.727533328051898e-08, 7.727533328051898e-08]
2026-08-07 14:21:25,401 INFO epoch=2 step=3420/5625 loss=1.367373 grad_norm=10.8353 lr=[4.795366261811864e-07, 4.795366261811864e-07, 2.8772197570871183e-07, 2.8772197570871183e-07, 7.672586018898981e-08, 7.672586018898981e-08]
2026-08-07 14:21:27,882 INFO epoch=2 step=3430/5625 loss=1.220779 grad_norm=11.0421 lr=[4.76108096591491e-07, 4.76108096591491e-07, 2.856648579548946e-07, 2.856648579548946e-07, 7.617729545463856e-08, 7.617729545463856e-08]
2026-08-07 14:21:34,129 INFO epoch=2 step=3440/5625 loss=1.384664 grad_norm=10.2253 lr=[4.7268536276627655e-07, 4.7268536276627655e-07, 2.8361121765976593e-07, 2.8361121765976593e-07, 7.562965804260424e-08, 7.562965804260424e-08]
2026-08-07 14:21:36,611 INFO epoch=2 step=3450/5625 loss=1.443749 grad_norm=12.2693 lr=[4.6926854303728896e-07, 4.6926854303728896e-07, 2.815611258223734e-07, 2.815611258223734e-07, 7.508296688596623e-08, 7.508296688596623e-08]
2026-08-07 14:21:39,102 INFO epoch=2 step=3460/5625 loss=1.309610 grad_norm=9.8670 lr=[4.6585775553181014e-07, 4.6585775553181014e-07, 2.795146533190861e-07, 2.795146533190861e-07, 7.453724088508962e-08, 7.453724088508962e-08]
2026-08-07 14:21:41,559 INFO epoch=2 step=3470/5625 loss=1.488197 grad_norm=9.6426 lr=[4.624531181685747e-07, 4.624531181685747e-07, 2.774718709011448e-07, 2.774718709011448e-07, 7.399249890697195e-08, 7.399249890697195e-08]
2026-08-07 14:21:44,065 INFO epoch=2 step=3480/5625 loss=1.477432 grad_norm=11.3094 lr=[4.5905474865369253e-07, 4.5905474865369253e-07, 2.7543284919221553e-07, 2.7543284919221553e-07, 7.34487597845908e-08, 7.34487597845908e-08]
2026-08-07 14:21:46,529 INFO epoch=2 step=3490/5625 loss=1.489834 grad_norm=23.4712 lr=[4.556627644765796e-07, 4.556627644765796e-07, 2.7339765868594774e-07, 2.7339765868594774e-07, 7.290604231625272e-08, 7.290604231625272e-08]
2026-08-07 14:21:49,027 INFO epoch=2 step=3500/5625 loss=1.422100 grad_norm=13.0057 lr=[4.522772829058959e-07, 4.522772829058959e-07, 2.713663697435375e-07, 2.713663697435375e-07, 7.236436526494334e-08, 7.236436526494334e-08]
2026-08-07 14:21:51,495 INFO epoch=2 step=3510/5625 loss=1.505260 grad_norm=11.2349 lr=[4.48898420985492e-07, 4.48898420985492e-07, 2.693390525912952e-07, 2.693390525912952e-07, 7.182374735767871e-08, 7.182374735767871e-08]
2026-08-07 14:21:54,062 INFO epoch=2 step=3520/5625 loss=1.288987 grad_norm=12.3169 lr=[4.455262955303614e-07, 4.455262955303614e-07, 2.6731577731821685e-07, 2.6731577731821685e-07, 7.128420728485782e-08, 7.128420728485782e-08]
2026-08-07 14:21:56,524 INFO epoch=2 step=3530/5625 loss=1.369362 grad_norm=10.1326 lr=[4.4216102312260314e-07, 4.4216102312260314e-07, 2.6529661387356183e-07, 2.6529661387356183e-07, 7.074576369961649e-08, 7.074576369961649e-08]
2026-08-07 14:21:59,077 INFO epoch=2 step=3540/5625 loss=1.226397 grad_norm=16.7626 lr=[4.3880272010739034e-07, 4.3880272010739034e-07, 2.632816320644342e-07, 2.632816320644342e-07, 7.020843521718244e-08, 7.020843521718244e-08]
2026-08-07 14:22:01,577 INFO epoch=2 step=3550/5625 loss=1.244836 grad_norm=9.2336 lr=[4.3545150258894814e-07, 4.3545150258894814e-07, 2.612709015533689e-07, 2.612709015533689e-07, 6.96722404142317e-08, 6.96722404142317e-08]
2026-08-07 14:22:04,051 INFO epoch=2 step=3560/5625 loss=1.497540 grad_norm=11.4614 lr=[4.3210748642654023e-07, 4.3210748642654023e-07, 2.5926449185592414e-07, 2.5926449185592414e-07, 6.913719782824642e-08, 6.913719782824642e-08]
2026-08-07 14:22:06,516 INFO epoch=2 step=3570/5625 loss=1.468538 grad_norm=15.7326 lr=[4.287707872304628e-07, 4.287707872304628e-07, 2.572624723382777e-07, 2.572624723382777e-07, 6.860332595687403e-08, 6.860332595687403e-08]
2026-08-07 14:22:08,990 INFO epoch=2 step=3580/5625 loss=1.566890 grad_norm=10.6445 lr=[4.254415203580478e-07, 4.254415203580478e-07, 2.552649122148287e-07, 2.552649122148287e-07, 6.807064325728764e-08, 6.807064325728764e-08]
2026-08-07 14:22:11,472 INFO epoch=2 step=3590/5625 loss=1.312580 grad_norm=9.5573 lr=[4.2211980090967414e-07, 4.2211980090967414e-07, 2.5327188054580445e-07, 2.5327188054580445e-07, 6.753916814554785e-08, 6.753916814554785e-08]
2026-08-07 14:22:13,944 INFO epoch=2 step=3600/5625 loss=1.472147 grad_norm=10.3075 lr=[4.1880574372478973e-07, 4.1880574372478973e-07, 2.5128344623487384e-07, 2.5128344623487384e-07, 6.700891899596635e-08, 6.700891899596635e-08]
/data1/work/MichaelYu/miniconda3/envs/florence/lib/python3.10/site-packages/transformers/generation/configuration_utils.py:453: UserWarning: `num_beams` is set to 1. However, `early_stopping` is set to `True` -- this flag is only used in beam-based generation modes. You should set `num_beams>1` or unset `early_stopping`.
  warnings.warn(
2026-08-07 14:23:47,974 INFO dev metrics: {'samples': 128, 'empty_outputs': 0, 'average_words': 21.4609375, 'p95_words': 30, 'length_18_24_ratio': 0.46875, 'single_sentence_ratio': 1.0, 'subject_start_ratio': 1.0, 'dev_loss': 1.3719898989458412, 'global_step': 3600}
2026-08-07 14:23:54,066 INFO epoch=2 step=3610/5625 loss=1.494009 grad_norm=11.0597 lr=[4.154994633779404e-07, 4.154994633779404e-07, 2.492996780267642e-07, 2.492996780267642e-07, 6.647991414047045e-08, 6.647991414047045e-08]
2026-08-07 14:23:57,064 INFO epoch=2 step=3620/5625 loss=1.469090 grad_norm=10.5675 lr=[4.122010741748086e-07, 4.122010741748086e-07, 2.473206445048852e-07, 2.473206445048852e-07, 6.595217186796937e-08, 6.595217186796937e-08]
2026-08-07 14:23:59,542 INFO epoch=2 step=3630/5625 loss=1.465798 grad_norm=12.9034 lr=[4.089106901482624e-07, 4.089106901482624e-07, 2.4534641408895744e-07, 2.4534641408895744e-07, 6.542571042372198e-08, 6.542571042372198e-08]
2026-08-07 14:24:02,031 INFO epoch=2 step=3640/5625 loss=1.600820 grad_norm=23.2025 lr=[4.056284250544115e-07, 4.056284250544115e-07, 2.433770550326469e-07, 2.433770550326469e-07, 6.490054800870584e-08, 6.490054800870584e-08]
2026-08-07 14:24:04,538 INFO epoch=2 step=3650/5625 loss=1.350897 grad_norm=9.9818 lr=[4.0235439236867654e-07, 4.0235439236867654e-07, 2.414126354212059e-07, 2.414126354212059e-07, 6.437670277898824e-08, 6.437670277898824e-08]
2026-08-07 14:24:07,004 INFO epoch=2 step=3660/5625 loss=1.436723 grad_norm=8.8649 lr=[3.9908870528186453e-07, 3.9908870528186453e-07, 2.3945322316911874e-07, 2.3945322316911874e-07, 6.385419284509832e-08, 6.385419284509832e-08]
2026-08-07 14:24:09,561 INFO epoch=2 step=3670/5625 loss=1.415063 grad_norm=11.0288 lr=[3.9583147669625634e-07, 3.9583147669625634e-07, 2.374988860177538e-07, 2.374988860177538e-07, 6.3333036271401e-08, 6.3333036271401e-08]
2026-08-07 14:24:12,052 INFO epoch=2 step=3680/5625 loss=1.279086 grad_norm=9.2638 lr=[3.925828192217028e-07, 3.925828192217028e-07, 2.3554969153302167e-07, 2.3554969153302167e-07, 6.281325107547244e-08, 6.281325107547244e-08]
2026-08-07 14:24:14,610 INFO epoch=2 step=3690/5625 loss=1.295935 grad_norm=20.8181 lr=[3.8934284517173155e-07, 3.8934284517173155e-07, 2.3360570710303891e-07, 2.3360570710303891e-07, 6.229485522747704e-08, 6.229485522747704e-08]
2026-08-07 14:24:17,128 INFO epoch=2 step=3700/5625 loss=1.331698 grad_norm=9.8373 lr=[3.8611166655966465e-07, 3.8611166655966465e-07, 2.316669999357988e-07, 2.316669999357988e-07, 6.177786664954634e-08, 6.177786664954634e-08]
2026-08-07 14:24:19,654 INFO epoch=2 step=3710/5625 loss=1.401332 grad_norm=18.3425 lr=[3.828893950947461e-07, 3.828893950947461e-07, 2.2973363705684765e-07, 2.2973363705684765e-07, 6.126230321515938e-08, 6.126230321515938e-08]
2026-08-07 14:24:24,268 INFO epoch=2 step=3720/5625 loss=1.588703 grad_norm=10.8861 lr=[3.796761421782787e-07, 3.796761421782787e-07, 2.278056853069672e-07, 2.278056853069672e-07, 6.074818274852458e-08, 6.074818274852458e-08]
2026-08-07 14:24:26,742 INFO epoch=2 step=3730/5625 loss=1.367215 grad_norm=9.3875 lr=[3.7647201889977393e-07, 3.7647201889977393e-07, 2.2588321133986433e-07, 2.2588321133986433e-07, 6.023552302396382e-08, 6.023552302396382e-08]
2026-08-07 14:24:29,220 INFO epoch=2 step=3740/5625 loss=1.646314 grad_norm=11.1260 lr=[3.732771360331106e-07, 3.732771360331106e-07, 2.2396628161986633e-07, 2.2396628161986633e-07, 5.972434176529767e-08, 5.972434176529767e-08]
2026-08-07 14:24:31,716 INFO epoch=2 step=3750/5625 loss=1.468047 grad_norm=12.9798 lr=[3.7009160403270505e-07, 3.7009160403270505e-07, 2.2205496241962301e-07, 2.2205496241962301e-07, 5.9214656645232794e-08, 5.9214656645232794e-08]
2026-08-07 14:24:34,856 INFO epoch=3 step=3760/5625 loss=1.107747 grad_norm=10.0738 lr=[3.669155330296935e-07, 3.669155330296935e-07, 2.2014931981781607e-07, 2.2014931981781607e-07, 5.870648528475095e-08, 5.870648528475095e-08]
2026-08-07 14:24:37,321 INFO epoch=3 step=3770/5625 loss=1.459679 grad_norm=9.9645 lr=[3.637490328281232e-07, 3.637490328281232e-07, 2.182494196968739e-07, 2.182494196968739e-07, 5.81998452524997e-08, 5.81998452524997e-08]
2026-08-07 14:24:39,915 INFO epoch=3 step=3780/5625 loss=1.662177 grad_norm=12.7753 lr=[3.605922129011566e-07, 3.605922129011566e-07, 2.1635532774069395e-07, 2.1635532774069395e-07, 5.769475406418505e-08, 5.769475406418505e-08]
2026-08-07 14:24:42,425 INFO epoch=3 step=3790/5625 loss=1.215297 grad_norm=9.4251 lr=[3.5744518238728766e-07, 3.5744518238728766e-07, 2.1446710943237258e-07, 2.1446710943237258e-07, 5.719122918196602e-08, 5.719122918196602e-08]
2026-08-07 14:24:45,008 INFO epoch=3 step=3800/5625 loss=1.526050 grad_norm=11.8566 lr=[3.5430805008656753e-07, 3.5430805008656753e-07, 2.1258483005194052e-07, 2.1258483005194052e-07, 5.66892880138508e-08, 5.66892880138508e-08]
/data1/work/MichaelYu/miniconda3/envs/florence/lib/python3.10/site-packages/transformers/generation/configuration_utils.py:453: UserWarning: `num_beams` is set to 1. However, `early_stopping` is set to `True` -- this flag is only used in beam-based generation modes. You should set `num_beams>1` or unset `early_stopping`.
  warnings.warn(
2026-08-07 14:26:26,752 INFO dev metrics: {'samples': 128, 'empty_outputs': 0, 'average_words': 21.375, 'p95_words': 30, 'length_18_24_ratio': 0.4453125, 'single_sentence_ratio': 1.0, 'subject_start_ratio': 1.0, 'dev_loss': 1.3702545253682208, 'global_step': 3800}
2026-08-07 14:26:33,135 INFO epoch=3 step=3810/5625 loss=1.326164 grad_norm=9.9423 lr=[3.511809244568436e-07, 3.511809244568436e-07, 2.1070855467410612e-07, 2.1070855467410612e-07, 5.6188947913094967e-08, 5.6188947913094967e-08]
2026-08-07 14:26:35,592 INFO epoch=3 step=3820/5625 loss=1.394389 grad_norm=10.9604 lr=[3.4806391361000974e-07, 3.4806391361000974e-07, 2.0883834816600583e-07, 2.0883834816600583e-07, 5.569022617760155e-08, 5.569022617760155e-08]
2026-08-07 14:26:39,890 INFO epoch=3 step=3830/5625 loss=1.505497 grad_norm=11.0315 lr=[3.4495712530826783e-07, 3.4495712530826783e-07, 2.069742751849607e-07, 2.069742751849607e-07, 5.519314004932285e-08, 5.519314004932285e-08]
2026-08-07 14:26:42,362 INFO epoch=3 step=3840/5625 loss=1.577129 grad_norm=9.0498 lr=[3.418606669604044e-07, 3.418606669604044e-07, 2.051164001762426e-07, 2.051164001762426e-07, 5.4697706713664695e-08, 5.4697706713664695e-08]
2026-08-07 14:26:44,829 INFO epoch=3 step=3850/5625 loss=1.557818 grad_norm=14.6520 lr=[3.387746456180747e-07, 3.387746456180747e-07, 2.0326478737084482e-07, 2.0326478737084482e-07, 5.420394329889195e-08, 5.420394329889195e-08]
2026-08-07 14:26:47,288 INFO epoch=3 step=3860/5625 loss=1.491098 grad_norm=9.6950 lr=[3.356991679721033e-07, 3.356991679721033e-07, 2.0141950078326198e-07, 2.0141950078326198e-07, 5.371186687553653e-08, 5.371186687553653e-08]
2026-08-07 14:26:49,767 INFO epoch=3 step=3870/5625 loss=1.335215 grad_norm=11.9183 lr=[3.32634340348795e-07, 3.32634340348795e-07, 1.9958060420927697e-07, 1.9958060420927697e-07, 5.322149445580719e-08, 5.322149445580719e-08]
2026-08-07 14:26:52,305 INFO epoch=3 step=3880/5625 loss=1.175727 grad_norm=10.5161 lr=[3.2958026870625844e-07, 3.2958026870625844e-07, 1.9774816122375506e-07, 1.9774816122375506e-07, 5.273284299300135e-08, 5.273284299300135e-08]
2026-08-07 14:26:54,788 INFO epoch=3 step=3890/5625 loss=1.525974 grad_norm=13.6632 lr=[3.2653705863074396e-07, 3.2653705863074396e-07, 1.9592223517844637e-07, 1.9592223517844637e-07, 5.224592938091903e-08, 5.224592938091903e-08]
2026-08-07 14:26:57,271 INFO epoch=3 step=3900/5625 loss=1.421963 grad_norm=9.3463 lr=[3.2350481533299253e-07, 3.2350481533299253e-07, 1.941028891997955e-07, 1.941028891997955e-07, 5.17607704532788e-08, 5.17607704532788e-08]
2026-08-07 14:26:59,739 INFO epoch=3 step=3910/5625 loss=1.451396 grad_norm=11.5668 lr=[3.204836436445985e-07, 3.204836436445985e-07, 1.922901861867591e-07, 1.922901861867591e-07, 5.1277382983135756e-08, 5.1277382983135756e-08]
2026-08-07 14:27:02,208 INFO epoch=3 step=3920/5625 loss=1.761593 grad_norm=15.8948 lr=[3.174736480143852e-07, 3.174736480143852e-07, 1.9048418880863111e-07, 1.9048418880863111e-07, 5.079578368230163e-08, 5.079578368230163e-08]
2026-08-07 14:27:04,686 INFO epoch=3 step=3930/5625 loss=1.383207 grad_norm=10.8666 lr=[3.144749325047938e-07, 3.144749325047938e-07, 1.886849595028763e-07, 1.886849595028763e-07, 5.0315989200767003e-08, 5.0315989200767003e-08]
2026-08-07 14:27:07,150 INFO epoch=3 step=3940/5625 loss=1.242503 grad_norm=9.5554 lr=[3.114876007882865e-07, 3.114876007882865e-07, 1.868925604729719e-07, 1.868925604729719e-07, 4.983801612612584e-08, 4.983801612612584e-08]
2026-08-07 14:27:09,620 INFO epoch=3 step=3950/5625 loss=1.525325 grad_norm=13.2542 lr=[3.0851175614376104e-07, 3.0851175614376104e-07, 1.8510705368625662e-07, 1.8510705368625662e-07, 4.936188098300176e-08, 4.936188098300176e-08]
2026-08-07 14:27:12,083 INFO epoch=3 step=3960/5625 loss=1.463335 grad_norm=14.2336 lr=[3.0554750145298175e-07, 3.0554750145298175e-07, 1.8332850087178902e-07, 1.8332850087178902e-07, 4.888760023247707e-08, 4.888760023247707e-08]
2026-08-07 14:27:14,589 INFO epoch=3 step=3970/5625 loss=1.439605 grad_norm=10.0574 lr=[3.025949391970205e-07, 3.025949391970205e-07, 1.8155696351821228e-07, 1.8155696351821228e-07, 4.841519027152327e-08, 4.841519027152327e-08]
2026-08-07 14:27:17,067 INFO epoch=3 step=3980/5625 loss=1.447556 grad_norm=10.9081 lr=[2.996541714527157e-07, 2.996541714527157e-07, 1.797925028716294e-07, 1.797925028716294e-07, 4.7944667432434506e-08, 4.7944667432434506e-08]
2026-08-07 14:27:19,742 INFO epoch=3 step=3990/5625 loss=1.494958 grad_norm=10.6463 lr=[2.967252998891422e-07, 2.967252998891422e-07, 1.7803517993348532e-07, 1.7803517993348532e-07, 4.747604798226274e-08, 4.747604798226274e-08]
2026-08-07 14:27:22,392 INFO epoch=3 step=4000/5625 loss=1.347265 grad_norm=10.7661 lr=[2.938084257640968e-07, 2.938084257640968e-07, 1.7628505545845807e-07, 1.7628505545845807e-07, 4.700934812225548e-08, 4.700934812225548e-08]
/data1/work/MichaelYu/miniconda3/envs/florence/lib/python3.10/site-packages/transformers/generation/configuration_utils.py:453: UserWarning: `num_beams` is set to 1. However, `early_stopping` is set to `True` -- this flag is only used in beam-based generation modes. You should set `num_beams>1` or unset `early_stopping`.
  warnings.warn(
2026-08-07 14:29:02,780 INFO dev metrics: {'samples': 128, 'empty_outputs': 0, 'average_words': 21.2421875, 'p95_words': 29, 'length_18_24_ratio': 0.484375, 'single_sentence_ratio': 1.0, 'subject_start_ratio': 1.0, 'dev_loss': 1.3687550282189362, 'global_step': 4000}
2026-08-07 14:29:08,673 INFO epoch=3 step=4010/5625 loss=1.526425 grad_norm=10.5057 lr=[2.9090364992059754e-07, 2.9090364992059754e-07, 1.745421899523585e-07, 1.745421899523585e-07, 4.65445839872956e-08, 4.65445839872956e-08]
2026-08-07 14:29:11,222 INFO epoch=3 step=4020/5625 loss=1.355752 grad_norm=12.3832 lr=[2.880110727833964e-07, 2.880110727833964e-07, 1.728066436700378e-07, 1.728066436700378e-07, 4.6081771645343416e-08, 4.6081771645343416e-08]
2026-08-07 14:29:13,705 INFO epoch=3 step=4030/5625 loss=1.629253 grad_norm=10.0267 lr=[2.8513079435550887e-07, 2.8513079435550887e-07, 1.710784766133053e-07, 1.710784766133053e-07, 4.5620927096881414e-08, 4.5620927096881414e-08]
2026-08-07 14:29:19,380 INFO epoch=3 step=4040/5625 loss=1.412269 grad_norm=9.9458 lr=[2.822629142147558e-07, 2.822629142147558e-07, 1.6935774852885348e-07, 1.6935774852885348e-07, 4.5162066274360925e-08, 4.5162066274360925e-08]
2026-08-07 14:29:21,841 INFO epoch=3 step=4050/5625 loss=1.358096 grad_norm=13.6563 lr=[2.7940753151032076e-07, 2.7940753151032076e-07, 1.6764451890619244e-07, 1.6764451890619244e-07, 4.4705205041651315e-08, 4.4705205041651315e-08]
2026-08-07 14:29:24,329 INFO epoch=3 step=4060/5625 loss=1.203672 grad_norm=22.0770 lr=[2.7656474495932224e-07, 2.7656474495932224e-07, 1.6593884697559332e-07, 1.6593884697559332e-07, 4.425035919349155e-08, 4.425035919349155e-08]
2026-08-07 14:29:26,886 INFO epoch=3 step=4070/5625 loss=1.294412 grad_norm=11.8068 lr=[2.7373465284340097e-07, 2.7373465284340097e-07, 1.6424079170604056e-07, 1.6424079170604056e-07, 4.379754445494415e-08, 4.379754445494415e-08]
2026-08-07 14:29:29,372 INFO epoch=3 step=4080/5625 loss=1.436548 grad_norm=12.7642 lr=[2.70917353005322e-07, 2.70917353005322e-07, 1.625504118031932e-07, 1.625504118031932e-07, 4.334677648085151e-08, 4.334677648085151e-08]
2026-08-07 14:29:31,933 INFO epoch=3 step=4090/5625 loss=1.193509 grad_norm=10.9946 lr=[2.6811294284559195e-07, 2.6811294284559195e-07, 1.6086776570735518e-07, 1.6086776570735518e-07, 4.289807085529471e-08, 4.289807085529471e-08]
2026-08-07 14:29:34,492 INFO epoch=3 step=4100/5625 loss=1.337502 grad_norm=10.6876 lr=[2.653215193190919e-07, 2.653215193190919e-07, 1.5919291159145516e-07, 1.5919291159145516e-07, 4.2451443091054705e-08, 4.2451443091054705e-08]
2026-08-07 14:29:36,946 INFO epoch=3 step=4110/5625 loss=1.210835 grad_norm=12.2130 lr=[2.625431789317255e-07, 2.625431789317255e-07, 1.5752590735903528e-07, 1.5752590735903528e-07, 4.200690862907607e-08, 4.200690862907607e-08]
2026-08-07 14:29:39,412 INFO epoch=3 step=4120/5625 loss=1.596802 grad_norm=21.8514 lr=[2.597780177370813e-07, 2.597780177370813e-07, 1.5586681064224876e-07, 1.5586681064224876e-07, 4.1564482837933e-08, 4.1564482837933e-08]
2026-08-07 14:29:41,873 INFO epoch=3 step=4130/5625 loss=1.293486 grad_norm=10.5931 lr=[2.570261313331141e-07, 2.570261313331141e-07, 1.5421567879986844e-07, 1.5421567879986844e-07, 4.1124181013298245e-08, 4.1124181013298245e-08]
2026-08-07 14:29:44,368 INFO epoch=3 step=4140/5625 loss=1.424809 grad_norm=10.1240 lr=[2.542876148588383e-07, 2.542876148588383e-07, 1.5257256891530298e-07, 1.5257256891530298e-07, 4.068601837741413e-08, 4.068601837741413e-08]
2026-08-07 14:29:46,892 INFO epoch=3 step=4150/5625 loss=1.324390 grad_norm=30.9900 lr=[2.5156256299103933e-07, 2.5156256299103933e-07, 1.509375377946236e-07, 1.509375377946236e-07, 4.0250010078566286e-08, 4.0250010078566286e-08]
2026-08-07 14:29:49,397 INFO epoch=3 step=4160/5625 loss=1.447970 grad_norm=10.7889 lr=[2.488510699410003e-07, 2.488510699410003e-07, 1.493106419646002e-07, 1.493106419646002e-07, 3.981617119056005e-08, 3.981617119056005e-08]
2026-08-07 14:29:51,936 INFO epoch=3 step=4170/5625 loss=1.596069 grad_norm=10.7721 lr=[2.46153229451245e-07, 2.46153229451245e-07, 1.47691937670747e-07, 1.47691937670747e-07, 3.9384516712199195e-08, 3.9384516712199195e-08]
2026-08-07 14:29:54,450 INFO epoch=3 step=4180/5625 loss=1.394418 grad_norm=10.1392 lr=[2.4346913479229676e-07, 2.4346913479229676e-07, 1.4608148087537802e-07, 1.4608148087537802e-07, 3.895506156676747e-08, 3.895506156676747e-08]
2026-08-07 14:29:56,922 INFO epoch=3 step=4190/5625 loss=1.332197 grad_norm=17.0400 lr=[2.407988787594543e-07, 2.407988787594543e-07, 1.4447932725567256e-07, 1.4447932725567256e-07, 3.852782060151268e-08, 3.852782060151268e-08]
2026-08-07 14:29:59,393 INFO epoch=3 step=4200/5625 loss=1.329252 grad_norm=10.4481 lr=[2.3814255366958337e-07, 2.3814255366958337e-07, 1.4288553220175e-07, 1.4288553220175e-07, 3.8102808587133334e-08, 3.8102808587133334e-08]
/data1/work/MichaelYu/miniconda3/envs/florence/lib/python3.10/site-packages/transformers/generation/configuration_utils.py:453: UserWarning: `num_beams` is set to 1. However, `early_stopping` is set to `True` -- this flag is only used in beam-based generation modes. You should set `num_beams>1` or unset `early_stopping`.
  warnings.warn(
2026-08-07 14:31:26,504 INFO dev metrics: {'samples': 128, 'empty_outputs': 0, 'average_words': 21.5078125, 'p95_words': 30, 'length_18_24_ratio': 0.4765625, 'single_sentence_ratio': 1.0, 'subject_start_ratio': 1.0, 'dev_loss': 1.367258272872053, 'global_step': 4200}
2026-08-07 14:31:32,553 INFO epoch=3 step=4210/5625 loss=1.419665 grad_norm=11.3225 lr=[2.3550025135792467e-07, 2.3550025135792467e-07, 1.4130015081475481e-07, 1.4130015081475481e-07, 3.7680040217267945e-08, 3.7680040217267945e-08]
2026-08-07 14:31:35,068 INFO epoch=3 step=4220/5625 loss=1.489819 grad_norm=10.2478 lr=[2.3287206317491986e-07, 2.3287206317491986e-07, 1.3972323790495192e-07, 1.3972323790495192e-07, 3.725953010798718e-08, 3.725953010798718e-08]
2026-08-07 14:31:38,372 INFO epoch=3 step=4230/5625 loss=1.302770 grad_norm=10.6891 lr=[2.3025807998305267e-07, 2.3025807998305267e-07, 1.381548479898316e-07, 1.381548479898316e-07, 3.684129279728842e-08, 3.684129279728842e-08]
2026-08-07 14:31:41,371 INFO epoch=3 step=4240/5625 loss=1.380753 grad_norm=11.8697 lr=[2.2765839215370769e-07, 2.2765839215370769e-07, 1.365950352922246e-07, 1.365950352922246e-07, 3.6425342744593226e-08, 3.6425342744593226e-08]
2026-08-07 14:31:43,927 INFO epoch=3 step=4250/5625 loss=1.424399 grad_norm=13.7654 lr=[2.2507308956404615e-07, 2.2507308956404615e-07, 1.3504385373842768e-07, 1.3504385373842768e-07, 3.601169433024738e-08, 3.601169433024738e-08]
2026-08-07 14:31:46,391 INFO epoch=3 step=4260/5625 loss=1.442058 grad_norm=14.0685 lr=[2.2250226159389872e-07, 2.2250226159389872e-07, 1.3350135695633923e-07, 1.3350135695633923e-07, 3.560036185502379e-08, 3.560036185502379e-08]
2026-08-07 14:31:48,881 INFO epoch=3 step=4270/5625 loss=1.330274 grad_norm=10.3713 lr=[2.1994599712267516e-07, 2.1994599712267516e-07, 1.319675982736051e-07, 1.319675982736051e-07, 3.519135953962802e-08, 3.519135953962802e-08]
2026-08-07 14:31:51,345 INFO epoch=3 step=4280/5625 loss=1.360633 grad_norm=30.7646 lr=[2.1740438452629177e-07, 2.1740438452629177e-07, 1.3044263071577506e-07, 1.3044263071577506e-07, 3.478470152420668e-08, 3.478470152420668e-08]
2026-08-07 14:31:53,799 INFO epoch=3 step=4290/5625 loss=1.453346 grad_norm=174.6300 lr=[2.14877511674116e-07, 2.14877511674116e-07, 1.289265070044696e-07, 1.289265070044696e-07, 3.4380401867858555e-08, 3.4380401867858555e-08]
2026-08-07 14:31:56,268 INFO epoch=3 step=4300/5625 loss=1.524552 grad_norm=11.2193 lr=[2.1236546592592875e-07, 2.1236546592592875e-07, 1.2741927955555723e-07, 1.2741927955555723e-07, 3.39784745481486e-08, 3.39784745481486e-08]
2026-08-07 14:31:58,767 INFO epoch=3 step=4310/5625 loss=1.309130 grad_norm=11.8110 lr=[2.0986833412890346e-07, 2.0986833412890346e-07, 1.2592100047734206e-07, 1.2592100047734206e-07, 3.3578933460624545e-08, 3.3578933460624545e-08]
2026-08-07 14:32:01,225 INFO epoch=3 step=4320/5625 loss=1.561008 grad_norm=9.2867 lr=[2.073862026146047e-07, 2.073862026146047e-07, 1.244317215687628e-07, 1.244317215687628e-07, 3.318179241833675e-08, 3.318179241833675e-08]
2026-08-07 14:32:03,686 INFO epoch=3 step=4330/5625 loss=1.263011 grad_norm=11.7978 lr=[2.0491915719600276e-07, 2.0491915719600276e-07, 1.2295149431760164e-07, 1.2295149431760164e-07, 3.278706515136044e-08, 3.278706515136044e-08]
2026-08-07 14:32:06,194 INFO epoch=3 step=4340/5625 loss=1.376614 grad_norm=10.7803 lr=[2.0246728316450682e-07, 2.0246728316450682e-07, 1.214803698987041e-07, 1.214803698987041e-07, 3.239476530632109e-08, 3.239476530632109e-08]
2026-08-07 14:32:08,711 INFO epoch=3 step=4350/5625 loss=1.331524 grad_norm=10.4388 lr=[2.000306652870171e-07, 2.000306652870171e-07, 1.2001839917221024e-07, 1.2001839917221024e-07, 3.200490644592273e-08, 3.200490644592273e-08]
2026-08-07 14:32:11,288 INFO epoch=3 step=4360/5625 loss=1.223722 grad_norm=9.3076 lr=[1.9760938780299235e-07, 1.9760938780299235e-07, 1.1856563268179541e-07, 1.1856563268179541e-07, 3.161750204847877e-08, 3.161750204847877e-08]
2026-08-07 14:32:13,806 INFO epoch=3 step=4370/5625 loss=1.311318 grad_norm=11.7057 lr=[1.9520353442154038e-07, 1.9520353442154038e-07, 1.1712212065292422e-07, 1.1712212065292422e-07, 3.1232565507446457e-08, 3.1232565507446457e-08]
2026-08-07 14:32:16,276 INFO epoch=3 step=4380/5625 loss=1.585395 grad_norm=9.9268 lr=[1.9281318831852143e-07, 1.9281318831852143e-07, 1.1568791299111285e-07, 1.1568791299111285e-07, 3.085011013096343e-08, 3.085011013096343e-08]
2026-08-07 14:32:18,748 INFO epoch=3 step=4390/5625 loss=1.536248 grad_norm=10.3846 lr=[1.9043843213367406e-07, 1.9043843213367406e-07, 1.1426305928020443e-07, 1.1426305928020443e-07, 3.0470149141387843e-08, 3.0470149141387843e-08]
2026-08-07 14:32:21,331 INFO epoch=3 step=4400/5625 loss=1.441561 grad_norm=10.2544 lr=[1.880793479677572e-07, 1.880793479677572e-07, 1.1284760878065432e-07, 1.1284760878065432e-07, 3.009269567484115e-08, 3.009269567484115e-08]
/data1/work/MichaelYu/miniconda3/envs/florence/lib/python3.10/site-packages/transformers/generation/configuration_utils.py:453: UserWarning: `num_beams` is set to 1. However, `early_stopping` is set to `True` -- this flag is only used in beam-based generation modes. You should set `num_beams>1` or unset `early_stopping`.
  warnings.warn(
2026-08-07 14:33:48,465 INFO dev metrics: {'samples': 128, 'empty_outputs': 0, 'average_words': 21.453125, 'p95_words': 30, 'length_18_24_ratio': 0.46875, 'single_sentence_ratio': 1.0, 'subject_start_ratio': 1.0, 'dev_loss': 1.3654967025980205, 'global_step': 4400}
2026-08-07 14:33:54,304 INFO epoch=3 step=4410/5625 loss=1.571052 grad_norm=10.1272 lr=[1.8573601737971272e-07, 1.8573601737971272e-07, 1.1144161042782762e-07, 1.1144161042782762e-07, 2.971776278075403e-08, 2.971776278075403e-08]
2026-08-07 14:33:56,811 INFO epoch=3 step=4420/5625 loss=1.399688 grad_norm=10.1201 lr=[1.8340852138384485e-07, 1.8340852138384485e-07, 1.1004511283030689e-07, 1.1004511283030689e-07, 2.934536342141517e-08, 2.934536342141517e-08]
2026-08-07 14:34:02,146 INFO epoch=3 step=4430/5625 loss=1.451502 grad_norm=11.5181 lr=[1.8109694044701983e-07, 1.8109694044701983e-07, 1.0865816426821189e-07, 1.0865816426821189e-07, 2.8975510471523168e-08, 2.8975510471523168e-08]
2026-08-07 14:34:04,611 INFO epoch=3 step=4440/5625 loss=1.248323 grad_norm=8.7347 lr=[1.7880135448588428e-07, 1.7880135448588428e-07, 1.0728081269153055e-07, 1.0728081269153055e-07, 2.860821671774148e-08, 2.860821671774148e-08]
2026-08-07 14:34:07,074 INFO epoch=3 step=4450/5625 loss=1.400380 grad_norm=9.0508 lr=[1.765218428641009e-07, 1.765218428641009e-07, 1.0591310571846053e-07, 1.0591310571846053e-07, 2.824349485825614e-08, 2.824349485825614e-08]
2026-08-07 14:34:09,538 INFO epoch=3 step=4460/5625 loss=1.422955 grad_norm=12.0918 lr=[1.7425848438960663e-07, 1.7425848438960663e-07, 1.0455509063376397e-07, 1.0455509063376397e-07, 2.7881357502337056e-08, 2.7881357502337056e-08]
2026-08-07 14:34:12,003 INFO epoch=3 step=4470/5625 loss=1.341989 grad_norm=11.6980 lr=[1.7201135731188665e-07, 1.7201135731188665e-07, 1.03206814387132e-07, 1.03206814387132e-07, 2.7521817169901863e-08, 2.7521817169901863e-08]
2026-08-07 14:34:14,472 INFO epoch=3 step=4480/5625 loss=1.350608 grad_norm=13.6271 lr=[1.697805393192696e-07, 1.697805393192696e-07, 1.0186832359156175e-07, 1.0186832359156175e-07, 2.7164886291083133e-08, 2.7164886291083133e-08]
2026-08-07 14:34:16,930 INFO epoch=3 step=4490/5625 loss=1.423790 grad_norm=8.9723 lr=[1.6756610753624218e-07, 1.6756610753624218e-07, 1.0053966452174531e-07, 1.0053966452174531e-07, 2.6810577205798746e-08, 2.6810577205798746e-08]
2026-08-07 14:34:19,398 INFO epoch=3 step=4500/5625 loss=1.618191 grad_norm=11.5194 lr=[1.6536813852078156e-07, 1.6536813852078156e-07, 9.922088311246894e-08, 9.922088311246894e-08, 2.645890216332505e-08, 2.645890216332505e-08]
2026-08-07 14:34:21,880 INFO epoch=3 step=4510/5625 loss=1.562828 grad_norm=11.5824 lr=[1.6318670826170975e-07, 1.6318670826170975e-07, 9.791202495702583e-08, 9.791202495702583e-08, 2.6109873321873555e-08, 2.6109873321873555e-08]
2026-08-07 14:34:24,345 INFO epoch=3 step=4520/5625 loss=1.276660 grad_norm=8.7505 lr=[1.6102189217606597e-07, 1.6102189217606597e-07, 9.661313530563958e-08, 9.661313530563958e-08, 2.5763502748170552e-08, 2.5763502748170552e-08]
2026-08-07 14:34:26,814 INFO epoch=3 step=4530/5625 loss=1.273435 grad_norm=11.3097 lr=[1.588737651064997e-07, 1.588737651064997e-07, 9.532425906389981e-08, 9.532425906389981e-08, 2.541980241703995e-08, 2.541980241703995e-08]
2026-08-07 14:34:29,370 INFO epoch=3 step=4540/5625 loss=1.427337 grad_norm=11.4094 lr=[1.567424013186826e-07, 1.567424013186826e-07, 9.404544079120956e-08, 9.404544079120956e-08, 2.5078784210989213e-08, 2.5078784210989213e-08]
2026-08-07 14:34:31,964 INFO epoch=3 step=4550/5625 loss=1.684623 grad_norm=12.3794 lr=[1.546278744987412e-07, 1.546278744987412e-07, 9.277672469924472e-08, 9.277672469924472e-08, 2.474045991979859e-08, 2.474045991979859e-08]
2026-08-07 14:34:34,452 INFO epoch=3 step=4560/5625 loss=1.272177 grad_norm=10.3853 lr=[1.525302577507098e-07, 1.525302577507098e-07, 9.151815465042587e-08, 9.151815465042587e-08, 2.4404841240113563e-08, 2.4404841240113563e-08]
2026-08-07 14:34:36,929 INFO epoch=3 step=4570/5625 loss=1.470842 grad_norm=9.9155 lr=[1.5044962359400272e-07, 1.5044962359400272e-07, 9.026977415640162e-08, 9.026977415640162e-08, 2.407193977504043e-08, 2.407193977504043e-08]
2026-08-07 14:34:39,395 INFO epoch=3 step=4580/5625 loss=1.553523 grad_norm=10.3845 lr=[1.4838604396090706e-07, 1.4838604396090706e-07, 8.903162637654424e-08, 8.903162637654424e-08, 2.3741767033745128e-08, 2.3741767033745128e-08]
2026-08-07 14:34:41,860 INFO epoch=3 step=4590/5625 loss=1.293784 grad_norm=12.6674 lr=[1.463395901940962e-07, 1.463395901940962e-07, 8.780375411645772e-08, 8.780375411645772e-08, 2.341433443105539e-08, 2.341433443105539e-08]
2026-08-07 14:34:44,329 INFO epoch=3 step=4600/5625 loss=1.356228 grad_norm=10.0816 lr=[1.4431033304416294e-07, 1.4431033304416294e-07, 8.658619982649776e-08, 8.658619982649776e-08, 2.3089653287066066e-08, 2.3089653287066066e-08]
/data1/work/MichaelYu/miniconda3/envs/florence/lib/python3.10/site-packages/transformers/generation/configuration_utils.py:453: UserWarning: `num_beams` is set to 1. However, `early_stopping` is set to `True` -- this flag is only used in beam-based generation modes. You should set `num_beams>1` or unset `early_stopping`.
  warnings.warn(
2026-08-07 14:36:11,880 INFO dev metrics: {'samples': 128, 'empty_outputs': 0, 'average_words': 21.4296875, 'p95_words': 30, 'length_18_24_ratio': 0.4453125, 'single_sentence_ratio': 1.0, 'subject_start_ratio': 1.0, 'dev_loss': 1.3644916345280174, 'global_step': 4600}
2026-08-07 14:36:17,787 INFO epoch=3 step=4610/5625 loss=1.435754 grad_norm=18.6843 lr=[1.4229834266717364e-07, 1.4229834266717364e-07, 8.537900560030418e-08, 8.537900560030418e-08, 2.2767734826747782e-08, 2.2767734826747782e-08]
2026-08-07 14:36:20,245 INFO epoch=3 step=4620/5625 loss=1.464307 grad_norm=9.4316 lr=[1.4030368862224302e-07, 1.4030368862224302e-07, 8.418221317334582e-08, 8.418221317334582e-08, 2.244859017955888e-08, 2.244859017955888e-08]
2026-08-07 14:36:22,698 INFO epoch=3 step=4630/5625 loss=1.192452 grad_norm=12.1308 lr=[1.3832643986912896e-07, 1.3832643986912896e-07, 8.299586392147737e-08, 8.299586392147737e-08, 2.2132230379060627e-08, 2.2132230379060627e-08]
2026-08-07 14:36:25,161 INFO epoch=3 step=4640/5625 loss=1.277689 grad_norm=12.7941 lr=[1.363666647658482e-07, 1.363666647658482e-07, 8.18199988595089e-08, 8.18199988595089e-08, 2.1818666362535707e-08, 2.1818666362535707e-08]
2026-08-07 14:36:27,637 INFO epoch=3 step=4650/5625 loss=1.313691 grad_norm=10.3404 lr=[1.3442443106631399e-07, 1.3442443106631399e-07, 8.06546586397884e-08, 8.06546586397884e-08, 2.1507908970610237e-08, 2.1507908970610237e-08]
2026-08-07 14:36:30,105 INFO epoch=3 step=4660/5625 loss=1.410571 grad_norm=11.3158 lr=[1.3249980591799267e-07, 1.3249980591799267e-07, 7.949988355079559e-08, 7.949988355079559e-08, 2.1199968946878823e-08, 2.1199968946878823e-08]
2026-08-07 14:36:32,578 INFO epoch=3 step=4670/5625 loss=1.408962 grad_norm=11.0877 lr=[1.3059285585958284e-07, 1.3059285585958284e-07, 7.83557135157497e-08, 7.83557135157497e-08, 2.089485693753325e-08, 2.089485693753325e-08]
2026-08-07 14:36:35,120 INFO epoch=3 step=4680/5625 loss=1.493337 grad_norm=10.0663 lr=[1.2870364681871468e-07, 1.2870364681871468e-07, 7.72221880912288e-08, 7.72221880912288e-08, 2.0592583490994348e-08, 2.0592583490994348e-08]
2026-08-07 14:36:37,600 INFO epoch=3 step=4690/5625 loss=1.349255 grad_norm=9.9988 lr=[1.268322441096709e-07, 1.268322441096709e-07, 7.609934646580254e-08, 7.609934646580254e-08, 2.0293159057547342e-08, 2.0293159057547342e-08]
2026-08-07 14:36:40,164 INFO epoch=3 step=4700/5625 loss=1.623129 grad_norm=10.3734 lr=[1.2497871243112835e-07, 1.2497871243112835e-07, 7.4987227458677e-08, 7.4987227458677e-08, 1.999659398898053e-08, 1.999659398898053e-08]
2026-08-07 14:36:42,680 INFO epoch=3 step=4710/5625 loss=1.331998 grad_norm=12.5739 lr=[1.2314311586392146e-07, 1.2314311586392146e-07, 7.388586951835287e-08, 7.388586951835287e-08, 1.970289853822743e-08, 1.970289853822743e-08]
2026-08-07 14:36:45,205 INFO epoch=3 step=4720/5625 loss=1.318798 grad_norm=12.8052 lr=[1.2132551786882698e-07, 1.2132551786882698e-07, 7.279531072129618e-08, 7.279531072129618e-08, 1.9412082859012318e-08, 1.9412082859012318e-08]
2026-08-07 14:36:49,823 INFO epoch=3 step=4730/5625 loss=1.336720 grad_norm=11.1824 lr=[1.1952598128436978e-07, 1.1952598128436978e-07, 7.171558877062187e-08, 7.171558877062187e-08, 1.9124157005499163e-08, 1.9124157005499163e-08]
2026-08-07 14:36:52,352 INFO epoch=3 step=4740/5625 loss=1.221006 grad_norm=9.0439 lr=[1.1774456832465003e-07, 1.1774456832465003e-07, 7.064674099479002e-08, 7.064674099479002e-08, 1.8839130931944003e-08, 1.8839130931944003e-08]
2026-08-07 14:36:54,832 INFO epoch=3 step=4750/5625 loss=1.301717 grad_norm=9.0887 lr=[1.1598134057719315e-07, 1.1598134057719315e-07, 6.958880434631588e-08, 6.958880434631588e-08, 1.85570144923509e-08, 1.85570144923509e-08]
2026-08-07 14:36:57,325 INFO epoch=3 step=4760/5625 loss=1.332636 grad_norm=10.1547 lr=[1.1423635900081978e-07, 1.1423635900081978e-07, 6.854181540049186e-08, 6.854181540049186e-08, 1.8277817440131162e-08, 1.8277817440131162e-08]
2026-08-07 14:36:59,791 INFO epoch=3 step=4770/5625 loss=1.418164 grad_norm=14.7129 lr=[1.1250968392353918e-07, 1.1250968392353918e-07, 6.75058103541235e-08, 6.75058103541235e-08, 1.8001549427766266e-08, 1.8001549427766266e-08]
2026-08-07 14:37:02,265 INFO epoch=3 step=4780/5625 loss=1.358952 grad_norm=10.9068 lr=[1.1080137504046214e-07, 1.1080137504046214e-07, 6.648082502427729e-08, 6.648082502427729e-08, 1.772822000647394e-08, 1.772822000647394e-08]
2026-08-07 14:37:04,748 INFO epoch=3 step=4790/5625 loss=1.438835 grad_norm=10.7852 lr=[1.0911149141173897e-07, 1.0911149141173897e-07, 6.546689484704338e-08, 6.546689484704338e-08, 1.745783862587823e-08, 1.745783862587823e-08]
2026-08-07 14:37:07,231 INFO epoch=3 step=4800/5625 loss=1.655331 grad_norm=15.3325 lr=[1.0744009146051618e-07, 1.0744009146051618e-07, 6.446405487630971e-08, 6.446405487630971e-08, 1.7190414633682586e-08, 1.7190414633682586e-08]
/data1/work/MichaelYu/miniconda3/envs/florence/lib/python3.10/site-packages/transformers/generation/configuration_utils.py:453: UserWarning: `num_beams` is set to 1. However, `early_stopping` is set to `True` -- this flag is only used in beam-based generation modes. You should set `num_beams>1` or unset `early_stopping`.
  warnings.warn(
2026-08-07 14:38:35,172 INFO dev metrics: {'samples': 128, 'empty_outputs': 0, 'average_words': 21.34375, 'p95_words': 30, 'length_18_24_ratio': 0.4921875, 'single_sentence_ratio': 1.0, 'subject_start_ratio': 1.0, 'dev_loss': 1.3640928406837736, 'global_step': 4800}
2026-08-07 14:38:40,988 INFO epoch=3 step=4810/5625 loss=1.256215 grad_norm=9.8133 lr=[1.0578723297091746e-07, 1.0578723297091746e-07, 6.347233978255047e-08, 6.347233978255047e-08, 1.6925957275346792e-08, 1.6925957275346792e-08]
2026-08-07 14:38:43,463 INFO epoch=3 step=4820/5625 loss=1.462265 grad_norm=9.5802 lr=[1.0415297308604579e-07, 1.0415297308604579e-07, 6.249178385162747e-08, 6.249178385162747e-08, 1.6664475693767324e-08, 1.6664475693767324e-08]
2026-08-07 14:38:46,047 INFO epoch=3 step=4830/5625 loss=1.379837 grad_norm=26.5299 lr=[1.0253736830600727e-07, 1.0253736830600727e-07, 6.152242098360436e-08, 6.152242098360436e-08, 1.640597892896116e-08, 1.640597892896116e-08]
2026-08-07 14:38:50,157 INFO epoch=3 step=4840/5625 loss=1.339513 grad_norm=11.1315 lr=[1.0094047448595899e-07, 1.0094047448595899e-07, 6.056428469157539e-08, 6.056428469157539e-08, 1.6150475917753437e-08, 1.6150475917753437e-08]
2026-08-07 14:38:52,629 INFO epoch=3 step=4850/5625 loss=1.443932 grad_norm=10.0456 lr=[9.936234683417686e-08, 9.936234683417686e-08, 5.961740810050612e-08, 5.961740810050612e-08, 1.5897975493468296e-08, 1.5897975493468296e-08]
2026-08-07 14:38:55,100 INFO epoch=3 step=4860/5625 loss=1.208871 grad_norm=11.3128 lr=[9.780303991014758e-08, 9.780303991014758e-08, 5.868182394608854e-08, 5.868182394608854e-08, 1.564848638562361e-08, 1.564848638562361e-08]
2026-08-07 14:38:57,605 INFO epoch=3 step=4870/5625 loss=1.296188 grad_norm=10.3823 lr=[9.626260762268224e-08, 9.626260762268224e-08, 5.775756457360934e-08, 5.775756457360934e-08, 1.5402017219629158e-08, 1.5402017219629158e-08]
2026-08-07 14:39:00,084 INFO epoch=3 step=4880/5625 loss=1.265611 grad_norm=12.5080 lr=[9.474110322805226e-08, 9.474110322805226e-08, 5.684466193683135e-08, 5.684466193683135e-08, 1.515857651648836e-08, 1.515857651648836e-08]
2026-08-07 14:39:02,610 INFO epoch=3 step=4890/5625 loss=1.292646 grad_norm=9.9686 lr=[9.323857932814852e-08, 9.323857932814852e-08, 5.594314759688911e-08, 5.594314759688911e-08, 1.491817269250376e-08, 1.491817269250376e-08]
2026-08-07 14:39:05,096 INFO epoch=3 step=4900/5625 loss=1.320568 grad_norm=9.7303 lr=[9.175508786866315e-08, 9.175508786866315e-08, 5.5053052721197885e-08, 5.5053052721197885e-08, 1.4680814058986102e-08, 1.4680814058986102e-08]
2026-08-07 14:39:07,654 INFO epoch=3 step=4910/5625 loss=1.429660 grad_norm=10.2998 lr=[9.02906801372928e-08, 9.02906801372928e-08, 5.417440808237568e-08, 5.417440808237568e-08, 1.4446508821966846e-08, 1.4446508821966846e-08]
2026-08-07 14:39:10,151 INFO epoch=3 step=4920/5625 loss=1.410240 grad_norm=9.5242 lr=[8.884540676196617e-08, 8.884540676196617e-08, 5.3307244057179694e-08, 5.3307244057179694e-08, 1.4215265081914585e-08, 1.4215265081914585e-08]
2026-08-07 14:39:12,703 INFO epoch=3 step=4930/5625 loss=1.392451 grad_norm=10.0328 lr=[8.741931770909307e-08, 8.741931770909307e-08, 5.245159062545584e-08, 5.245159062545584e-08, 1.398709083345489e-08, 1.398709083345489e-08]
2026-08-07 14:39:15,280 INFO epoch=3 step=4940/5625 loss=1.324521 grad_norm=10.9578 lr=[8.601246228183781e-08, 8.601246228183781e-08, 5.1607477369102683e-08, 5.1607477369102683e-08, 1.376199396509405e-08, 1.376199396509405e-08]
2026-08-07 14:39:17,747 INFO epoch=3 step=4950/5625 loss=1.582379 grad_norm=10.4163 lr=[8.462488911841405e-08, 8.462488911841405e-08, 5.0774933471048434e-08, 5.0774933471048434e-08, 1.3539982258946247e-08, 1.3539982258946247e-08]
2026-08-07 14:39:20,214 INFO epoch=3 step=4960/5625 loss=1.238786 grad_norm=9.9572 lr=[8.325664619040348e-08, 8.325664619040348e-08, 4.995398771424208e-08, 4.995398771424208e-08, 1.3321063390464554e-08, 1.3321063390464554e-08]
2026-08-07 14:39:22,775 INFO epoch=3 step=4970/5625 loss=1.194451 grad_norm=10.3357 lr=[8.190778080109703e-08, 8.190778080109703e-08, 4.914466848065822e-08, 4.914466848065822e-08, 1.3105244928175524e-08, 1.3105244928175524e-08]
2026-08-07 14:39:25,340 INFO epoch=3 step=4980/5625 loss=1.350355 grad_norm=11.1852 lr=[8.057833958386011e-08, 8.057833958386011e-08, 4.834700375031606e-08, 4.834700375031606e-08, 1.2892534333417616e-08, 1.2892534333417616e-08]
2026-08-07 14:39:27,910 INFO epoch=3 step=4990/5625 loss=1.289367 grad_norm=11.2189 lr=[7.926836850051985e-08, 7.926836850051985e-08, 4.75610211003119e-08, 4.75610211003119e-08, 1.2682938960083173e-08, 1.2682938960083173e-08]
2026-08-07 14:39:30,387 INFO epoch=3 step=5000/5625 loss=1.707440 grad_norm=10.6225 lr=[7.797791283977617e-08, 7.797791283977617e-08, 4.67867477038657e-08, 4.67867477038657e-08, 1.2476466054364186e-08, 1.2476466054364186e-08]
/data1/work/MichaelYu/miniconda3/envs/florence/lib/python3.10/site-packages/transformers/generation/configuration_utils.py:453: UserWarning: `num_beams` is set to 1. However, `early_stopping` is set to `True` -- this flag is only used in beam-based generation modes. You should set `num_beams>1` or unset `early_stopping`.
  warnings.warn(
2026-08-07 14:40:57,502 INFO dev metrics: {'samples': 128, 'empty_outputs': 0, 'average_words': 21.4375, 'p95_words': 30, 'length_18_24_ratio': 0.4453125, 'single_sentence_ratio': 1.0, 'subject_start_ratio': 1.0, 'dev_loss': 1.363486620859332, 'global_step': 5000}
2026-08-07 14:41:03,495 INFO epoch=3 step=5010/5625 loss=1.542170 grad_norm=9.9979 lr=[7.670701721563636e-08, 7.670701721563636e-08, 4.6024210329381814e-08, 4.6024210329381814e-08, 1.2273122754501817e-08, 1.2273122754501817e-08]
2026-08-07 14:41:06,022 INFO epoch=3 step=5020/5625 loss=1.230315 grad_norm=9.6560 lr=[7.545572556587232e-08, 7.545572556587232e-08, 4.527343533952339e-08, 4.527343533952339e-08, 1.207291609053957e-08, 1.207291609053957e-08]
2026-08-07 14:41:11,808 INFO epoch=3 step=5030/5625 loss=1.317304 grad_norm=9.7538 lr=[7.422408115050175e-08, 7.422408115050175e-08, 4.4534448690301045e-08, 4.4534448690301045e-08, 1.1875852984080278e-08, 1.1875852984080278e-08]
2026-08-07 14:41:14,274 INFO epoch=3 step=5040/5625 loss=1.430535 grad_norm=10.7961 lr=[7.301212655029228e-08, 7.301212655029228e-08, 4.380727593017536e-08, 4.380727593017536e-08, 1.1681940248046762e-08, 1.1681940248046762e-08]
2026-08-07 14:41:16,752 INFO epoch=3 step=5050/5625 loss=1.380725 grad_norm=9.6606 lr=[7.181990366528977e-08, 7.181990366528977e-08, 4.309194219917386e-08, 4.309194219917386e-08, 1.1491184586446362e-08, 1.1491184586446362e-08]
2026-08-07 14:41:19,215 INFO epoch=3 step=5060/5625 loss=1.471414 grad_norm=9.3128 lr=[7.064745371336947e-08, 7.064745371336947e-08, 4.238847222802168e-08, 4.238847222802168e-08, 1.1303592594139113e-08, 1.1303592594139113e-08]
2026-08-07 14:41:21,681 INFO epoch=3 step=5070/5625 loss=1.458067 grad_norm=10.0053 lr=[6.949481722881074e-08, 6.949481722881074e-08, 4.169689033728644e-08, 4.169689033728644e-08, 1.1119170756609717e-08, 1.1119170756609717e-08]
2026-08-07 14:41:24,142 INFO epoch=3 step=5080/5625 loss=1.326879 grad_norm=13.3118 lr=[6.83620340608965e-08, 6.83620340608965e-08, 4.101722043653789e-08, 4.101722043653789e-08, 1.0937925449743437e-08, 1.0937925449743437e-08]
2026-08-07 14:41:26,625 INFO epoch=3 step=5090/5625 loss=1.250407 grad_norm=11.2753 lr=[6.724914337253467e-08, 6.724914337253467e-08, 4.03494860235208e-08, 4.03494860235208e-08, 1.0759862939605544e-08, 1.0759862939605544e-08]
2026-08-07 14:41:29,117 INFO epoch=3 step=5100/5625 loss=1.359488 grad_norm=11.6477 lr=[6.615618363890471e-08, 6.615618363890471e-08, 3.969371018334282e-08, 3.969371018334282e-08, 1.0584989382224752e-08, 1.0584989382224752e-08]
2026-08-07 14:41:31,582 INFO epoch=3 step=5110/5625 loss=1.496881 grad_norm=10.9364 lr=[6.508319264612751e-08, 6.508319264612751e-08, 3.9049915587676506e-08, 3.9049915587676506e-08, 1.04133108233804e-08, 1.04133108233804e-08]
2026-08-07 14:41:34,049 INFO epoch=3 step=5120/5625 loss=1.446616 grad_norm=10.7130 lr=[6.403020748995858e-08, 6.403020748995858e-08, 3.841812449397514e-08, 3.841812449397514e-08, 1.0244833198393372e-08, 1.0244833198393372e-08]
2026-08-07 14:41:36,553 INFO epoch=3 step=5130/5625 loss=1.452878 grad_norm=9.7961 lr=[6.299726457450608e-08, 6.299726457450608e-08, 3.7798358744703645e-08, 3.7798358744703645e-08, 1.007956233192097e-08, 1.007956233192097e-08]
2026-08-07 14:41:39,116 INFO epoch=3 step=5140/5625 loss=1.487307 grad_norm=11.5249 lr=[6.19843996109718e-08, 6.19843996109718e-08, 3.7190639766583074e-08, 3.7190639766583074e-08, 9.917503937755487e-09, 9.917503937755487e-09]
2026-08-07 14:41:41,605 INFO epoch=3 step=5150/5625 loss=1.534562 grad_norm=10.0810 lr=[6.099164761641695e-08, 6.099164761641695e-08, 3.6594988569850164e-08, 3.6594988569850164e-08, 9.75866361862671e-09, 9.75866361862671e-09]
2026-08-07 14:41:44,068 INFO epoch=3 step=5160/5625 loss=1.606440 grad_norm=11.3240 lr=[6.001904291255122e-08, 6.001904291255122e-08, 3.601142574753073e-08, 3.601142574753073e-08, 9.603046866008194e-09, 9.603046866008194e-09]
2026-08-07 14:41:46,619 INFO epoch=3 step=5170/5625 loss=1.665662 grad_norm=12.7867 lr=[5.9066619124546404e-08, 5.9066619124546404e-08, 3.543997147472784e-08, 3.543997147472784e-08, 9.450659059927424e-09, 9.450659059927424e-09]
2026-08-07 14:41:49,142 INFO epoch=3 step=5180/5625 loss=1.304682 grad_norm=10.4362 lr=[5.813440917987379e-08, 5.813440917987379e-08, 3.488064550792427e-08, 3.488064550792427e-08, 9.301505468779806e-09, 9.301505468779806e-09]
2026-08-07 14:41:51,604 INFO epoch=3 step=5190/5625 loss=1.307684 grad_norm=11.6236 lr=[5.72224453071658e-08, 5.72224453071658e-08, 3.433346718429948e-08, 3.433346718429948e-08, 9.155591249146527e-09, 9.155591249146527e-09]
2026-08-07 14:41:54,083 INFO epoch=3 step=5200/5625 loss=1.656570 grad_norm=12.9725 lr=[5.6330759035101776e-08, 5.6330759035101776e-08, 3.379845542106106e-08, 3.379845542106106e-08, 9.012921445616282e-09, 9.012921445616282e-09]
/data1/work/MichaelYu/miniconda3/envs/florence/lib/python3.10/site-packages/transformers/generation/configuration_utils.py:453: UserWarning: `num_beams` is set to 1. However, `early_stopping` is set to `True` -- this flag is only used in beam-based generation modes. You should set `num_beams>1` or unset `early_stopping`.
  warnings.warn(
2026-08-07 14:43:24,081 INFO dev metrics: {'samples': 128, 'empty_outputs': 0, 'average_words': 21.46875, 'p95_words': 30, 'length_18_24_ratio': 0.4609375, 'single_sentence_ratio': 1.0, 'subject_start_ratio': 1.0, 'dev_loss': 1.3637198234568915, 'global_step': 5200}
2026-08-07 14:43:30,147 INFO epoch=3 step=5210/5625 loss=1.676034 grad_norm=12.5325 lr=[5.545938119131804e-08, 5.545938119131804e-08, 3.327562871479082e-08, 3.327562871479082e-08, 8.873500990610885e-09, 8.873500990610885e-09]
2026-08-07 14:43:32,613 INFO epoch=3 step=5220/5625 loss=1.531333 grad_norm=13.8612 lr=[5.4608341901341975e-08, 5.4608341901341975e-08, 3.276500514080518e-08, 3.276500514080518e-08, 8.737334704214715e-09, 8.737334704214715e-09]
2026-08-07 14:43:35,953 INFO epoch=3 step=5230/5625 loss=1.486994 grad_norm=9.7650 lr=[5.3777670587550665e-08, 5.3777670587550665e-08, 3.22666023525304e-08, 3.22666023525304e-08, 8.604427294008105e-09, 8.604427294008105e-09]
2026-08-07 14:43:39,781 INFO epoch=3 step=5240/5625 loss=1.301254 grad_norm=9.7869 lr=[5.296739596815352e-08, 5.296739596815352e-08, 3.178043758089211e-08, 3.178043758089211e-08, 8.474783354904562e-09, 8.474783354904562e-09]
2026-08-07 14:43:42,286 INFO epoch=3 step=5250/5625 loss=1.483361 grad_norm=9.6674 lr=[5.217754605619967e-08, 5.217754605619967e-08, 3.13065276337198e-08, 3.13065276337198e-08, 8.348407368991946e-09, 8.348407368991946e-09]
2026-08-07 14:43:44,801 INFO epoch=3 step=5260/5625 loss=1.437199 grad_norm=11.3320 lr=[5.1408148158609e-08, 5.1408148158609e-08, 3.0844888895165396e-08, 3.0844888895165396e-08, 8.225303705377438e-09, 8.225303705377438e-09]
2026-08-07 14:43:47,257 INFO epoch=3 step=5270/5625 loss=1.236037 grad_norm=10.9618 lr=[5.0659228875228825e-08, 5.0659228875228825e-08, 3.0395537325137294e-08, 3.0395537325137294e-08, 8.105476620036611e-09, 8.105476620036611e-09]
2026-08-07 14:43:49,753 INFO epoch=3 step=5280/5625 loss=1.395628 grad_norm=9.7600 lr=[4.993081409791373e-08, 4.993081409791373e-08, 2.995848845874824e-08, 2.995848845874824e-08, 7.988930255666195e-09, 7.988930255666195e-09]
2026-08-07 14:43:52,225 INFO epoch=3 step=5290/5625 loss=1.344027 grad_norm=10.6411 lr=[4.922292900963051e-08, 4.922292900963051e-08, 2.9533757405778304e-08, 2.9533757405778304e-08, 7.87566864154088e-09, 7.87566864154088e-09]
2026-08-07 14:43:54,693 INFO epoch=3 step=5300/5625 loss=1.366593 grad_norm=9.6611 lr=[4.853559808358762e-08, 4.853559808358762e-08, 2.9121358850152574e-08, 2.9121358850152574e-08, 7.765695693374019e-09, 7.765695693374019e-09]
2026-08-07 14:43:57,195 INFO epoch=3 step=5310/5625 loss=1.351652 grad_norm=15.4627 lr=[4.786884508238903e-08, 4.786884508238903e-08, 2.872130704943342e-08, 2.872130704943342e-08, 7.659015213182244e-09, 7.659015213182244e-09]
2026-08-07 14:43:59,829 INFO epoch=3 step=5320/5625 loss=1.624708 grad_norm=10.2766 lr=[4.7222693057212864e-08, 4.7222693057212864e-08, 2.8333615834327718e-08, 2.8333615834327718e-08, 7.555630889154057e-09, 7.555630889154057e-09]
2026-08-07 14:44:02,528 INFO epoch=3 step=5330/5625 loss=1.228745 grad_norm=10.7739 lr=[4.6597164347014195e-08, 4.6597164347014195e-08, 2.7958298608208517e-08, 2.7958298608208517e-08, 7.455546295522271e-09, 7.455546295522271e-09]
2026-08-07 14:44:05,012 INFO epoch=3 step=5340/5625 loss=1.474552 grad_norm=9.2630 lr=[4.5992280577753036e-08, 4.5992280577753036e-08, 2.759536834665182e-08, 2.759536834665182e-08, 7.358764892440484e-09, 7.358764892440484e-09]
2026-08-07 14:44:07,471 INFO epoch=3 step=5350/5625 loss=1.202300 grad_norm=29.1915 lr=[4.540806266164625e-08, 4.540806266164625e-08, 2.724483759698775e-08, 2.724483759698775e-08, 7.265290025863399e-09, 7.265290025863399e-09]
2026-08-07 14:44:09,936 INFO epoch=3 step=5360/5625 loss=1.377404 grad_norm=11.8039 lr=[4.4844530796445054e-08, 4.4844530796445054e-08, 2.6906718477867028e-08, 2.6906718477867028e-08, 7.175124927431207e-09, 7.175124927431207e-09]
2026-08-07 14:44:12,399 INFO epoch=3 step=5370/5625 loss=1.362484 grad_norm=10.3966 lr=[4.4301704464736406e-08, 4.4301704464736406e-08, 2.658102267884184e-08, 2.658102267884184e-08, 7.0882727143578235e-09, 7.0882727143578235e-09]
2026-08-07 14:44:14,871 INFO epoch=3 step=5380/5625 loss=1.385084 grad_norm=10.1428 lr=[4.377960243326971e-08, 4.377960243326971e-08, 2.6267761459961824e-08, 2.6267761459961824e-08, 7.004736389323153e-09, 7.004736389323153e-09]
2026-08-07 14:44:17,338 INFO epoch=3 step=5390/5625 loss=1.483520 grad_norm=12.2947 lr=[4.327824275230765e-08, 4.327824275230765e-08, 2.5966945651384588e-08, 2.5966945651384588e-08, 6.924518840369223e-09, 6.924518840369223e-09]
2026-08-07 14:44:19,806 INFO epoch=3 step=5400/5625 loss=1.317604 grad_norm=16.4971 lr=[4.27976427550024e-08, 4.27976427550024e-08, 2.567858565300144e-08, 2.567858565300144e-08, 6.8476228408003835e-09, 6.8476228408003835e-09]
/data1/work/MichaelYu/miniconda3/envs/florence/lib/python3.10/site-packages/transformers/generation/configuration_utils.py:453: UserWarning: `num_beams` is set to 1. However, `early_stopping` is set to `True` -- this flag is only used in beam-based generation modes. You should set `num_beams>1` or unset `early_stopping`.
  warnings.warn(
2026-08-07 14:45:49,032 INFO dev metrics: {'samples': 128, 'empty_outputs': 0, 'average_words': 21.5078125, 'p95_words': 30, 'length_18_24_ratio': 0.453125, 'single_sentence_ratio': 1.0, 'subject_start_ratio': 1.0, 'dev_loss': 1.3632186875237493, 'global_step': 5400}
2026-08-07 14:45:54,938 INFO epoch=3 step=5410/5625 loss=1.484259 grad_norm=12.4677 lr=[4.233781905679653e-08, 4.233781905679653e-08, 2.5402691434077916e-08, 2.5402691434077916e-08, 6.774051049087444e-09, 6.774051049087444e-09]
2026-08-07 14:45:57,488 INFO epoch=3 step=5420/5625 loss=1.357924 grad_norm=9.8069 lr=[4.1898787554848064e-08, 4.1898787554848064e-08, 2.5139272532908835e-08, 2.5139272532908835e-08, 6.703806008775689e-09, 6.703806008775689e-09]
2026-08-07 14:45:59,973 INFO epoch=3 step=5430/5625 loss=1.344468 grad_norm=9.6603 lr=[4.1480563427481536e-08, 4.1480563427481536e-08, 2.488833805648892e-08, 2.488833805648892e-08, 6.6368901483970454e-09, 6.6368901483970454e-09]
2026-08-07 14:46:03,886 INFO epoch=3 step=5440/5625 loss=1.194221 grad_norm=9.5253 lr=[4.108316113366259e-08, 4.108316113366259e-08, 2.4649896680197555e-08, 2.4649896680197555e-08, 6.573305781386014e-09, 6.573305781386014e-09]
2026-08-07 14:46:06,367 INFO epoch=3 step=5450/5625 loss=1.636905 grad_norm=12.5900 lr=[4.070659441249853e-08, 4.070659441249853e-08, 2.4423956647499116e-08, 2.4423956647499116e-08, 6.513055105999764e-09, 6.513055105999764e-09]
2026-08-07 14:46:08,861 INFO epoch=3 step=5460/5625 loss=1.455996 grad_norm=9.5359 lr=[4.035087628276325e-08, 4.035087628276325e-08, 2.4210525769657948e-08, 2.4210525769657948e-08, 6.456140205242119e-09, 6.456140205242119e-09]
2026-08-07 14:46:11,346 INFO epoch=3 step=5470/5625 loss=1.591895 grad_norm=30.7195 lr=[4.001601904244701e-08, 4.001601904244701e-08, 2.400961142546821e-08, 2.400961142546821e-08, 6.402563046791522e-09, 6.402563046791522e-09]
2026-08-07 14:46:13,861 INFO epoch=3 step=5480/5625 loss=1.521423 grad_norm=8.9609 lr=[3.9702034268331426e-08, 3.9702034268331426e-08, 2.3821220560998854e-08, 2.3821220560998854e-08, 6.352325482933027e-09, 6.352325482933027e-09]
2026-08-07 14:46:16,323 INFO epoch=3 step=5490/5625 loss=1.382303 grad_norm=12.0537 lr=[3.940893281558914e-08, 3.940893281558914e-08, 2.3645359689353486e-08, 2.3645359689353486e-08, 6.305429250494262e-09, 6.305429250494262e-09]
2026-08-07 14:46:18,784 INFO epoch=3 step=5500/5625 loss=1.624569 grad_norm=14.2541 lr=[3.9136724817408426e-08, 3.9136724817408426e-08, 2.3482034890445056e-08, 2.3482034890445056e-08, 6.2618759707853475e-09, 6.2618759707853475e-09]
2026-08-07 14:46:21,405 INFO epoch=3 step=5510/5625 loss=1.557992 grad_norm=11.1695 lr=[3.8885419684643223e-08, 3.8885419684643223e-08, 2.3331251810785932e-08, 2.3331251810785932e-08, 6.221667149542915e-09, 6.221667149542915e-09]
2026-08-07 14:46:23,936 INFO epoch=3 step=5520/5625 loss=1.215254 grad_norm=10.4357 lr=[3.865502610548741e-08, 3.865502610548741e-08, 2.3193015663292446e-08, 2.3193015663292446e-08, 6.184804176877985e-09, 6.184804176877985e-09]
2026-08-07 14:46:26,403 INFO epoch=3 step=5530/5625 loss=1.396380 grad_norm=10.5466 lr=[3.844555204517456e-08, 3.844555204517456e-08, 2.3067331227104737e-08, 2.3067331227104737e-08, 6.151288327227929e-09, 6.151288327227929e-09]
2026-08-07 14:46:28,868 INFO epoch=3 step=5540/5625 loss=1.904741 grad_norm=12.8542 lr=[3.825700474570258e-08, 3.825700474570258e-08, 2.2954202847421543e-08, 2.2954202847421543e-08, 6.121120759312411e-09, 6.121120759312411e-09]
2026-08-07 14:46:31,326 INFO epoch=3 step=5550/5625 loss=1.623555 grad_norm=11.5595 lr=[3.8089390725583494e-08, 3.8089390725583494e-08, 2.2853634435350096e-08, 2.2853634435350096e-08, 6.094302516093358e-09, 6.094302516093358e-09]
2026-08-07 14:46:33,813 INFO epoch=3 step=5560/5625 loss=1.379119 grad_norm=14.6051 lr=[3.794271577961761e-08, 3.794271577961761e-08, 2.2765629467770568e-08, 2.2765629467770568e-08, 6.070834524738818e-09, 6.070834524738818e-09]
2026-08-07 14:46:36,292 INFO epoch=3 step=5570/5625 loss=1.539385 grad_norm=10.8880 lr=[3.7816984978693865e-08, 3.7816984978693865e-08, 2.269019098721632e-08, 2.269019098721632e-08, 6.0507175965910175e-09, 6.0507175965910175e-09]
2026-08-07 14:46:38,765 INFO epoch=3 step=5580/5625 loss=1.382683 grad_norm=10.9271 lr=[3.7712202669613815e-08, 3.7712202669613815e-08, 2.2627321601768285e-08, 2.2627321601768285e-08, 6.0339524271382095e-09, 6.0339524271382095e-09]
2026-08-07 14:46:41,273 INFO epoch=3 step=5590/5625 loss=1.360325 grad_norm=9.7703 lr=[3.762837247494186e-08, 3.762837247494186e-08, 2.2577023484965112e-08, 2.2577023484965112e-08, 6.020539595990696e-09, 6.020539595990696e-09]
2026-08-07 14:46:43,793 INFO epoch=3 step=5600/5625 loss=1.302022 grad_norm=9.9992 lr=[3.756549729287982e-08, 3.756549729287982e-08, 2.253929837572789e-08, 2.253929837572789e-08, 6.01047956686077e-09, 6.01047956686077e-09]
/data1/work/MichaelYu/miniconda3/envs/florence/lib/python3.10/site-packages/transformers/generation/configuration_utils.py:453: UserWarning: `num_beams` is set to 1. However, `early_stopping` is set to `True` -- this flag is only used in beam-based generation modes. You should set `num_beams>1` or unset `early_stopping`.
  warnings.warn(
2026-08-07 14:48:12,909 INFO dev metrics: {'samples': 128, 'empty_outputs': 0, 'average_words': 21.4140625, 'p95_words': 30, 'length_18_24_ratio': 0.453125, 'single_sentence_ratio': 1.0, 'subject_start_ratio': 1.0, 'dev_loss': 1.3625445844619346, 'global_step': 5600}
2026-08-07 14:48:18,835 INFO epoch=3 step=5610/5625 loss=1.673470 grad_norm=11.7528 lr=[3.752357929716676e-08, 3.752357929716676e-08, 2.2514147578300055e-08, 2.2514147578300055e-08, 6.003772687546681e-09, 6.003772687546681e-09]
2026-08-07 14:48:21,301 INFO epoch=3 step=5620/5625 loss=1.402175 grad_norm=10.0719 lr=[3.75026199370036e-08, 3.75026199370036e-08, 2.250157196220216e-08, 2.250157196220216e-08, 6.0004191899205755e-09, 6.0004191899205755e-09]
2026-08-07 14:48:25,673 INFO training stopped at optimizer step 5625
