
[2026-08-09T13:08:39.847764+00:00] START /data1/work/MichaelYu/miniconda3/envs/florence/bin/torchrun --standalone --nproc_per_node=4 --master_port=29850 /data1/work/MichaelYu/florence-attibute/scripts/train_person_attribute_sft.py --train-data /data1/work/MichaelYu/florence-attibute/data/prepared/train.jsonl --dev-data /data1/work/MichaelYu/florence-attibute/data/prepared/dev.jsonl --replay-data /data1/work/MichaelYu/florence-attibute/data/prepared/native_replay.jsonl --model-path /data1/work/MichaelYu/florence-attibute/pretrained/Florence-2-base --output-root /data1/work/MichaelYu/florence-attibute/artifacts/sft --run-name region_category_person_sft_30k_person_only_b16_e3_lr125 --formal-global-batch-size 16 --per-device-batch-size 4 --gradient-accumulation-steps 1 --vision-lr 2e-07 --projection-lr 7.5e-07 --language-lr 1.25e-06 --weight-decay 0.015 --label-smoothing 0.05 --warmup-ratio 0.05 --min-lr-ratio 0.03 --eval-steps 200 --log-steps 10 --num-workers 6 --dev-num-workers 0 --prefetch-factor 1 --epochs 3 --max-optimizer-steps 5625 --person-only
2026-08-09 21:08:50,866 WARNING Missing checkpoint keys after tied-weight load: ['language_model.model.encoder.embed_tokens.weight', 'language_model.model.decoder.embed_tokens.weight', 'language_model.lm_head.weight']
2026-08-09 21:08:51,069 INFO parameter groups: {'vision': {'tensors': 400, 'parameters': 90368000}, 'projection': {'tensors': 5, 'parameters': 839168}, 'language': {'tensors': 259, 'parameters': 140206848}}
/data1/work/MichaelYu/miniconda3/envs/florence/lib/python3.10/site-packages/torch/autograd/graph.py:825: UserWarning: Grad strides do not match bucket view strides. This may indicate grad was not created according to the gradient layout contract, or that the param's strides changed since DDP was constructed.  This is not an error, but may impair performance.
grad.sizes() = [1024, 1, 3, 3], strides() = [9, 1, 3, 1]
bucket_view.sizes() = [1024, 1, 3, 3], strides() = [9, 9, 3, 1] (Triggered internally at ../torch/csrc/distributed/c10d/reducer.cpp:327.)
  return Variable._execution_engine.run_backward(  # Calls into the C++ engine to run the backward pass
/data1/work/MichaelYu/miniconda3/envs/florence/lib/python3.10/site-packages/torch/autograd/graph.py:825: UserWarning: Grad strides do not match bucket view strides. This may indicate grad was not created according to the gradient layout contract, or that the param's strides changed since DDP was constructed.  This is not an error, but may impair performance.
grad.sizes() = [1024, 1, 3, 3], strides() = [9, 1, 3, 1]
bucket_view.sizes() = [1024, 1, 3, 3], strides() = [9, 9, 3, 1] (Triggered internally at ../torch/csrc/distributed/c10d/reducer.cpp:327.)
  return Variable._execution_engine.run_backward(  # Calls into the C++ engine to run the backward pass
/data1/work/MichaelYu/miniconda3/envs/florence/lib/python3.10/site-packages/torch/autograd/graph.py:825: UserWarning: Grad strides do not match bucket view strides. This may indicate grad was not created according to the gradient layout contract, or that the param's strides changed since DDP was constructed.  This is not an error, but may impair performance.
grad.sizes() = [1024, 1, 3, 3], strides() = [9, 1, 3, 1]
bucket_view.sizes() = [1024, 1, 3, 3], strides() = [9, 9, 3, 1] (Triggered internally at ../torch/csrc/distributed/c10d/reducer.cpp:327.)
  return Variable._execution_engine.run_backward(  # Calls into the C++ engine to run the backward pass
/data1/work/MichaelYu/miniconda3/envs/florence/lib/python3.10/site-packages/torch/autograd/graph.py:825: UserWarning: Grad strides do not match bucket view strides. This may indicate grad was not created according to the gradient layout contract, or that the param's strides changed since DDP was constructed.  This is not an error, but may impair performance.
grad.sizes() = [1024, 1, 3, 3], strides() = [9, 1, 3, 1]
bucket_view.sizes() = [1024, 1, 3, 3], strides() = [9, 9, 3, 1] (Triggered internally at ../torch/csrc/distributed/c10d/reducer.cpp:327.)
  return Variable._execution_engine.run_backward(  # Calls into the C++ engine to run the backward pass
2026-08-09 21:08:54,225 INFO epoch=1 step=1/5625 loss=4.335880 grad_norm=40.5949 lr=[4.4326241134751775e-09, 4.4326241134751775e-09, 2.6595744680851063e-09, 2.6595744680851063e-09, 7.092198581560284e-10, 7.092198581560284e-10]
2026-08-09 21:08:56,536 INFO epoch=1 step=10/5625 loss=3.880564 grad_norm=23.9906 lr=[4.432624113475178e-08, 4.432624113475178e-08, 2.6595744680851065e-08, 2.6595744680851065e-08, 7.092198581560284e-09, 7.092198581560284e-09]
2026-08-09 21:08:59,076 INFO epoch=1 step=20/5625 loss=3.697515 grad_norm=27.4987 lr=[8.865248226950356e-08, 8.865248226950356e-08, 5.319148936170213e-08, 5.319148936170213e-08, 1.4184397163120568e-08, 1.4184397163120568e-08]
2026-08-09 21:09:01,602 INFO epoch=1 step=30/5625 loss=3.435258 grad_norm=53.8974 lr=[1.3297872340425533e-07, 1.3297872340425533e-07, 7.978723404255319e-08, 7.978723404255319e-08, 2.127659574468085e-08, 2.127659574468085e-08]
2026-08-09 21:09:04,114 INFO epoch=1 step=40/5625 loss=3.587046 grad_norm=24.7675 lr=[1.7730496453900713e-07, 1.7730496453900713e-07, 1.0638297872340426e-07, 1.0638297872340426e-07, 2.8368794326241137e-08, 2.8368794326241137e-08]
2026-08-09 21:09:06,601 INFO epoch=1 step=50/5625 loss=3.409031 grad_norm=25.0776 lr=[2.216312056737589e-07, 2.216312056737589e-07, 1.3297872340425533e-07, 1.3297872340425533e-07, 3.546099290780142e-08, 3.546099290780142e-08]
2026-08-09 21:09:09,159 INFO epoch=1 step=60/5625 loss=3.145896 grad_norm=22.8908 lr=[2.6595744680851066e-07, 2.6595744680851066e-07, 1.5957446808510638e-07, 1.5957446808510638e-07, 4.25531914893617e-08, 4.25531914893617e-08]
2026-08-09 21:09:11,697 INFO epoch=1 step=70/5625 loss=3.253999 grad_norm=22.6295 lr=[3.1028368794326243e-07, 3.1028368794326243e-07, 1.8617021276595745e-07, 1.8617021276595745e-07, 4.964539007092198e-08, 4.964539007092198e-08]
2026-08-09 21:09:14,236 INFO epoch=1 step=80/5625 loss=3.470945 grad_norm=20.8435 lr=[3.5460992907801425e-07, 3.5460992907801425e-07, 2.1276595744680852e-07, 2.1276595744680852e-07, 5.6737588652482273e-08, 5.6737588652482273e-08]
2026-08-09 21:09:16,785 INFO epoch=1 step=90/5625 loss=2.971420 grad_norm=18.0921 lr=[3.98936170212766e-07, 3.98936170212766e-07, 2.393617021276596e-07, 2.393617021276596e-07, 6.382978723404255e-08, 6.382978723404255e-08]
2026-08-09 21:09:19,279 INFO epoch=1 step=100/5625 loss=2.911407 grad_norm=19.8032 lr=[4.432624113475178e-07, 4.432624113475178e-07, 2.6595744680851066e-07, 2.6595744680851066e-07, 7.092198581560284e-08, 7.092198581560284e-08]
2026-08-09 21:09:21,763 INFO epoch=1 step=110/5625 loss=3.192050 grad_norm=17.7268 lr=[4.875886524822696e-07, 4.875886524822696e-07, 2.9255319148936174e-07, 2.9255319148936174e-07, 7.801418439716311e-08, 7.801418439716311e-08]
2026-08-09 21:09:24,287 INFO epoch=1 step=120/5625 loss=2.859803 grad_norm=15.3178 lr=[5.319148936170213e-07, 5.319148936170213e-07, 3.1914893617021275e-07, 3.1914893617021275e-07, 8.51063829787234e-08, 8.51063829787234e-08]
2026-08-09 21:09:26,806 INFO epoch=1 step=130/5625 loss=2.510661 grad_norm=15.2741 lr=[5.762411347517731e-07, 5.762411347517731e-07, 3.457446808510638e-07, 3.457446808510638e-07, 9.219858156028369e-08, 9.219858156028369e-08]
2026-08-09 21:09:29,313 INFO epoch=1 step=140/5625 loss=2.625079 grad_norm=15.4610 lr=[6.205673758865249e-07, 6.205673758865249e-07, 3.723404255319149e-07, 3.723404255319149e-07, 9.929078014184396e-08, 9.929078014184396e-08]
2026-08-09 21:09:31,785 INFO epoch=1 step=150/5625 loss=2.030897 grad_norm=13.0656 lr=[6.648936170212766e-07, 6.648936170212766e-07, 3.9893617021276597e-07, 3.9893617021276597e-07, 1.0638297872340425e-07, 1.0638297872340425e-07]
2026-08-09 21:09:34,341 INFO epoch=1 step=160/5625 loss=2.333648 grad_norm=13.1470 lr=[7.092198581560285e-07, 7.092198581560285e-07, 4.2553191489361704e-07, 4.2553191489361704e-07, 1.1347517730496455e-07, 1.1347517730496455e-07]
2026-08-09 21:09:36,816 INFO epoch=1 step=170/5625 loss=2.315294 grad_norm=11.4243 lr=[7.535460992907802e-07, 7.535460992907802e-07, 4.5212765957446806e-07, 4.5212765957446806e-07, 1.205673758865248e-07, 1.205673758865248e-07]
2026-08-09 21:09:39,315 INFO epoch=1 step=180/5625 loss=2.358456 grad_norm=13.6229 lr=[7.97872340425532e-07, 7.97872340425532e-07, 4.787234042553192e-07, 4.787234042553192e-07, 1.276595744680851e-07, 1.276595744680851e-07]
2026-08-09 21:09:41,799 INFO epoch=1 step=190/5625 loss=1.974324 grad_norm=9.6629 lr=[8.421985815602837e-07, 8.421985815602837e-07, 5.053191489361702e-07, 5.053191489361702e-07, 1.3475177304964538e-07, 1.3475177304964538e-07]
2026-08-09 21:09:44,296 INFO epoch=1 step=200/5625 loss=1.721370 grad_norm=9.7149 lr=[8.865248226950356e-07, 8.865248226950356e-07, 5.319148936170213e-07, 5.319148936170213e-07, 1.4184397163120568e-07, 1.4184397163120568e-07]
/data1/work/MichaelYu/miniconda3/envs/florence/lib/python3.10/site-packages/transformers/generation/configuration_utils.py:453: UserWarning: `num_beams` is set to 1. However, `early_stopping` is set to `True` -- this flag is only used in beam-based generation modes. You should set `num_beams>1` or unset `early_stopping`.
  warnings.warn(
2026-08-09 21:11:28,243 INFO dev metrics: {'samples': 128, 'empty_outputs': 0, 'average_words': 21.7421875, 'p95_words': 29, 'length_18_24_ratio': 0.5625, 'single_sentence_ratio': 0.9921875, 'subject_start_ratio': 0.9921875, 'dev_loss': 1.9290011467941912, 'global_step': 200}
Removed shared tensor {'language_model.model.encoder.embed_tokens.weight', 'language_model.model.decoder.embed_tokens.weight'} while saving. This should be OK, but check by verifying that you don't receive any warning while reloading
2026-08-09 21:11:34,193 INFO epoch=1 step=210/5625 loss=1.902558 grad_norm=8.9571 lr=[9.308510638297872e-07, 9.308510638297872e-07, 5.585106382978723e-07, 5.585106382978723e-07, 1.4893617021276595e-07, 1.4893617021276595e-07]
2026-08-09 21:11:36,748 INFO epoch=1 step=220/5625 loss=1.906267 grad_norm=11.5488 lr=[9.751773049645391e-07, 9.751773049645391e-07, 5.851063829787235e-07, 5.851063829787235e-07, 1.5602836879432623e-07, 1.5602836879432623e-07]
2026-08-09 21:11:39,320 INFO epoch=1 step=230/5625 loss=1.801857 grad_norm=10.8867 lr=[1.0195035460992908e-06, 1.0195035460992908e-06, 6.117021276595745e-07, 6.117021276595745e-07, 1.631205673758865e-07, 1.631205673758865e-07]
2026-08-09 21:11:41,797 INFO epoch=1 step=240/5625 loss=1.801308 grad_norm=8.7728 lr=[1.0638297872340427e-06, 1.0638297872340427e-06, 6.382978723404255e-07, 6.382978723404255e-07, 1.702127659574468e-07, 1.702127659574468e-07]
2026-08-09 21:11:44,326 INFO epoch=1 step=250/5625 loss=1.900301 grad_norm=10.2433 lr=[1.1081560283687943e-06, 1.1081560283687943e-06, 6.648936170212765e-07, 6.648936170212765e-07, 1.7730496453900707e-07, 1.7730496453900707e-07]
2026-08-09 21:11:46,996 INFO epoch=1 step=260/5625 loss=1.942328 grad_norm=10.6767 lr=[1.1524822695035462e-06, 1.1524822695035462e-06, 6.914893617021277e-07, 6.914893617021277e-07, 1.8439716312056737e-07, 1.8439716312056737e-07]
2026-08-09 21:11:49,492 INFO epoch=1 step=270/5625 loss=1.532637 grad_norm=20.4869 lr=[1.196808510638298e-06, 1.196808510638298e-06, 7.180851063829788e-07, 7.180851063829788e-07, 1.9148936170212767e-07, 1.9148936170212767e-07]
2026-08-09 21:11:51,999 INFO epoch=1 step=280/5625 loss=2.061159 grad_norm=13.0014 lr=[1.2411347517730497e-06, 1.2411347517730497e-06, 7.446808510638298e-07, 7.446808510638298e-07, 1.9858156028368792e-07, 1.9858156028368792e-07]
2026-08-09 21:11:54,494 INFO epoch=1 step=290/5625 loss=1.929238 grad_norm=8.8748 lr=[1.249993292968807e-06, 1.249993292968807e-06, 7.499959757812841e-07, 7.499959757812841e-07, 1.9999892687500908e-07, 1.9999892687500908e-07]
2026-08-09 21:11:57,035 INFO epoch=1 step=300/5625 loss=1.897637 grad_norm=11.7159 lr=[1.2499660459089249e-06, 1.2499660459089249e-06, 7.499796275453549e-07, 7.499796275453549e-07, 1.9999456734542798e-07, 1.9999456734542798e-07]
2026-08-09 21:11:59,694 INFO epoch=1 step=310/5625 loss=1.868947 grad_norm=10.9878 lr=[1.2499178405721735e-06, 1.2499178405721735e-06, 7.499507043433041e-07, 7.499507043433041e-07, 1.9998685449154773e-07, 1.9998685449154773e-07]
2026-08-09 21:12:02,227 INFO epoch=1 step=320/5625 loss=1.869260 grad_norm=8.8903 lr=[1.249848678625121e-06, 1.249848678625121e-06, 7.499092071750726e-07, 7.499092071750726e-07, 1.9997578858001933e-07, 1.9997578858001933e-07]
2026-08-09 21:12:04,751 INFO epoch=1 step=330/5625 loss=1.661783 grad_norm=11.3951 lr=[1.2497585624588548e-06, 1.2497585624588548e-06, 7.498551374753128e-07, 7.498551374753128e-07, 1.9996136999341672e-07, 1.9996136999341672e-07]
2026-08-09 21:12:07,267 INFO epoch=1 step=340/5625 loss=1.803899 grad_norm=10.3333 lr=[1.249647495188897e-06, 1.249647495188897e-06, 7.497884971133381e-07, 7.497884971133381e-07, 1.9994359923022348e-07, 1.9994359923022348e-07]
2026-08-09 21:12:09,776 INFO epoch=1 step=350/5625 loss=1.756804 grad_norm=9.6078 lr=[1.2495154806550973e-06, 1.2495154806550973e-06, 7.497092883930584e-07, 7.497092883930584e-07, 1.9992247690481554e-07, 1.9992247690481554e-07]
2026-08-09 21:12:12,267 INFO epoch=1 step=360/5625 loss=1.888304 grad_norm=11.0453 lr=[1.2493625234215005e-06, 1.2493625234215005e-06, 7.496175140529002e-07, 7.496175140529002e-07, 1.9989800374744002e-07, 1.9989800374744002e-07]
2026-08-09 21:12:14,783 INFO epoch=1 step=370/5625 loss=1.767284 grad_norm=8.8011 lr=[1.2491886287761885e-06, 1.2491886287761885e-06, 7.49513177265713e-07, 7.49513177265713e-07, 1.9987018060419013e-07, 1.9987018060419013e-07]
2026-08-09 21:12:17,260 INFO epoch=1 step=380/5625 loss=1.762666 grad_norm=9.1986 lr=[1.2489938027310974e-06, 1.2489938027310974e-06, 7.493962816386584e-07, 7.493962816386584e-07, 1.9983900843697556e-07, 1.9983900843697556e-07]
2026-08-09 21:12:19,765 INFO epoch=1 step=390/5625 loss=1.716059 grad_norm=9.6359 lr=[1.2487780520218094e-06, 1.2487780520218094e-06, 7.492668312130856e-07, 7.492668312130856e-07, 1.9980448832348948e-07, 1.9980448832348948e-07]
2026-08-09 21:12:22,271 INFO epoch=1 step=400/5625 loss=1.559837 grad_norm=10.8401 lr=[1.2485413841073214e-06, 1.2485413841073214e-06, 7.491248304643927e-07, 7.491248304643927e-07, 1.997666214571714e-07, 1.997666214571714e-07]
/data1/work/MichaelYu/miniconda3/envs/florence/lib/python3.10/site-packages/transformers/generation/configuration_utils.py:453: UserWarning: `num_beams` is set to 1. However, `early_stopping` is set to `True` -- this flag is only used in beam-based generation modes. You should set `num_beams>1` or unset `early_stopping`.
  warnings.warn(
2026-08-09 21:14:01,941 INFO dev metrics: {'samples': 128, 'empty_outputs': 0, 'average_words': 22.3046875, 'p95_words': 29, 'length_18_24_ratio': 0.640625, 'single_sentence_ratio': 1.0, 'subject_start_ratio': 1.0, 'dev_loss': 1.6514710802065937, 'global_step': 400}
2026-08-09 21:14:08,239 INFO epoch=1 step=410/5625 loss=1.952355 grad_norm=11.7293 lr=[1.2482838071697837e-06, 1.2482838071697837e-06, 7.489702843018702e-07, 7.489702843018702e-07, 1.9972540914716538e-07, 1.9972540914716538e-07]
2026-08-09 21:14:10,719 INFO epoch=1 step=420/5625 loss=1.761900 grad_norm=11.5185 lr=[1.2480053301142224e-06, 1.2480053301142224e-06, 7.488031980685334e-07, 7.488031980685334e-07, 1.9968085281827556e-07, 1.9968085281827556e-07]
2026-08-09 21:14:13,200 INFO epoch=1 step=430/5625 loss=1.711978 grad_norm=10.8147 lr=[1.247705962568226e-06, 1.247705962568226e-06, 7.486235775409356e-07, 7.486235775409356e-07, 1.9963295401091613e-07, 1.9963295401091613e-07]
2026-08-09 21:14:15,666 INFO epoch=1 step=440/5625 loss=1.399111 grad_norm=9.6764 lr=[1.2473857148816162e-06, 1.2473857148816162e-06, 7.484314289289697e-07, 7.484314289289697e-07, 1.9958171438105856e-07, 1.9958171438105856e-07]
2026-08-09 21:14:18,136 INFO epoch=1 step=450/5625 loss=1.975951 grad_norm=12.5040 lr=[1.2470445981260894e-06, 1.2470445981260894e-06, 7.482267588756536e-07, 7.482267588756536e-07, 1.9952713570017427e-07, 1.9952713570017427e-07]
2026-08-09 21:14:20,615 INFO epoch=1 step=460/5625 loss=1.939047 grad_norm=9.4576 lr=[1.2466826240948325e-06, 1.2466826240948325e-06, 7.480095744568994e-07, 7.480095744568994e-07, 1.9946921985517314e-07, 1.9946921985517314e-07]
2026-08-09 21:14:23,083 INFO epoch=1 step=470/5625 loss=1.678774 grad_norm=11.3992 lr=[1.2462998053021166e-06, 1.2462998053021166e-06, 7.4777988318127e-07, 7.4777988318127e-07, 1.9940796884833865e-07, 1.9940796884833865e-07]
2026-08-09 21:14:25,554 INFO epoch=1 step=480/5625 loss=1.697366 grad_norm=10.7018 lr=[1.245896154982864e-06, 1.245896154982864e-06, 7.475376929897184e-07, 7.475376929897184e-07, 1.993433847972582e-07, 1.993433847972582e-07]
2026-08-09 21:14:28,019 INFO epoch=1 step=490/5625 loss=1.704557 grad_norm=10.9675 lr=[1.245471687092191e-06, 1.245471687092191e-06, 7.472830122553145e-07, 7.472830122553145e-07, 1.9927546993475054e-07, 1.9927546993475054e-07]
2026-08-09 21:14:30,490 INFO epoch=1 step=500/5625 loss=1.608874 grad_norm=13.1885 lr=[1.2450264163049239e-06, 1.2450264163049239e-06, 7.470158497829543e-07, 7.470158497829543e-07, 1.992042266087878e-07, 1.992042266087878e-07]
2026-08-09 21:14:32,998 INFO epoch=1 step=510/5625 loss=1.660185 grad_norm=10.5528 lr=[1.2445603580150938e-06, 1.2445603580150938e-06, 7.467362148090562e-07, 7.467362148090562e-07, 1.9912965728241498e-07, 1.9912965728241498e-07]
2026-08-09 21:14:35,648 INFO epoch=1 step=520/5625 loss=1.717881 grad_norm=11.0376 lr=[1.2440735283354028e-06, 1.2440735283354028e-06, 7.464441170012417e-07, 7.464441170012417e-07, 1.9905176453366444e-07, 1.9905176453366444e-07]
2026-08-09 21:14:38,225 INFO epoch=1 step=530/5625 loss=1.472894 grad_norm=11.4481 lr=[1.243565944096668e-06, 1.243565944096668e-06, 7.461395664580008e-07, 7.461395664580008e-07, 1.9897055105546684e-07, 1.9897055105546684e-07]
2026-08-09 21:14:40,952 INFO epoch=1 step=540/5625 loss=1.739694 grad_norm=11.0641 lr=[1.2430376228472389e-06, 1.2430376228472389e-06, 7.458225737083433e-07, 7.458225737083433e-07, 1.988860196555582e-07, 1.988860196555582e-07]
2026-08-09 21:14:43,515 INFO epoch=1 step=550/5625 loss=1.917940 grad_norm=9.8776 lr=[1.2424885828523905e-06, 1.2424885828523905e-06, 7.454931497114342e-07, 7.454931497114342e-07, 1.9879817325638244e-07, 1.9879817325638244e-07]
2026-08-09 21:14:46,063 INFO epoch=1 step=560/5625 loss=2.001768 grad_norm=11.2262 lr=[1.2419188430936926e-06, 1.2419188430936926e-06, 7.451513058562156e-07, 7.451513058562156e-07, 1.987070148949908e-07, 1.987070148949908e-07]
2026-08-09 21:14:48,651 INFO epoch=1 step=570/5625 loss=1.893655 grad_norm=31.1474 lr=[1.2413284232683538e-06, 1.2413284232683538e-06, 7.447970539610122e-07, 7.447970539610122e-07, 1.9861254772293656e-07, 1.9861254772293656e-07]
2026-08-09 21:14:51,205 INFO epoch=1 step=580/5625 loss=2.097622 grad_norm=10.3144 lr=[1.240717343788539e-06, 1.240717343788539e-06, 7.444304062731233e-07, 7.444304062731233e-07, 1.985147750061662e-07, 1.985147750061662e-07]
2026-08-09 21:14:53,685 INFO epoch=1 step=590/5625 loss=1.574983 grad_norm=9.8352 lr=[1.2400856257806654e-06, 1.2400856257806654e-06, 7.440513754683992e-07, 7.440513754683992e-07, 1.9841370012490643e-07, 1.9841370012490643e-07]
2026-08-09 21:14:56,161 INFO epoch=1 step=600/5625 loss=1.750083 grad_norm=22.0351 lr=[1.2394332910846708e-06, 1.2394332910846708e-06, 7.436599746508025e-07, 7.436599746508025e-07, 1.9830932657354731e-07, 1.9830932657354731e-07]
/data1/work/MichaelYu/miniconda3/envs/florence/lib/python3.10/site-packages/transformers/generation/configuration_utils.py:453: UserWarning: `num_beams` is set to 1. However, `early_stopping` is set to `True` -- this flag is only used in beam-based generation modes. You should set `num_beams>1` or unset `early_stopping`.
  warnings.warn(
2026-08-09 21:16:35,245 INFO dev metrics: {'samples': 128, 'empty_outputs': 0, 'average_words': 22.2109375, 'p95_words': 29, 'length_18_24_ratio': 0.5703125, 'single_sentence_ratio': 1.0, 'subject_start_ratio': 1.0, 'dev_loss': 1.5721920487187555, 'global_step': 600}
2026-08-09 21:16:40,889 INFO epoch=1 step=610/5625 loss=1.858792 grad_norm=9.7447 lr=[1.2387603622532598e-06, 1.2387603622532598e-06, 7.432562173519559e-07, 7.432562173519559e-07, 1.9820165796052156e-07, 1.9820165796052156e-07]
2026-08-09 21:16:43,395 INFO epoch=1 step=620/5625 loss=1.423561 grad_norm=9.2954 lr=[1.2380668625511227e-06, 1.2380668625511227e-06, 7.428401175306736e-07, 7.428401175306736e-07, 1.9809069800817962e-07, 1.9809069800817962e-07]
2026-08-09 21:16:45,870 INFO epoch=1 step=630/5625 loss=1.775509 grad_norm=11.5764 lr=[1.2373528159541327e-06, 1.2373528159541327e-06, 7.424116895724795e-07, 7.424116895724795e-07, 1.979764505526612e-07, 1.979764505526612e-07]
2026-08-09 21:16:48,433 INFO epoch=1 step=640/5625 loss=1.567734 grad_norm=10.3259 lr=[1.236618247148515e-06, 1.236618247148515e-06, 7.41970948289109e-07, 7.41970948289109e-07, 1.9785891954376238e-07, 1.9785891954376238e-07]
2026-08-09 21:16:50,967 INFO epoch=1 step=650/5625 loss=1.500028 grad_norm=9.6639 lr=[1.2358631815299958e-06, 1.2358631815299958e-06, 7.415179089179973e-07, 7.415179089179973e-07, 1.9773810904479927e-07, 1.9773810904479927e-07]
2026-08-09 21:16:53,581 INFO epoch=1 step=660/5625 loss=1.718021 grad_norm=9.6711 lr=[1.2350876452029222e-06, 1.2350876452029222e-06, 7.410525871217533e-07, 7.410525871217533e-07, 1.9761402323246755e-07, 1.9761402323246755e-07]
2026-08-09 21:16:56,156 INFO epoch=1 step=670/5625 loss=1.367388 grad_norm=10.0571 lr=[1.2342916649793615e-06, 1.2342916649793615e-06, 7.405749989876169e-07, 7.405749989876169e-07, 1.9748666639669783e-07, 1.9748666639669783e-07]
2026-08-09 21:16:58,672 INFO epoch=1 step=680/5625 loss=1.593690 grad_norm=11.9434 lr=[1.233475268378172e-06, 1.233475268378172e-06, 7.400851610269032e-07, 7.400851610269032e-07, 1.973560429405075e-07, 1.973560429405075e-07]
2026-08-09 21:17:01,203 INFO epoch=1 step=690/5625 loss=1.532750 grad_norm=10.0741 lr=[1.2326384836240545e-06, 1.2326384836240545e-06, 7.395830901744326e-07, 7.395830901744326e-07, 1.9722215737984867e-07, 1.9722215737984867e-07]
2026-08-09 21:17:03,689 INFO epoch=1 step=700/5625 loss=1.478676 grad_norm=10.0001 lr=[1.2317813396465733e-06, 1.2317813396465733e-06, 7.39068803787944e-07, 7.39068803787944e-07, 1.970850143434517e-07, 1.970850143434517e-07]
2026-08-09 21:17:06,168 INFO epoch=1 step=710/5625 loss=1.670008 grad_norm=9.7136 lr=[1.2309038660791588e-06, 1.2309038660791588e-06, 7.385423196474953e-07, 7.385423196474953e-07, 1.9694461857266538e-07, 1.9694461857266538e-07]
2026-08-09 21:17:08,636 INFO epoch=1 step=720/5625 loss=1.723370 grad_norm=12.2923 lr=[1.2300060932580815e-06, 1.2300060932580815e-06, 7.380036559548488e-07, 7.380036559548488e-07, 1.96800974921293e-07, 1.96800974921293e-07]
2026-08-09 21:17:11,098 INFO epoch=1 step=730/5625 loss=1.999462 grad_norm=11.9204 lr=[1.2290880522214037e-06, 1.2290880522214037e-06, 7.374528313328422e-07, 7.374528313328422e-07, 1.9665408835542456e-07, 1.9665408835542456e-07]
2026-08-09 21:17:13,563 INFO epoch=1 step=740/5625 loss=1.587792 grad_norm=11.5829 lr=[1.228149774707906e-06, 1.228149774707906e-06, 7.368898648247434e-07, 7.368898648247434e-07, 1.9650396395326493e-07, 1.9650396395326493e-07]
2026-08-09 21:17:16,046 INFO epoch=1 step=750/5625 loss=1.381299 grad_norm=10.3609 lr=[1.2271912931559908e-06, 1.2271912931559908e-06, 7.363147758935944e-07, 7.363147758935944e-07, 1.963506069049585e-07, 1.963506069049585e-07]
2026-08-09 21:17:18,522 INFO epoch=1 step=760/5625 loss=1.601748 grad_norm=10.9680 lr=[1.2262126407025602e-06, 1.2262126407025602e-06, 7.35727584421536e-07, 7.35727584421536e-07, 1.961940225124096e-07, 1.961940225124096e-07]
2026-08-09 21:17:20,998 INFO epoch=1 step=770/5625 loss=1.851850 grad_norm=11.7577 lr=[1.2252138511818704e-06, 1.2252138511818704e-06, 7.351283107091222e-07, 7.351283107091222e-07, 1.9603421618909924e-07, 1.9603421618909924e-07]
2026-08-09 21:17:23,455 INFO epoch=1 step=780/5625 loss=1.597325 grad_norm=11.5880 lr=[1.2241949591243621e-06, 1.2241949591243621e-06, 7.345169754746172e-07, 7.345169754746172e-07, 1.9587119345989792e-07, 1.9587119345989792e-07]
2026-08-09 21:17:25,930 INFO epoch=1 step=790/5625 loss=1.505898 grad_norm=11.7864 lr=[1.2231559997554671e-06, 1.2231559997554671e-06, 7.338935998532803e-07, 7.338935998532803e-07, 1.9570495996087473e-07, 1.9570495996087473e-07]
2026-08-09 21:17:28,448 INFO epoch=1 step=800/5625 loss=1.535662 grad_norm=11.2551 lr=[1.2220970089943899e-06, 1.2220970089943899e-06, 7.332582053966338e-07, 7.332582053966338e-07, 1.9553552143910235e-07, 1.9553552143910235e-07]
/data1/work/MichaelYu/miniconda3/envs/florence/lib/python3.10/site-packages/transformers/generation/configuration_utils.py:453: UserWarning: `num_beams` is set to 1. However, `early_stopping` is set to `True` -- this flag is only used in beam-based generation modes. You should set `num_beams>1` or unset `early_stopping`.
  warnings.warn(
2026-08-09 21:19:00,136 INFO dev metrics: {'samples': 128, 'empty_outputs': 0, 'average_words': 21.7265625, 'p95_words': 30, 'length_18_24_ratio': 0.5625, 'single_sentence_ratio': 1.0, 'subject_start_ratio': 1.0, 'dev_loss': 1.5287358776820883, 'global_step': 800}
2026-08-09 21:19:06,036 INFO epoch=1 step=810/5625 loss=1.748170 grad_norm=14.2256 lr=[1.2210180234528658e-06, 1.2210180234528658e-06, 7.326108140717195e-07, 7.326108140717195e-07, 1.9536288375245852e-07, 1.9536288375245852e-07]
2026-08-09 21:19:08,581 INFO epoch=1 step=820/5625 loss=1.430362 grad_norm=10.8892 lr=[1.2199190804338962e-06, 1.2199190804338962e-06, 7.319514482603377e-07, 7.319514482603377e-07, 1.9518705286942335e-07, 1.9518705286942335e-07]
2026-08-09 21:19:11,145 INFO epoch=1 step=830/5625 loss=1.607996 grad_norm=10.4050 lr=[1.218800217930457e-06, 1.218800217930457e-06, 7.312801307582742e-07, 7.312801307582742e-07, 1.950080348688731e-07, 1.950080348688731e-07]
2026-08-09 21:19:13,658 INFO epoch=1 step=840/5625 loss=1.566881 grad_norm=9.8129 lr=[1.2176614746241877e-06, 1.2176614746241877e-06, 7.305968847745126e-07, 7.305968847745126e-07, 1.9482583593987002e-07, 1.9482583593987002e-07]
2026-08-09 21:19:16,127 INFO epoch=1 step=850/5625 loss=1.655360 grad_norm=12.3165 lr=[1.2165028898840516e-06, 1.2165028898840516e-06, 7.299017339304309e-07, 7.299017339304309e-07, 1.9464046238144822e-07, 1.9464046238144822e-07]
2026-08-09 21:19:18,615 INFO epoch=1 step=860/5625 loss=1.473006 grad_norm=10.0445 lr=[1.2153245037649763e-06, 1.2153245037649763e-06, 7.291947022589858e-07, 7.291947022589858e-07, 1.944519206023962e-07, 1.944519206023962e-07]
2026-08-09 21:19:21,111 INFO epoch=1 step=870/5625 loss=1.793847 grad_norm=10.9355 lr=[1.2141263570064683e-06, 1.2141263570064683e-06, 7.28475814203881e-07, 7.28475814203881e-07, 1.942602171210349e-07, 1.942602171210349e-07]
2026-08-09 21:19:23,683 INFO epoch=1 step=880/5625 loss=1.703708 grad_norm=11.0377 lr=[1.2129084910312048e-06, 1.2129084910312048e-06, 7.277450946187228e-07, 7.277450946187228e-07, 1.9406535856499272e-07, 1.9406535856499272e-07]
2026-08-09 21:19:26,143 INFO epoch=1 step=890/5625 loss=1.516912 grad_norm=10.8487 lr=[1.2116709479436008e-06, 1.2116709479436008e-06, 7.270025687661604e-07, 7.270025687661604e-07, 1.938673516709761e-07, 1.938673516709761e-07]
2026-08-09 21:19:28,630 INFO epoch=1 step=900/5625 loss=1.473355 grad_norm=11.0787 lr=[1.2104137705283553e-06, 1.2104137705283553e-06, 7.262482623170132e-07, 7.262482623170132e-07, 1.9366620328453682e-07, 1.9366620328453682e-07]
2026-08-09 21:19:31,162 INFO epoch=1 step=910/5625 loss=1.894689 grad_norm=9.0252 lr=[1.20913700224897e-06, 1.20913700224897e-06, 7.254822013493819e-07, 7.254822013493819e-07, 1.9346192035983518e-07, 1.9346192035983518e-07]
2026-08-09 21:19:33,762 INFO epoch=1 step=920/5625 loss=1.721632 grad_norm=10.5487 lr=[1.2078406872462481e-06, 1.2078406872462481e-06, 7.247044123477488e-07, 7.247044123477488e-07, 1.9325450995939966e-07, 1.9325450995939966e-07]
2026-08-09 21:19:36,291 INFO epoch=1 step=930/5625 loss=1.664676 grad_norm=11.5903 lr=[1.2065248703367676e-06, 1.2065248703367676e-06, 7.239149222020604e-07, 7.239149222020604e-07, 1.930439792538828e-07, 1.930439792538828e-07]
2026-08-09 21:19:39,018 INFO epoch=1 step=940/5625 loss=1.613804 grad_norm=9.0017 lr=[1.205189597011332e-06, 1.205189597011332e-06, 7.231137582067991e-07, 7.231137582067991e-07, 1.928303355218131e-07, 1.928303355218131e-07]
2026-08-09 21:19:41,628 INFO epoch=1 step=950/5625 loss=1.400619 grad_norm=14.1794 lr=[1.203834913433398e-06, 1.203834913433398e-06, 7.223009480600388e-07, 7.223009480600388e-07, 1.9261358614934367e-07, 1.9261358614934367e-07]
2026-08-09 21:19:44,232 INFO epoch=1 step=960/5625 loss=1.867982 grad_norm=12.8140 lr=[1.2024608664374788e-06, 1.2024608664374788e-06, 7.214765198624872e-07, 7.214765198624872e-07, 1.9239373862999658e-07, 1.9239373862999658e-07]
2026-08-09 21:19:46,944 INFO epoch=1 step=970/5625 loss=1.351342 grad_norm=10.3528 lr=[1.2010675035275253e-06, 1.2010675035275253e-06, 7.206405021165152e-07, 7.206405021165152e-07, 1.9217080056440404e-07, 1.9217080056440404e-07]
2026-08-09 21:19:49,644 INFO epoch=1 step=980/5625 loss=1.448480 grad_norm=8.4583 lr=[1.1996548728752844e-06, 1.1996548728752844e-06, 7.197929237251706e-07, 7.197929237251706e-07, 1.9194477966004548e-07, 1.9194477966004548e-07]
2026-08-09 21:19:52,206 INFO epoch=1 step=990/5625 loss=1.390474 grad_norm=10.0775 lr=[1.198223023318632e-06, 1.198223023318632e-06, 7.189338139911792e-07, 7.189338139911792e-07, 1.917156837309811e-07, 1.917156837309811e-07]
2026-08-09 21:19:54,786 INFO epoch=1 step=1000/5625 loss=1.460354 grad_norm=9.2888 lr=[1.1967720043598865e-06, 1.1967720043598865e-06, 7.180632026159318e-07, 7.180632026159318e-07, 1.9148352069758182e-07, 1.9148352069758182e-07]
/data1/work/MichaelYu/miniconda3/envs/florence/lib/python3.10/site-packages/transformers/generation/configuration_utils.py:453: UserWarning: `num_beams` is set to 1. However, `early_stopping` is set to `True` -- this flag is only used in beam-based generation modes. You should set `num_beams>1` or unset `early_stopping`.
  warnings.warn(
2026-08-09 21:21:37,317 INFO dev metrics: {'samples': 128, 'empty_outputs': 0, 'average_words': 21.5859375, 'p95_words': 29, 'length_18_24_ratio': 0.546875, 'single_sentence_ratio': 1.0, 'subject_start_ratio': 1.0, 'dev_loss': 1.496742065396062, 'global_step': 1000}
2026-08-09 21:21:43,167 INFO epoch=1 step=1010/5625 loss=1.786353 grad_norm=9.0150 lr=[1.1953018661640957e-06, 1.1953018661640957e-06, 7.171811196984573e-07, 7.171811196984573e-07, 1.912482985862553e-07, 1.912482985862553e-07]
2026-08-09 21:21:45,714 INFO epoch=1 step=1020/5625 loss=1.388686 grad_norm=11.2687 lr=[1.1938126595573036e-06, 1.1938126595573036e-06, 7.16287595734382e-07, 7.16287595734382e-07, 1.9101002552916853e-07, 1.9101002552916853e-07]
2026-08-09 21:21:48,218 INFO epoch=1 step=1030/5625 loss=1.680788 grad_norm=11.6740 lr=[1.1923044360247924e-06, 1.1923044360247924e-06, 7.153826616148754e-07, 7.153826616148754e-07, 1.9076870976396674e-07, 1.9076870976396674e-07]
2026-08-09 21:21:50,713 INFO epoch=1 step=1040/5625 loss=1.461876 grad_norm=10.7450 lr=[1.1907772477093033e-06, 1.1907772477093033e-06, 7.14466348625582e-07, 7.14466348625582e-07, 1.9052435963348853e-07, 1.9052435963348853e-07]
2026-08-09 21:21:53,301 INFO epoch=1 step=1050/5625 loss=1.650803 grad_norm=9.5176 lr=[1.189231147409234e-06, 1.189231147409234e-06, 7.135386884455404e-07, 7.135386884455404e-07, 1.902769835854774e-07, 1.902769835854774e-07]
2026-08-09 21:21:55,853 INFO epoch=1 step=1060/5625 loss=1.402808 grad_norm=8.2103 lr=[1.1876661885768117e-06, 1.1876661885768117e-06, 7.12599713146087e-07, 7.12599713146087e-07, 1.9002659017228987e-07, 1.9002659017228987e-07]
2026-08-09 21:21:58,424 INFO epoch=1 step=1070/5625 loss=1.680275 grad_norm=9.6992 lr=[1.1860824253162472e-06, 1.1860824253162472e-06, 7.116494551897482e-07, 7.116494551897482e-07, 1.897731880505995e-07, 1.897731880505995e-07]
2026-08-09 21:22:00,958 INFO epoch=1 step=1080/5625 loss=1.657862 grad_norm=9.6831 lr=[1.1844799123818626e-06, 1.1844799123818626e-06, 7.106879474291175e-07, 7.106879474291175e-07, 1.89516785981098e-07, 1.89516785981098e-07]
2026-08-09 21:22:03,451 INFO epoch=1 step=1090/5625 loss=1.682470 grad_norm=12.2121 lr=[1.1828587051762e-06, 1.1828587051762e-06, 7.097152231057199e-07, 7.097152231057199e-07, 1.8925739282819195e-07, 1.8925739282819195e-07]
2026-08-09 21:22:05,926 INFO epoch=1 step=1100/5625 loss=1.404094 grad_norm=9.2337 lr=[1.1812188597481045e-06, 1.1812188597481045e-06, 7.087313158488627e-07, 7.087313158488627e-07, 1.889950175596967e-07, 1.889950175596967e-07]
2026-08-09 21:22:08,390 INFO epoch=1 step=1110/5625 loss=1.592649 grad_norm=12.2776 lr=[1.179560432790788e-06, 1.179560432790788e-06, 7.077362596744727e-07, 7.077362596744727e-07, 1.8872966924652604e-07, 1.8872966924652604e-07]
2026-08-09 21:22:10,854 INFO epoch=1 step=1120/5625 loss=1.624673 grad_norm=11.2844 lr=[1.1778834816398678e-06, 1.1778834816398678e-06, 7.067300889839206e-07, 7.067300889839206e-07, 1.8846135706237882e-07, 1.8846135706237882e-07]
2026-08-09 21:22:13,307 INFO epoch=1 step=1130/5625 loss=1.957375 grad_norm=12.5009 lr=[1.1761880642713853e-06, 1.1761880642713853e-06, 7.057128385628311e-07, 7.057128385628311e-07, 1.8819009028342162e-07, 1.8819009028342162e-07]
2026-08-09 21:22:15,783 INFO epoch=1 step=1140/5625 loss=1.527138 grad_norm=13.9421 lr=[1.174474239299801e-06, 1.174474239299801e-06, 7.046845435798805e-07, 7.046845435798805e-07, 1.8791587828796813e-07, 1.8791587828796813e-07]
2026-08-09 21:22:18,263 INFO epoch=1 step=1150/5625 loss=1.607147 grad_norm=11.5782 lr=[1.1727420659759688e-06, 1.1727420659759688e-06, 7.036452395855812e-07, 7.036452395855812e-07, 1.8763873055615498e-07, 1.8763873055615498e-07]
2026-08-09 21:22:20,759 INFO epoch=1 step=1160/5625 loss=1.656058 grad_norm=9.3341 lr=[1.170991604185087e-06, 1.170991604185087e-06, 7.025949625110521e-07, 7.025949625110521e-07, 1.873586566696139e-07, 1.873586566696139e-07]
2026-08-09 21:22:23,278 INFO epoch=1 step=1170/5625 loss=1.724997 grad_norm=12.5844 lr=[1.169222914444628e-06, 1.169222914444628e-06, 7.015337486667768e-07, 7.015337486667768e-07, 1.8707566631114046e-07, 1.8707566631114046e-07]
2026-08-09 21:22:25,735 INFO epoch=1 step=1180/5625 loss=1.698830 grad_norm=11.5699 lr=[1.1674360579022462e-06, 1.1674360579022462e-06, 7.004616347413478e-07, 7.004616347413478e-07, 1.8678976926435938e-07, 1.8678976926435938e-07]
2026-08-09 21:22:28,293 INFO epoch=1 step=1190/5625 loss=1.532711 grad_norm=12.0359 lr=[1.1656310963336643e-06, 1.1656310963336643e-06, 6.993786578001985e-07, 6.993786578001985e-07, 1.8650097541338625e-07, 1.8650097541338625e-07]
2026-08-09 21:22:30,755 INFO epoch=1 step=1200/5625 loss=1.710117 grad_norm=11.2211 lr=[1.1638080921405364e-06, 1.1638080921405364e-06, 6.982848552843217e-07, 6.982848552843217e-07, 1.862092947424858e-07, 1.862092947424858e-07]
/data1/work/MichaelYu/miniconda3/envs/florence/lib/python3.10/site-packages/transformers/generation/configuration_utils.py:453: UserWarning: `num_beams` is set to 1. However, `early_stopping` is set to `True` -- this flag is only used in beam-based generation modes. You should set `num_beams>1` or unset `early_stopping`.
  warnings.warn(
2026-08-09 21:24:04,159 INFO dev metrics: {'samples': 128, 'empty_outputs': 0, 'average_words': 21.6953125, 'p95_words': 30, 'length_18_24_ratio': 0.5703125, 'single_sentence_ratio': 1.0, 'subject_start_ratio': 1.0, 'dev_loss': 1.4748347259141996, 'global_step': 1200}
2026-08-09 21:24:10,042 INFO epoch=1 step=1210/5625 loss=1.385562 grad_norm=10.6801 lr=[1.1619671083482919e-06, 1.1619671083482919e-06, 6.971802650089751e-07, 6.971802650089751e-07, 1.859147373357267e-07, 1.859147373357267e-07]
2026-08-09 21:24:12,710 INFO epoch=1 step=1220/5625 loss=1.505944 grad_norm=11.7690 lr=[1.1601082086039568e-06, 1.1601082086039568e-06, 6.96064925162374e-07, 6.96064925162374e-07, 1.8561731337663305e-07, 1.8561731337663305e-07]
2026-08-09 21:24:15,252 INFO epoch=1 step=1230/5625 loss=1.709264 grad_norm=9.5582 lr=[1.158231457173951e-06, 1.158231457173951e-06, 6.949388743043706e-07, 6.949388743043706e-07, 1.8531703314783214e-07, 1.8531703314783214e-07]
2026-08-09 21:24:17,715 INFO epoch=1 step=1240/5625 loss=1.875707 grad_norm=11.3923 lr=[1.1563369189418694e-06, 1.1563369189418694e-06, 6.938021513651217e-07, 6.938021513651217e-07, 1.850139070306991e-07, 1.850139070306991e-07]
2026-08-09 21:24:20,201 INFO epoch=1 step=1250/5625 loss=1.653966 grad_norm=11.4149 lr=[1.1544246594062373e-06, 1.1544246594062373e-06, 6.926547956437423e-07, 6.926547956437423e-07, 1.8470794550499792e-07, 1.8470794550499792e-07]
2026-08-09 21:24:22,686 INFO epoch=1 step=1260/5625 loss=1.466688 grad_norm=9.0960 lr=[1.152494744678245e-06, 1.152494744678245e-06, 6.914968468069471e-07, 6.914968468069471e-07, 1.843991591485192e-07, 1.843991591485192e-07]
2026-08-09 21:24:25,199 INFO epoch=1 step=1270/5625 loss=1.363687 grad_norm=11.1479 lr=[1.1505472414794645e-06, 1.1505472414794645e-06, 6.903283448876787e-07, 6.903283448876787e-07, 1.840875586367143e-07, 1.840875586367143e-07]
2026-08-09 21:24:27,692 INFO epoch=1 step=1280/5625 loss=1.373554 grad_norm=10.3882 lr=[1.148582217139541e-06, 1.148582217139541e-06, 6.891493302837245e-07, 6.891493302837245e-07, 1.837731547423265e-07, 1.837731547423265e-07]
2026-08-09 21:24:30,184 INFO epoch=1 step=1290/5625 loss=1.375777 grad_norm=12.0685 lr=[1.1465997395938647e-06, 1.1465997395938647e-06, 6.879598437563187e-07, 6.879598437563187e-07, 1.8345595833501832e-07, 1.8345595833501832e-07]
2026-08-09 21:24:32,666 INFO epoch=1 step=1300/5625 loss=1.560515 grad_norm=9.2568 lr=[1.1445998773812249e-06, 1.1445998773812249e-06, 6.867599264287349e-07, 6.867599264287349e-07, 1.8313598038099596e-07, 1.8313598038099596e-07]
2026-08-09 21:24:35,149 INFO epoch=1 step=1310/5625 loss=1.415252 grad_norm=12.9591 lr=[1.1425826996414374e-06, 1.1425826996414374e-06, 6.855496197848625e-07, 6.855496197848625e-07, 1.8281323194262996e-07, 1.8281323194262996e-07]
2026-08-09 21:24:37,619 INFO epoch=1 step=1320/5625 loss=1.438395 grad_norm=14.8020 lr=[1.140548276112956e-06, 1.140548276112956e-06, 6.843289656677736e-07, 6.843289656677736e-07, 1.8248772417807292e-07, 1.8248772417807292e-07]
2026-08-09 21:24:40,176 INFO epoch=1 step=1330/5625 loss=1.599711 grad_norm=13.1289 lr=[1.1384966771304601e-06, 1.1384966771304601e-06, 6.830980062782761e-07, 6.830980062782761e-07, 1.821594683408736e-07, 1.821594683408736e-07]
2026-08-09 21:24:42,702 INFO epoch=1 step=1340/5625 loss=1.697059 grad_norm=11.0494 lr=[1.1364279736224252e-06, 1.1364279736224252e-06, 6.81856784173455e-07, 6.81856784173455e-07, 1.81828475779588e-07, 1.81828475779588e-07]
2026-08-09 21:24:45,241 INFO epoch=1 step=1350/5625 loss=1.536594 grad_norm=10.6399 lr=[1.134342237108668e-06, 1.134342237108668e-06, 6.806053422652008e-07, 6.806053422652008e-07, 1.8149475793738687e-07, 1.8149475793738687e-07]
2026-08-09 21:24:47,851 INFO epoch=1 step=1360/5625 loss=1.439419 grad_norm=9.0447 lr=[1.1322395396978763e-06, 1.1322395396978763e-06, 6.793437238187257e-07, 6.793437238187257e-07, 1.8115832635166019e-07, 1.8115832635166019e-07]
2026-08-09 21:24:50,332 INFO epoch=1 step=1370/5625 loss=1.649459 grad_norm=11.6118 lr=[1.1301199540851143e-06, 1.1301199540851143e-06, 6.780719724510685e-07, 6.780719724510685e-07, 1.8081919265361828e-07, 1.8081919265361828e-07]
2026-08-09 21:24:52,806 INFO epoch=1 step=1380/5625 loss=1.375751 grad_norm=9.9495 lr=[1.1279835535493102e-06, 1.1279835535493102e-06, 6.767901321295861e-07, 6.767901321295861e-07, 1.8047736856788963e-07, 1.8047736856788963e-07]
2026-08-09 21:24:55,282 INFO epoch=1 step=1390/5625 loss=1.422794 grad_norm=8.9820 lr=[1.1258304119507229e-06, 1.1258304119507229e-06, 6.754982471704338e-07, 6.754982471704338e-07, 1.8013286591211565e-07, 1.8013286591211565e-07]
2026-08-09 21:24:57,767 INFO epoch=1 step=1400/5625 loss=1.311054 grad_norm=13.3700 lr=[1.1236606037283878e-06, 1.1236606037283878e-06, 6.741963622370326e-07, 6.741963622370326e-07, 1.79785696596542e-07, 1.79785696596542e-07]
/data1/work/MichaelYu/miniconda3/envs/florence/lib/python3.10/site-packages/transformers/generation/configuration_utils.py:453: UserWarning: `num_beams` is set to 1. However, `early_stopping` is set to `True` -- this flag is only used in beam-based generation modes. You should set `num_beams>1` or unset `early_stopping`.
  warnings.warn(
2026-08-09 21:26:29,158 INFO dev metrics: {'samples': 128, 'empty_outputs': 0, 'average_words': 21.453125, 'p95_words': 30, 'length_18_24_ratio': 0.5078125, 'single_sentence_ratio': 1.0, 'subject_start_ratio': 1.0, 'dev_loss': 1.4533783014226331, 'global_step': 1400}
2026-08-09 21:26:34,962 INFO epoch=1 step=1410/5625 loss=1.597487 grad_norm=12.4787 lr=[1.1214742038975435e-06, 1.1214742038975435e-06, 6.728845223385261e-07, 6.728845223385261e-07, 1.7943587262360694e-07, 1.7943587262360694e-07]
2026-08-09 21:26:37,468 INFO epoch=1 step=1420/5625 loss=1.517053 grad_norm=11.1144 lr=[1.1192712880470388e-06, 1.1192712880470388e-06, 6.715627728282232e-07, 6.715627728282232e-07, 1.790834060875262e-07, 1.790834060875262e-07]
2026-08-09 21:26:39,930 INFO epoch=1 step=1430/5625 loss=1.551813 grad_norm=11.4877 lr=[1.117051932336719e-06, 1.117051932336719e-06, 6.702311594020315e-07, 6.702311594020315e-07, 1.7872830917387505e-07, 1.7872830917387505e-07]
2026-08-09 21:26:42,473 INFO epoch=1 step=1440/5625 loss=1.325182 grad_norm=8.9878 lr=[1.1148162134947938e-06, 1.1148162134947938e-06, 6.688897280968763e-07, 6.688897280968763e-07, 1.78370594159167e-07, 1.78370594159167e-07]
2026-08-09 21:26:44,992 INFO epoch=1 step=1450/5625 loss=1.523953 grad_norm=12.4139 lr=[1.1125642088151823e-06, 1.1125642088151823e-06, 6.675385252891093e-07, 6.675385252891093e-07, 1.7801027341042915e-07, 1.7801027341042915e-07]
2026-08-09 21:26:47,509 INFO epoch=1 step=1460/5625 loss=1.419714 grad_norm=10.5482 lr=[1.1102959961548434e-06, 1.1102959961548434e-06, 6.66177597692906e-07, 6.66177597692906e-07, 1.7764735938477494e-07, 1.7764735938477494e-07]
2026-08-09 21:26:50,029 INFO epoch=1 step=1470/5625 loss=1.509644 grad_norm=24.6932 lr=[1.1080116539310828e-06, 1.1080116539310828e-06, 6.648069923586496e-07, 6.648069923586496e-07, 1.772818646289732e-07, 1.772818646289732e-07]
2026-08-09 21:26:52,504 INFO epoch=1 step=1480/5625 loss=1.536784 grad_norm=9.5931 lr=[1.1057112611188416e-06, 1.1057112611188416e-06, 6.634267566713049e-07, 6.634267566713049e-07, 1.7691380177901462e-07, 1.7691380177901462e-07]
2026-08-09 21:26:54,977 INFO epoch=1 step=1490/5625 loss=1.463920 grad_norm=10.9358 lr=[1.1033948972479673e-06, 1.1033948972479673e-06, 6.620369383487803e-07, 6.620369383487803e-07, 1.7654318355967474e-07, 1.7654318355967474e-07]
2026-08-09 21:26:57,451 INFO epoch=1 step=1500/5625 loss=1.440166 grad_norm=9.5620 lr=[1.1010626424004631e-06, 1.1010626424004631e-06, 6.606375854402778e-07, 6.606375854402778e-07, 1.7617002278407407e-07, 1.7617002278407407e-07]
2026-08-09 21:26:59,928 INFO epoch=1 step=1510/5625 loss=1.705970 grad_norm=9.5639 lr=[1.0987145772077196e-06, 1.0987145772077196e-06, 6.592287463246317e-07, 6.592287463246317e-07, 1.757943323532351e-07, 1.757943323532351e-07]
2026-08-09 21:27:02,395 INFO epoch=1 step=1520/5625 loss=1.515530 grad_norm=10.6299 lr=[1.0963507828477275e-06, 1.0963507828477275e-06, 6.578104697086364e-07, 6.578104697086364e-07, 1.7541612525563636e-07, 1.7541612525563636e-07]
2026-08-09 21:27:04,892 INFO epoch=1 step=1530/5625 loss=1.396378 grad_norm=9.8911 lr=[1.09397134104227e-06, 1.09397134104227e-06, 6.56382804625362e-07, 6.56382804625362e-07, 1.750354145667632e-07, 1.750354145667632e-07]
2026-08-09 21:27:07,391 INFO epoch=1 step=1540/5625 loss=1.451804 grad_norm=11.2438 lr=[1.0915763340540998e-06, 1.0915763340540998e-06, 6.549458004324599e-07, 6.549458004324599e-07, 1.7465221344865596e-07, 1.7465221344865596e-07]
2026-08-09 21:27:09,930 INFO epoch=1 step=1550/5625 loss=1.682313 grad_norm=10.0137 lr=[1.0891658446840923e-06, 1.0891658446840923e-06, 6.534995068104553e-07, 6.534995068104553e-07, 1.7426653514945472e-07, 1.7426653514945472e-07]
2026-08-09 21:27:12,497 INFO epoch=1 step=1560/5625 loss=1.702480 grad_norm=10.1773 lr=[1.0867399562683845e-06, 1.0867399562683845e-06, 6.520439737610306e-07, 6.520439737610306e-07, 1.738783930029415e-07, 1.738783930029415e-07]
2026-08-09 21:27:15,131 INFO epoch=1 step=1570/5625 loss=1.365694 grad_norm=32.2917 lr=[1.0842987526754947e-06, 1.0842987526754947e-06, 6.505792516052967e-07, 6.505792516052967e-07, 1.734878004280791e-07, 1.734878004280791e-07]
2026-08-09 21:27:17,607 INFO epoch=1 step=1580/5625 loss=1.567872 grad_norm=11.1470 lr=[1.0818423183034205e-06, 1.0818423183034205e-06, 6.491053909820522e-07, 6.491053909820522e-07, 1.7309477092854726e-07, 1.7309477092854726e-07]
2026-08-09 21:27:20,078 INFO epoch=1 step=1590/5625 loss=1.526713 grad_norm=9.5492 lr=[1.0793707380767231e-06, 1.0793707380767231e-06, 6.476224428460339e-07, 6.476224428460339e-07, 1.7269931809227568e-07, 1.7269931809227568e-07]
2026-08-09 21:27:22,622 INFO epoch=1 step=1600/5625 loss=1.488154 grad_norm=9.8449 lr=[1.0768840974435912e-06, 1.0768840974435912e-06, 6.461304584661546e-07, 6.461304584661546e-07, 1.7230145559097455e-07, 1.7230145559097455e-07]
/data1/work/MichaelYu/miniconda3/envs/florence/lib/python3.10/site-packages/transformers/generation/configuration_utils.py:453: UserWarning: `num_beams` is set to 1. However, `early_stopping` is set to `True` -- this flag is only used in beam-based generation modes. You should set `num_beams>1` or unset `early_stopping`.
  warnings.warn(
2026-08-09 21:28:56,848 INFO dev metrics: {'samples': 128, 'empty_outputs': 0, 'average_words': 21.3203125, 'p95_words': 30, 'length_18_24_ratio': 0.53125, 'single_sentence_ratio': 1.0, 'subject_start_ratio': 1.0, 'dev_loss': 1.4360072068223875, 'global_step': 1600}
2026-08-09 21:29:02,588 INFO epoch=1 step=1610/5625 loss=1.968415 grad_norm=12.3605 lr=[1.0743824823728847e-06, 1.0743824823728847e-06, 6.446294894237308e-07, 6.446294894237308e-07, 1.7190119717966154e-07, 1.7190119717966154e-07]
2026-08-09 21:29:05,116 INFO epoch=1 step=1620/5625 loss=1.534980 grad_norm=10.8329 lr=[1.0718659793511659e-06, 1.0718659793511659e-06, 6.431195876106995e-07, 6.431195876106995e-07, 1.7149855669618651e-07, 1.7149855669618651e-07]
2026-08-09 21:29:07,657 INFO epoch=1 step=1630/5625 loss=1.550714 grad_norm=10.8897 lr=[1.069334675379706e-06, 1.069334675379706e-06, 6.416008052278236e-07, 6.416008052278236e-07, 1.7109354806075295e-07, 1.7109354806075295e-07]
2026-08-09 21:29:10,118 INFO epoch=1 step=1640/5625 loss=1.620872 grad_norm=9.8455 lr=[1.06678865797148e-06, 1.06678865797148e-06, 6.40073194782888e-07, 6.40073194782888e-07, 1.7068618527543678e-07, 1.7068618527543678e-07]
2026-08-09 21:29:12,576 INFO epoch=1 step=1650/5625 loss=1.829812 grad_norm=10.9866 lr=[1.0642280151481401e-06, 1.0642280151481401e-06, 6.385368090888841e-07, 6.385368090888841e-07, 1.702764824237024e-07, 1.702764824237024e-07]
2026-08-09 21:29:15,046 INFO epoch=1 step=1660/5625 loss=1.293886 grad_norm=10.1127 lr=[1.0616528354369719e-06, 1.0616528354369719e-06, 6.36991701262183e-07, 6.36991701262183e-07, 1.6986445366991547e-07, 1.6986445366991547e-07]
2026-08-09 21:29:17,536 INFO epoch=1 step=1670/5625 loss=1.426242 grad_norm=13.1414 lr=[1.0590632078678346e-06, 1.0590632078678346e-06, 6.354379247207006e-07, 6.354379247207006e-07, 1.694501132588535e-07, 1.694501132588535e-07]
2026-08-09 21:29:20,030 INFO epoch=1 step=1680/5625 loss=1.423829 grad_norm=9.8643 lr=[1.0564592219700833e-06, 1.0564592219700833e-06, 6.3387553318205e-07, 6.3387553318205e-07, 1.6903347551521333e-07, 1.6903347551521333e-07]
2026-08-09 21:29:22,498 INFO epoch=1 step=1690/5625 loss=1.339892 grad_norm=11.2038 lr=[1.0538409677694742e-06, 1.0538409677694742e-06, 6.323045806616844e-07, 6.323045806616844e-07, 1.6861455484311584e-07, 1.6861455484311584e-07]
2026-08-09 21:29:25,020 INFO epoch=1 step=1700/5625 loss=1.498110 grad_norm=9.0893 lr=[1.0512085357850493e-06, 1.0512085357850493e-06, 6.307251214710295e-07, 6.307251214710295e-07, 1.6819336572560787e-07, 1.6819336572560787e-07]
2026-08-09 21:29:27,581 INFO epoch=1 step=1710/5625 loss=1.622631 grad_norm=10.5935 lr=[1.0485620170260109e-06, 1.0485620170260109e-06, 6.291372102156065e-07, 6.291372102156065e-07, 1.6776992272416172e-07, 1.6776992272416172e-07]
2026-08-09 21:29:30,109 INFO epoch=1 step=1720/5625 loss=1.377064 grad_norm=9.5673 lr=[1.0459015029885727e-06, 1.0459015029885727e-06, 6.275409017931436e-07, 6.275409017931436e-07, 1.673442404781716e-07, 1.673442404781716e-07]
2026-08-09 21:29:32,642 INFO epoch=1 step=1730/5625 loss=1.403734 grad_norm=9.2318 lr=[1.043227085652797e-06, 1.043227085652797e-06, 6.259362513916782e-07, 6.259362513916782e-07, 1.669163337044475e-07, 1.669163337044475e-07]
2026-08-09 21:29:35,103 INFO epoch=1 step=1740/5625 loss=1.297021 grad_norm=13.2875 lr=[1.0405388574794154e-06, 1.0405388574794154e-06, 6.243233144876492e-07, 6.243233144876492e-07, 1.6648621719670645e-07, 1.6648621719670645e-07]
2026-08-09 21:29:37,565 INFO epoch=1 step=1750/5625 loss=1.240995 grad_norm=8.9223 lr=[1.0378369114066315e-06, 1.0378369114066315e-06, 6.227021468439789e-07, 6.227021468439789e-07, 1.6605390582506103e-07, 1.6605390582506103e-07]
2026-08-09 21:29:40,032 INFO epoch=1 step=1760/5625 loss=1.383584 grad_norm=11.3930 lr=[1.0351213408469082e-06, 1.0351213408469082e-06, 6.210728045081449e-07, 6.210728045081449e-07, 1.656194145355053e-07, 1.656194145355053e-07]
2026-08-09 21:29:42,562 INFO epoch=1 step=1770/5625 loss=1.496510 grad_norm=12.8983 lr=[1.0323922396837379e-06, 1.0323922396837379e-06, 6.194353438102427e-07, 6.194353438102427e-07, 1.6518275834939805e-07, 1.6518275834939805e-07]
2026-08-09 21:29:45,049 INFO epoch=1 step=1780/5625 loss=1.494771 grad_norm=10.2323 lr=[1.0296497022683976e-06, 1.0296497022683976e-06, 6.177898213610384e-07, 6.177898213610384e-07, 1.6474395236294358e-07, 1.6474395236294358e-07]
2026-08-09 21:29:47,526 INFO epoch=1 step=1790/5625 loss=1.735469 grad_norm=25.2558 lr=[1.0268938234166852e-06, 1.0268938234166852e-06, 6.161362940500111e-07, 6.161362940500111e-07, 1.643030117466696e-07, 1.643030117466696e-07]
2026-08-09 21:29:49,998 INFO epoch=1 step=1800/5625 loss=1.201642 grad_norm=8.5242 lr=[1.0241246984056437e-06, 1.0241246984056437e-06, 6.144748190433862e-07, 6.144748190433862e-07, 1.6385995174490298e-07, 1.6385995174490298e-07]
/data1/work/MichaelYu/miniconda3/envs/florence/lib/python3.10/site-packages/transformers/generation/configuration_utils.py:453: UserWarning: `num_beams` is set to 1. However, `early_stopping` is set to `True` -- this flag is only used in beam-based generation modes. You should set `num_beams>1` or unset `early_stopping`.
  warnings.warn(
2026-08-09 21:31:31,119 INFO dev metrics: {'samples': 128, 'empty_outputs': 0, 'average_words': 21.0390625, 'p95_words': 30, 'length_18_24_ratio': 0.5546875, 'single_sentence_ratio': 1.0, 'subject_start_ratio': 1.0, 'dev_loss': 1.4233068279144465, 'global_step': 1800}
2026-08-09 21:31:37,310 INFO epoch=1 step=1810/5625 loss=1.361964 grad_norm=11.6798 lr=[1.0213424229702655e-06, 1.0213424229702655e-06, 6.128054537821593e-07, 6.128054537821593e-07, 1.6341478767524247e-07, 1.6341478767524247e-07]
2026-08-09 21:31:39,833 INFO epoch=1 step=1820/5625 loss=1.682313 grad_norm=10.1627 lr=[1.0185470933001835e-06, 1.0185470933001835e-06, 6.1112825598011e-07, 6.1112825598011e-07, 1.6296753492802932e-07, 1.6296753492802932e-07]
2026-08-09 21:31:42,349 INFO epoch=1 step=1830/5625 loss=1.588536 grad_norm=10.9289 lr=[1.0157388060363454e-06, 1.0157388060363454e-06, 6.094432836218071e-07, 6.094432836218071e-07, 1.6251820896581522e-07, 1.6251820896581522e-07]
2026-08-09 21:31:44,818 INFO epoch=1 step=1840/5625 loss=1.766085 grad_norm=10.7927 lr=[1.0129176582676728e-06, 1.0129176582676728e-06, 6.077505949606036e-07, 6.077505949606036e-07, 1.620668253228276e-07, 1.620668253228276e-07]
2026-08-09 21:31:47,304 INFO epoch=1 step=1850/5625 loss=1.365418 grad_norm=8.3555 lr=[1.0100837475277035e-06, 1.0100837475277035e-06, 6.060502485166221e-07, 6.060502485166221e-07, 1.6161339960443254e-07, 1.6161339960443254e-07]
2026-08-09 21:31:49,878 INFO epoch=1 step=1860/5625 loss=1.258659 grad_norm=9.9767 lr=[1.0072371717912216e-06, 1.0072371717912216e-06, 6.043423030747329e-07, 6.043423030747329e-07, 1.6115794748659543e-07, 1.6115794748659543e-07]
2026-08-09 21:31:52,334 INFO epoch=1 step=1870/5625 loss=1.392589 grad_norm=9.2508 lr=[1.0043780294708685e-06, 1.0043780294708685e-06, 6.026268176825211e-07, 6.026268176825211e-07, 1.6070048471533895e-07, 1.6070048471533895e-07]
2026-08-09 21:31:55,456 INFO epoch=2 step=1880/5625 loss=1.476967 grad_norm=10.5107 lr=[1.0015064194137417e-06, 1.0015064194137417e-06, 6.009038516482449e-07, 6.009038516482449e-07, 1.6024102710619864e-07, 1.6024102710619864e-07]
2026-08-09 21:31:57,918 INFO epoch=2 step=1890/5625 loss=1.830242 grad_norm=11.4743 lr=[9.986224408979758e-07, 9.986224408979758e-07, 5.991734645387855e-07, 5.991734645387855e-07, 1.597795905436761e-07, 1.597795905436761e-07]
2026-08-09 21:32:00,401 INFO epoch=2 step=1900/5625 loss=1.583702 grad_norm=9.8675 lr=[9.957261936293125e-07, 9.957261936293125e-07, 5.974357161775875e-07, 5.974357161775875e-07, 1.5931619098069e-07, 1.5931619098069e-07]
2026-08-09 21:32:02,878 INFO epoch=2 step=1910/5625 loss=1.428965 grad_norm=12.7475 lr=[9.92817777737652e-07, 9.92817777737652e-07, 5.956906666425912e-07, 5.956906666425912e-07, 1.588508444380243e-07, 1.588508444380243e-07]
2026-08-09 21:32:05,345 INFO epoch=2 step=1920/5625 loss=1.800264 grad_norm=13.2535 lr=[9.898972937735912e-07, 9.898972937735912e-07, 5.939383762641547e-07, 5.939383762641547e-07, 1.5838356700377458e-07, 1.5838356700377458e-07]
2026-08-09 21:32:07,807 INFO epoch=2 step=1930/5625 loss=1.407877 grad_norm=10.6928 lr=[9.869648427049489e-07, 9.869648427049489e-07, 5.921789056229693e-07, 5.921789056229693e-07, 1.579143748327918e-07, 1.579143748327918e-07]
2026-08-09 21:32:10,495 INFO epoch=2 step=1940/5625 loss=1.604643 grad_norm=12.0391 lr=[9.840205259132729e-07, 9.840205259132729e-07, 5.904123155479637e-07, 5.904123155479637e-07, 1.5744328414612365e-07, 1.5744328414612365e-07]
2026-08-09 21:32:13,012 INFO epoch=2 step=1950/5625 loss=1.329420 grad_norm=10.3416 lr=[9.81064445190337e-07, 9.81064445190337e-07, 5.886386671142022e-07, 5.886386671142022e-07, 1.5697031123045392e-07, 1.5697031123045392e-07]
2026-08-09 21:32:15,681 INFO epoch=2 step=1960/5625 loss=1.524939 grad_norm=11.1834 lr=[9.780967027346212e-07, 9.780967027346212e-07, 5.868580216407727e-07, 5.868580216407727e-07, 1.5649547243753939e-07, 1.5649547243753939e-07]
2026-08-09 21:32:18,253 INFO epoch=2 step=1970/5625 loss=1.401845 grad_norm=11.1219 lr=[9.751174011477777e-07, 9.751174011477777e-07, 5.850704406886665e-07, 5.850704406886665e-07, 1.560187841836444e-07, 1.560187841836444e-07]
2026-08-09 21:32:20,793 INFO epoch=2 step=1980/5625 loss=1.462510 grad_norm=12.9339 lr=[9.721266434310847e-07, 9.721266434310847e-07, 5.832759860586507e-07, 5.832759860586507e-07, 1.5554026294897352e-07, 1.5554026294897352e-07]
2026-08-09 21:32:23,364 INFO epoch=2 step=1990/5625 loss=1.763652 grad_norm=10.8971 lr=[9.691245329818846e-07, 9.691245329818846e-07, 5.814747197891308e-07, 5.814747197891308e-07, 1.5505992527710151e-07, 1.5505992527710151e-07]
2026-08-09 21:32:25,986 INFO epoch=2 step=2000/5625 loss=1.455789 grad_norm=11.1809 lr=[9.661111735900107e-07, 9.661111735900107e-07, 5.796667041540064e-07, 5.796667041540064e-07, 1.545777877744017e-07, 1.545777877744017e-07]
/data1/work/MichaelYu/miniconda3/envs/florence/lib/python3.10/site-packages/transformers/generation/configuration_utils.py:453: UserWarning: `num_beams` is set to 1. However, `early_stopping` is set to `True` -- this flag is only used in beam-based generation modes. You should set `num_beams>1` or unset `early_stopping`.
  warnings.warn(
2026-08-09 21:34:08,330 INFO dev metrics: {'samples': 128, 'empty_outputs': 0, 'average_words': 21.6640625, 'p95_words': 30, 'length_18_24_ratio': 0.5390625, 'single_sentence_ratio': 1.0, 'subject_start_ratio': 1.0, 'dev_loss': 1.4157266760630511, 'global_step': 2000}
2026-08-09 21:34:14,124 INFO epoch=2 step=2010/5625 loss=1.362330 grad_norm=9.9023 lr=[9.630866694341969e-07, 9.630866694341969e-07, 5.77852001660518e-07, 5.77852001660518e-07, 1.540938671094715e-07, 1.540938671094715e-07]
2026-08-09 21:34:16,656 INFO epoch=2 step=2020/5625 loss=1.364532 grad_norm=9.4303 lr=[9.600511250784778e-07, 9.600511250784778e-07, 5.760306750470866e-07, 5.760306750470866e-07, 1.5360818001255642e-07, 1.5360818001255642e-07]
2026-08-09 21:34:19,154 INFO epoch=2 step=2030/5625 loss=1.595181 grad_norm=10.2367 lr=[9.570046454685726e-07, 9.570046454685726e-07, 5.742027872811436e-07, 5.742027872811436e-07, 1.531207432749716e-07, 1.531207432749716e-07]
2026-08-09 21:34:21,633 INFO epoch=2 step=2040/5625 loss=1.452183 grad_norm=13.4890 lr=[9.53947335928258e-07, 9.53947335928258e-07, 5.723684015569548e-07, 5.723684015569548e-07, 1.5263157374852127e-07, 1.5263157374852127e-07]
2026-08-09 21:34:24,176 INFO epoch=2 step=2050/5625 loss=1.489000 grad_norm=11.7269 lr=[9.508793021557254e-07, 9.508793021557254e-07, 5.705275812934352e-07, 5.705275812934352e-07, 1.5214068834491604e-07, 1.5214068834491604e-07]
2026-08-09 21:34:26,705 INFO epoch=2 step=2060/5625 loss=1.448919 grad_norm=19.6800 lr=[9.478006502199277e-07, 9.478006502199277e-07, 5.686803901319566e-07, 5.686803901319566e-07, 1.516481040351884e-07, 1.516481040351884e-07]
2026-08-09 21:34:29,251 INFO epoch=2 step=2070/5625 loss=1.404828 grad_norm=9.9452 lr=[9.447114865569121e-07, 9.447114865569121e-07, 5.668268919341473e-07, 5.668268919341473e-07, 1.5115383784910592e-07, 1.5115383784910592e-07]
2026-08-09 21:34:31,817 INFO epoch=2 step=2080/5625 loss=1.263180 grad_norm=10.0606 lr=[9.416119179661402e-07, 9.416119179661402e-07, 5.649671507796841e-07, 5.649671507796841e-07, 1.5065790687458243e-07, 1.5065790687458243e-07]
2026-08-09 21:34:34,337 INFO epoch=2 step=2090/5625 loss=1.452549 grad_norm=10.5294 lr=[9.385020516067959e-07, 9.385020516067959e-07, 5.631012309640775e-07, 5.631012309640775e-07, 1.5016032825708733e-07, 1.5016032825708733e-07]
2026-08-09 21:34:36,918 INFO epoch=2 step=2100/5625 loss=1.302527 grad_norm=12.8026 lr=[9.353819949940805e-07, 9.353819949940805e-07, 5.612291969964482e-07, 5.612291969964482e-07, 1.4966111919905286e-07, 1.4966111919905286e-07]
2026-08-09 21:34:39,425 INFO epoch=2 step=2110/5625 loss=1.497872 grad_norm=12.8318 lr=[9.322518559954957e-07, 9.322518559954957e-07, 5.593511135972974e-07, 5.593511135972974e-07, 1.491602969592793e-07, 1.491602969592793e-07]
2026-08-09 21:34:42,002 INFO epoch=2 step=2120/5625 loss=1.264508 grad_norm=9.3941 lr=[9.291117428271141e-07, 9.291117428271141e-07, 5.574670456962683e-07, 5.574670456962683e-07, 1.4865787885233822e-07, 1.4865787885233822e-07]
2026-08-09 21:34:44,467 INFO epoch=2 step=2130/5625 loss=1.534213 grad_norm=10.7734 lr=[9.259617640498385e-07, 9.259617640498385e-07, 5.55577058429903e-07, 5.55577058429903e-07, 1.4815388224797415e-07, 1.4815388224797415e-07]
2026-08-09 21:34:46,930 INFO epoch=2 step=2140/5625 loss=1.667350 grad_norm=18.8171 lr=[9.228020285656486e-07, 9.228020285656486e-07, 5.536812171393892e-07, 5.536812171393892e-07, 1.4764832457050375e-07, 1.4764832457050375e-07]
2026-08-09 21:34:49,410 INFO epoch=2 step=2150/5625 loss=1.447650 grad_norm=11.4097 lr=[9.196326456138352e-07, 9.196326456138352e-07, 5.517795873683011e-07, 5.517795873683011e-07, 1.4714122329821361e-07, 1.4714122329821361e-07]
2026-08-09 21:34:51,948 INFO epoch=2 step=2160/5625 loss=1.491351 grad_norm=9.0445 lr=[9.164537247672243e-07, 9.164537247672243e-07, 5.498722348603345e-07, 5.498722348603345e-07, 1.4663259596275589e-07, 1.4663259596275589e-07]
2026-08-09 21:34:54,410 INFO epoch=2 step=2170/5625 loss=1.307236 grad_norm=13.4684 lr=[9.132653759283894e-07, 9.132653759283894e-07, 5.479592255570336e-07, 5.479592255570336e-07, 1.4612246014854228e-07, 1.4612246014854228e-07]
2026-08-09 21:34:56,878 INFO epoch=2 step=2180/5625 loss=1.398957 grad_norm=11.0433 lr=[9.100677093258503e-07, 9.100677093258503e-07, 5.460406255955101e-07, 5.460406255955101e-07, 1.4561083349213604e-07, 1.4561083349213604e-07]
2026-08-09 21:34:59,355 INFO epoch=2 step=2190/5625 loss=1.357204 grad_norm=9.8833 lr=[9.068608355102642e-07, 9.068608355102642e-07, 5.441165013061584e-07, 5.441165013061584e-07, 1.4509773368164225e-07, 1.4509773368164225e-07]
2026-08-09 21:35:01,851 INFO epoch=2 step=2200/5625 loss=1.207893 grad_norm=11.1167 lr=[9.036448653506017e-07, 9.036448653506017e-07, 5.421869192103609e-07, 5.421869192103609e-07, 1.4458317845609625e-07, 1.4458317845609625e-07]
/data1/work/MichaelYu/miniconda3/envs/florence/lib/python3.10/site-packages/transformers/generation/configuration_utils.py:453: UserWarning: `num_beams` is set to 1. However, `early_stopping` is set to `True` -- this flag is only used in beam-based generation modes. You should set `num_beams>1` or unset `early_stopping`.
  warnings.warn(
2026-08-09 21:36:40,902 INFO dev metrics: {'samples': 128, 'empty_outputs': 0, 'average_words': 21.625, 'p95_words': 30, 'length_18_24_ratio': 0.5859375, 'single_sentence_ratio': 1.0, 'subject_start_ratio': 1.0, 'dev_loss': 1.4068491224339679, 'global_step': 2200}
2026-08-09 21:36:47,145 INFO epoch=2 step=2210/5625 loss=1.477699 grad_norm=13.1214 lr=[9.00419910030316e-07, 9.00419910030316e-07, 5.402519460181895e-07, 5.402519460181895e-07, 1.4406718560485053e-07, 1.4406718560485053e-07]
2026-08-09 21:36:49,631 INFO epoch=2 step=2220/5625 loss=1.535734 grad_norm=10.3753 lr=[8.971860810434969e-07, 8.971860810434969e-07, 5.383116486260982e-07, 5.383116486260982e-07, 1.435497729669595e-07, 1.435497729669595e-07]
2026-08-09 21:36:52,147 INFO epoch=2 step=2230/5625 loss=1.423456 grad_norm=11.3301 lr=[8.939434901910177e-07, 8.939434901910177e-07, 5.363660941146105e-07, 5.363660941146105e-07, 1.4303095843056282e-07, 1.4303095843056282e-07]
2026-08-09 21:36:54,629 INFO epoch=2 step=2240/5625 loss=1.363849 grad_norm=10.8502 lr=[8.906922495766693e-07, 8.906922495766693e-07, 5.344153497460015e-07, 5.344153497460015e-07, 1.4251075993226706e-07, 1.4251075993226706e-07]
2026-08-09 21:36:57,091 INFO epoch=2 step=2250/5625 loss=1.590318 grad_norm=9.8273 lr=[8.874324716032846e-07, 8.874324716032846e-07, 5.324594829619707e-07, 5.324594829619707e-07, 1.4198919545652551e-07, 1.4198919545652551e-07]
2026-08-09 21:36:59,560 INFO epoch=2 step=2260/5625 loss=1.408235 grad_norm=10.9518 lr=[8.84164268968853e-07, 8.84164268968853e-07, 5.304985613813118e-07, 5.304985613813118e-07, 1.4146628303501647e-07, 1.4146628303501647e-07]
2026-08-09 21:37:02,027 INFO epoch=2 step=2270/5625 loss=1.229157 grad_norm=11.8860 lr=[8.808877546626228e-07, 8.808877546626228e-07, 5.285326527975736e-07, 5.285326527975736e-07, 1.4094204074601964e-07, 1.4094204074601964e-07]
2026-08-09 21:37:04,520 INFO epoch=2 step=2280/5625 loss=1.583647 grad_norm=12.3210 lr=[8.776030419611968e-07, 8.776030419611968e-07, 5.26561825176718e-07, 5.26561825176718e-07, 1.4041648671379148e-07, 1.4041648671379148e-07]
2026-08-09 21:37:07,016 INFO epoch=2 step=2290/5625 loss=1.695205 grad_norm=12.0593 lr=[8.743102444246147e-07, 8.743102444246147e-07, 5.245861466547688e-07, 5.245861466547688e-07, 1.3988963910793834e-07, 1.3988963910793834e-07]
2026-08-09 21:37:09,493 INFO epoch=2 step=2300/5625 loss=1.543220 grad_norm=9.3867 lr=[8.710094758924271e-07, 8.710094758924271e-07, 5.226056855354563e-07, 5.226056855354563e-07, 1.3936151614278833e-07, 1.3936151614278833e-07]
2026-08-09 21:37:11,995 INFO epoch=2 step=2310/5625 loss=1.575907 grad_norm=11.0012 lr=[8.67700850479761e-07, 8.67700850479761e-07, 5.206205102878565e-07, 5.206205102878565e-07, 1.3883213607676175e-07, 1.3883213607676175e-07]
2026-08-09 21:37:14,524 INFO epoch=2 step=2320/5625 loss=1.240938 grad_norm=9.8009 lr=[8.643844825733729e-07, 8.643844825733729e-07, 5.186306895440237e-07, 5.186306895440237e-07, 1.3830151721173964e-07, 1.3830151721173964e-07]
2026-08-09 21:37:17,026 INFO epoch=2 step=2330/5625 loss=1.568810 grad_norm=11.8244 lr=[8.610604868276954e-07, 8.610604868276954e-07, 5.166362920966172e-07, 5.166362920966172e-07, 1.3776967789243125e-07, 1.3776967789243125e-07]
2026-08-09 21:37:19,604 INFO epoch=2 step=2340/5625 loss=1.383492 grad_norm=12.4047 lr=[8.577289781608734e-07, 8.577289781608734e-07, 5.14637386896524e-07, 5.14637386896524e-07, 1.3723663650573974e-07, 1.3723663650573974e-07]
2026-08-09 21:37:22,138 INFO epoch=2 step=2350/5625 loss=1.318811 grad_norm=11.0325 lr=[8.543900717507898e-07, 8.543900717507898e-07, 5.126340430504739e-07, 5.126340430504739e-07, 1.3670241148012634e-07, 1.3670241148012634e-07]
2026-08-09 21:37:24,709 INFO epoch=2 step=2360/5625 loss=1.533971 grad_norm=12.0161 lr=[8.510438830310852e-07, 8.510438830310852e-07, 5.106263298186511e-07, 5.106263298186511e-07, 1.3616702128497362e-07, 1.3616702128497362e-07]
2026-08-09 21:37:27,221 INFO epoch=2 step=2370/5625 loss=1.695543 grad_norm=12.4177 lr=[8.47690527687166e-07, 8.47690527687166e-07, 5.086143166122995e-07, 5.086143166122995e-07, 1.3563048442994653e-07, 1.3563048442994653e-07]
2026-08-09 21:37:29,689 INFO epoch=2 step=2380/5625 loss=1.468285 grad_norm=11.4656 lr=[8.443301216522049e-07, 8.443301216522049e-07, 5.065980729913228e-07, 5.065980729913228e-07, 1.3509281946435276e-07, 1.3509281946435276e-07]
2026-08-09 21:37:32,160 INFO epoch=2 step=2390/5625 loss=1.634206 grad_norm=12.2382 lr=[8.409627811031337e-07, 8.409627811031337e-07, 5.045776686618802e-07, 5.045776686618802e-07, 1.3455404497650138e-07, 1.3455404497650138e-07]
2026-08-09 21:37:34,625 INFO epoch=2 step=2400/5625 loss=1.303431 grad_norm=10.9350 lr=[8.375886224566261e-07, 8.375886224566261e-07, 5.025531734739756e-07, 5.025531734739756e-07, 1.3401417959306016e-07, 1.3401417959306016e-07]
/data1/work/MichaelYu/miniconda3/envs/florence/lib/python3.10/site-packages/transformers/generation/configuration_utils.py:453: UserWarning: `num_beams` is set to 1. However, `early_stopping` is set to `True` -- this flag is only used in beam-based generation modes. You should set `num_beams>1` or unset `early_stopping`.
  warnings.warn(
2026-08-09 21:39:17,874 INFO dev metrics: {'samples': 128, 'empty_outputs': 0, 'average_words': 21.6796875, 'p95_words': 31, 'length_18_24_ratio': 0.5078125, 'single_sentence_ratio': 1.0, 'subject_start_ratio': 1.0, 'dev_loss': 1.3992294939600463, 'global_step': 2400}
2026-08-09 21:39:24,006 INFO epoch=2 step=2410/5625 loss=1.745803 grad_norm=11.3445 lr=[8.342077623650728e-07, 8.342077623650728e-07, 5.005246574190437e-07, 5.005246574190437e-07, 1.3347324197841164e-07, 1.3347324197841164e-07]
2026-08-09 21:39:26,525 INFO epoch=2 step=2420/5625 loss=1.478276 grad_norm=9.1142 lr=[8.308203177125491e-07, 8.308203177125491e-07, 4.984921906275294e-07, 4.984921906275294e-07, 1.3293125083400783e-07, 1.3293125083400783e-07]
2026-08-09 21:39:29,057 INFO epoch=2 step=2430/5625 loss=1.645751 grad_norm=10.9267 lr=[8.274264056107731e-07, 8.274264056107731e-07, 4.964558433664639e-07, 4.964558433664639e-07, 1.3238822489772369e-07, 1.3238822489772369e-07]
2026-08-09 21:39:31,555 INFO epoch=2 step=2440/5625 loss=1.387929 grad_norm=9.9369 lr=[8.240261433950579e-07, 8.240261433950579e-07, 4.944156860370347e-07, 4.944156860370347e-07, 1.3184418294320925e-07, 1.3184418294320925e-07]
2026-08-09 21:39:34,029 INFO epoch=2 step=2450/5625 loss=1.524802 grad_norm=12.6582 lr=[8.206196486202549e-07, 8.206196486202549e-07, 4.923717891721529e-07, 4.923717891721529e-07, 1.3129914377924075e-07, 1.3129914377924075e-07]
2026-08-09 21:39:36,601 INFO epoch=2 step=2460/5625 loss=1.342777 grad_norm=11.9927 lr=[8.172070390566885e-07, 8.172070390566885e-07, 4.903242234340131e-07, 4.903242234340131e-07, 1.3075312624907016e-07, 1.3075312624907016e-07]
2026-08-09 21:39:39,116 INFO epoch=2 step=2470/5625 loss=1.528602 grad_norm=11.9190 lr=[8.137884326860861e-07, 8.137884326860861e-07, 4.882730596116516e-07, 4.882730596116516e-07, 1.3020614922977376e-07, 1.3020614922977376e-07]
2026-08-09 21:39:41,590 INFO epoch=2 step=2480/5625 loss=1.708988 grad_norm=11.1418 lr=[8.103639476974978e-07, 8.103639476974978e-07, 4.862183686184986e-07, 4.862183686184986e-07, 1.2965823163159965e-07, 1.2965823163159965e-07]
2026-08-09 21:39:44,051 INFO epoch=2 step=2490/5625 loss=1.178805 grad_norm=10.8746 lr=[8.069337024832117e-07, 8.069337024832117e-07, 4.841602214899269e-07, 4.841602214899269e-07, 1.2910939239731384e-07, 1.2910939239731384e-07]
2026-08-09 21:39:46,509 INFO epoch=2 step=2500/5625 loss=1.562074 grad_norm=10.4587 lr=[8.034978156346593e-07, 8.034978156346593e-07, 4.820986893807955e-07, 4.820986893807955e-07, 1.2855965050154547e-07, 1.2855965050154547e-07]
2026-08-09 21:39:48,989 INFO epoch=2 step=2510/5625 loss=1.354628 grad_norm=10.7732 lr=[8.000564059383171e-07, 8.000564059383171e-07, 4.800338435629902e-07, 4.800338435629902e-07, 1.280090249501307e-07, 1.280090249501307e-07]
2026-08-09 21:39:51,471 INFO epoch=2 step=2520/5625 loss=1.337623 grad_norm=9.0639 lr=[7.966095923715984e-07, 7.966095923715984e-07, 4.77965755422959e-07, 4.77965755422959e-07, 1.2745753477945574e-07, 1.2745753477945574e-07]
2026-08-09 21:39:53,963 INFO epoch=2 step=2530/5625 loss=1.671597 grad_norm=10.0394 lr=[7.931574940987413e-07, 7.931574940987413e-07, 4.7589449645924476e-07, 4.7589449645924476e-07, 1.269051990557986e-07, 1.269051990557986e-07]
2026-08-09 21:39:56,557 INFO epoch=2 step=2540/5625 loss=1.464032 grad_norm=11.4599 lr=[7.897002304666879e-07, 7.897002304666879e-07, 4.738201382800127e-07, 4.738201382800127e-07, 1.2635203687467003e-07, 1.2635203687467003e-07]
2026-08-09 21:39:59,047 INFO epoch=2 step=2550/5625 loss=1.478245 grad_norm=13.3102 lr=[7.862379210009582e-07, 7.862379210009582e-07, 4.7174275260057494e-07, 4.7174275260057494e-07, 1.257980673601533e-07, 1.257980673601533e-07]
2026-08-09 21:40:01,542 INFO epoch=2 step=2560/5625 loss=1.480797 grad_norm=9.8848 lr=[7.827706854015195e-07, 7.827706854015195e-07, 4.696624112409117e-07, 4.696624112409117e-07, 1.252433096642431e-07, 1.252433096642431e-07]
2026-08-09 21:40:04,099 INFO epoch=2 step=2570/5625 loss=1.449185 grad_norm=13.7376 lr=[7.792986435386456e-07, 7.792986435386456e-07, 4.675791861231873e-07, 4.675791861231873e-07, 1.2468778296618329e-07, 1.2468778296618329e-07]
2026-08-09 21:40:06,619 INFO epoch=2 step=2580/5625 loss=1.600413 grad_norm=10.8198 lr=[7.758219154487742e-07, 7.758219154487742e-07, 4.6549314926926453e-07, 4.6549314926926453e-07, 1.2413150647180386e-07, 1.2413150647180386e-07]
2026-08-09 21:40:09,163 INFO epoch=2 step=2590/5625 loss=1.648123 grad_norm=10.2587 lr=[7.723406213303569e-07, 7.723406213303569e-07, 4.634043727982141e-07, 4.634043727982141e-07, 1.235744994128571e-07, 1.235744994128571e-07]
2026-08-09 21:40:11,676 INFO epoch=2 step=2600/5625 loss=1.406929 grad_norm=9.8763 lr=[7.688548815397029e-07, 7.688548815397029e-07, 4.613129289238217e-07, 4.613129289238217e-07, 1.2301678104635244e-07, 1.2301678104635244e-07]
/data1/work/MichaelYu/miniconda3/envs/florence/lib/python3.10/site-packages/transformers/generation/configuration_utils.py:453: UserWarning: `num_beams` is set to 1. However, `early_stopping` is set to `True` -- this flag is only used in beam-based generation modes. You should set `num_beams>1` or unset `early_stopping`.
  warnings.warn(
2026-08-09 21:41:52,045 INFO dev metrics: {'samples': 128, 'empty_outputs': 0, 'average_words': 21.3515625, 'p95_words': 30, 'length_18_24_ratio': 0.46875, 'single_sentence_ratio': 1.0, 'subject_start_ratio': 1.0, 'dev_loss': 1.3935246227858256, 'global_step': 2600}
2026-08-09 21:41:57,806 INFO epoch=2 step=2610/5625 loss=1.236684 grad_norm=12.6242 lr=[7.653648165868188e-07, 7.653648165868188e-07, 4.592188899520913e-07, 4.592188899520913e-07, 1.22458370653891e-07, 1.22458370653891e-07]
2026-08-09 21:42:00,402 INFO epoch=2 step=2620/5625 loss=1.381364 grad_norm=10.1329 lr=[7.61870547131242e-07, 7.61870547131242e-07, 4.5712232827874513e-07, 4.5712232827874513e-07, 1.218992875409987e-07, 1.218992875409987e-07]
2026-08-09 21:42:02,871 INFO epoch=2 step=2630/5625 loss=1.576336 grad_norm=10.4834 lr=[7.583721939778688e-07, 7.583721939778688e-07, 4.550233163867212e-07, 4.550233163867212e-07, 1.2133955103645898e-07, 1.2133955103645898e-07]
2026-08-09 21:42:05,451 INFO epoch=2 step=2640/5625 loss=1.164957 grad_norm=9.8147 lr=[7.548698780727785e-07, 7.548698780727785e-07, 4.529219268436671e-07, 4.529219268436671e-07, 1.2077918049164454e-07, 1.2077918049164454e-07]
2026-08-09 21:42:07,985 INFO epoch=2 step=2650/5625 loss=1.459876 grad_norm=13.3531 lr=[7.513637204990517e-07, 7.513637204990517e-07, 4.50818232299431e-07, 4.50818232299431e-07, 1.2021819527984827e-07, 1.2021819527984827e-07]
2026-08-09 21:42:10,634 INFO epoch=2 step=2660/5625 loss=1.537358 grad_norm=10.5127 lr=[7.478538424725851e-07, 7.478538424725851e-07, 4.4871230548355104e-07, 4.4871230548355104e-07, 1.196566147956136e-07, 1.196566147956136e-07]
2026-08-09 21:42:13,139 INFO epoch=2 step=2670/5625 loss=1.588149 grad_norm=11.2157 lr=[7.443403653378987e-07, 7.443403653378987e-07, 4.4660421920273924e-07, 4.4660421920273924e-07, 1.1909445845406378e-07, 1.1909445845406378e-07]
2026-08-09 21:42:15,589 INFO epoch=2 step=2680/5625 loss=1.380564 grad_norm=11.9042 lr=[7.408234105639425e-07, 7.408234105639425e-07, 4.444940463383655e-07, 4.444940463383655e-07, 1.1853174569023078e-07, 1.1853174569023078e-07]
2026-08-09 21:42:18,062 INFO epoch=2 step=2690/5625 loss=1.346686 grad_norm=11.2938 lr=[7.373030997398968e-07, 7.373030997398968e-07, 4.4238185984393804e-07, 4.4238185984393804e-07, 1.1796849595838347e-07, 1.1796849595838347e-07]
2026-08-09 21:42:20,528 INFO epoch=2 step=2700/5625 loss=1.314126 grad_norm=11.0243 lr=[7.337795545709674e-07, 7.337795545709674e-07, 4.402677327425804e-07, 4.402677327425804e-07, 1.1740472873135476e-07, 1.1740472873135476e-07]
2026-08-09 21:42:23,008 INFO epoch=2 step=2710/5625 loss=1.412076 grad_norm=11.3155 lr=[7.302528968741794e-07, 7.302528968741794e-07, 4.3815173812450764e-07, 4.3815173812450764e-07, 1.1684046349986869e-07, 1.1684046349986869e-07]
2026-08-09 21:42:25,470 INFO epoch=2 step=2720/5625 loss=1.499246 grad_norm=11.2317 lr=[7.267232485741654e-07, 7.267232485741654e-07, 4.360339491444992e-07, 4.360339491444992e-07, 1.1627571977186645e-07, 1.1627571977186645e-07]
2026-08-09 21:42:27,939 INFO epoch=2 step=2730/5625 loss=1.661688 grad_norm=13.9366 lr=[7.231907316989493e-07, 7.231907316989493e-07, 4.339144390193696e-07, 4.339144390193696e-07, 1.1571051707183188e-07, 1.1571051707183188e-07]
2026-08-09 21:42:30,414 INFO epoch=2 step=2740/5625 loss=1.304808 grad_norm=9.6292 lr=[7.196554683757286e-07, 7.196554683757286e-07, 4.317932810254371e-07, 4.317932810254371e-07, 1.1514487494011656e-07, 1.1514487494011656e-07]
2026-08-09 21:42:32,883 INFO epoch=2 step=2750/5625 loss=1.600869 grad_norm=10.9606 lr=[7.161175808266514e-07, 7.161175808266514e-07, 4.296705484959908e-07, 4.296705484959908e-07, 1.1457881293226421e-07, 1.1457881293226421e-07]
2026-08-09 21:42:35,516 INFO epoch=2 step=2760/5625 loss=1.710631 grad_norm=13.5773 lr=[7.125771913645919e-07, 7.125771913645919e-07, 4.2754631481875513e-07, 4.2754631481875513e-07, 1.140123506183347e-07, 1.140123506183347e-07]
2026-08-09 21:42:37,982 INFO epoch=2 step=2770/5625 loss=1.464299 grad_norm=12.6089 lr=[7.09034422388921e-07, 7.09034422388921e-07, 4.254206534333526e-07, 4.254206534333526e-07, 1.1344550758222735e-07, 1.1344550758222735e-07]
2026-08-09 21:42:40,441 INFO epoch=2 step=2780/5625 loss=1.482525 grad_norm=10.1854 lr=[7.054893963812747e-07, 7.054893963812747e-07, 4.2329363782876476e-07, 4.2329363782876476e-07, 1.1287830342100392e-07, 1.1287830342100392e-07]
2026-08-09 21:42:42,896 INFO epoch=2 step=2790/5625 loss=1.276963 grad_norm=10.7238 lr=[7.019422359013195e-07, 7.019422359013195e-07, 4.2116534154079167e-07, 4.2116534154079167e-07, 1.123107577442111e-07, 1.123107577442111e-07]
2026-08-09 21:42:45,367 INFO epoch=2 step=2800/5625 loss=1.490369 grad_norm=13.8192 lr=[6.983930635825158e-07, 6.983930635825158e-07, 4.1903583814950943e-07, 4.1903583814950943e-07, 1.1174289017320251e-07, 1.1174289017320251e-07]
/data1/work/MichaelYu/miniconda3/envs/florence/lib/python3.10/site-packages/transformers/generation/configuration_utils.py:453: UserWarning: `num_beams` is set to 1. However, `early_stopping` is set to `True` -- this flag is only used in beam-based generation modes. You should set `num_beams>1` or unset `early_stopping`.
  warnings.warn(
2026-08-09 21:44:28,129 INFO dev metrics: {'samples': 128, 'empty_outputs': 0, 'average_words': 21.2890625, 'p95_words': 30, 'length_18_24_ratio': 0.4921875, 'single_sentence_ratio': 1.0, 'subject_start_ratio': 1.0, 'dev_loss': 1.3888671380224218, 'global_step': 2800}
2026-08-09 21:44:33,841 INFO epoch=2 step=2810/5625 loss=1.454885 grad_norm=10.5698 lr=[6.94842002127878e-07, 6.94842002127878e-07, 4.169052012767268e-07, 4.169052012767268e-07, 1.1117472034046046e-07, 1.1117472034046046e-07]
2026-08-09 21:44:36,308 INFO epoch=2 step=2820/5625 loss=1.504676 grad_norm=11.3245 lr=[6.912891743057321e-07, 6.912891743057321e-07, 4.147735045834392e-07, 4.147735045834392e-07, 1.1060626788891712e-07, 1.1060626788891712e-07]
2026-08-09 21:44:38,793 INFO epoch=2 step=2830/5625 loss=1.443703 grad_norm=9.9590 lr=[6.877347029454713e-07, 6.877347029454713e-07, 4.1264082176728277e-07, 4.1264082176728277e-07, 1.1003755247127539e-07, 1.1003755247127539e-07]
2026-08-09 21:44:41,275 INFO epoch=2 step=2840/5625 loss=1.339378 grad_norm=13.2693 lr=[6.841787109333099e-07, 6.841787109333099e-07, 4.105072265599859e-07, 4.105072265599859e-07, 1.0946859374932957e-07, 1.0946859374932957e-07]
2026-08-09 21:44:43,753 INFO epoch=2 step=2850/5625 loss=1.582599 grad_norm=9.9743 lr=[6.806213212080348e-07, 6.806213212080348e-07, 4.083727927248209e-07, 4.083727927248209e-07, 1.0889941139328556e-07, 1.0889941139328556e-07]
2026-08-09 21:44:46,232 INFO epoch=2 step=2860/5625 loss=1.647021 grad_norm=12.1015 lr=[6.770626567567544e-07, 6.770626567567544e-07, 4.0623759405405264e-07, 4.0623759405405264e-07, 1.0833002508108068e-07, 1.0833002508108068e-07]
2026-08-09 21:44:48,764 INFO epoch=2 step=2870/5625 loss=1.517440 grad_norm=9.6831 lr=[6.735028406106481e-07, 6.735028406106481e-07, 4.041017043663888e-07, 4.041017043663888e-07, 1.0776045449770368e-07, 1.0776045449770368e-07]
2026-08-09 21:44:51,322 INFO epoch=2 step=2880/5625 loss=1.388563 grad_norm=10.6772 lr=[6.699419958407113e-07, 6.699419958407113e-07, 4.019651975044268e-07, 4.019651975044268e-07, 1.0719071933451381e-07, 1.0719071933451381e-07]
2026-08-09 21:44:53,952 INFO epoch=2 step=2890/5625 loss=1.554228 grad_norm=9.5212 lr=[6.663802455535017e-07, 6.663802455535017e-07, 3.9982814733210103e-07, 3.9982814733210103e-07, 1.0662083928856027e-07, 1.0662083928856027e-07]
2026-08-09 21:44:56,530 INFO epoch=2 step=2900/5625 loss=1.420366 grad_norm=11.3377 lr=[6.628177128868829e-07, 6.628177128868829e-07, 3.976906277321297e-07, 3.976906277321297e-07, 1.0605083406190125e-07, 1.0605083406190125e-07]
2026-08-09 21:44:59,010 INFO epoch=2 step=2910/5625 loss=1.381397 grad_norm=9.6976 lr=[6.592545210057668e-07, 6.592545210057668e-07, 3.9555271260346e-07, 3.9555271260346e-07, 1.0548072336092266e-07, 1.0548072336092266e-07]
2026-08-09 21:45:01,483 INFO epoch=2 step=2920/5625 loss=1.797677 grad_norm=12.8651 lr=[6.556907930978558e-07, 6.556907930978558e-07, 3.9341447585871343e-07, 3.9341447585871343e-07, 1.0491052689565692e-07, 1.0491052689565692e-07]
2026-08-09 21:45:03,961 INFO epoch=2 step=2930/5625 loss=1.389513 grad_norm=13.5898 lr=[6.521266523693846e-07, 6.521266523693846e-07, 3.912759914216308e-07, 3.912759914216308e-07, 1.0434026437910153e-07, 1.0434026437910153e-07]
2026-08-09 21:45:06,427 INFO epoch=2 step=2940/5625 loss=1.459071 grad_norm=9.6548 lr=[6.485622220408594e-07, 6.485622220408594e-07, 3.8913733322451563e-07, 3.8913733322451563e-07, 1.037699555265375e-07, 1.037699555265375e-07]
2026-08-09 21:45:08,890 INFO epoch=2 step=2950/5625 loss=1.410952 grad_norm=11.2852 lr=[6.449976253427989e-07, 6.449976253427989e-07, 3.869985752056793e-07, 3.869985752056793e-07, 1.0319962005484781e-07, 1.0319962005484781e-07]
2026-08-09 21:45:11,361 INFO epoch=2 step=2960/5625 loss=1.329049 grad_norm=10.6074 lr=[6.414329855114731e-07, 6.414329855114731e-07, 3.8485979130688385e-07, 3.8485979130688385e-07, 1.0262927768183569e-07, 1.0262927768183569e-07]
2026-08-09 21:45:13,843 INFO epoch=2 step=2970/5625 loss=1.454507 grad_norm=11.5275 lr=[6.378684257846443e-07, 6.378684257846443e-07, 3.8272105547078657e-07, 3.8272105547078657e-07, 1.0205894812554308e-07, 1.0205894812554308e-07]
2026-08-09 21:45:16,302 INFO epoch=2 step=2980/5625 loss=1.564667 grad_norm=15.5004 lr=[6.343040693973039e-07, 6.343040693973039e-07, 3.805824416383823e-07, 3.805824416383823e-07, 1.0148865110356862e-07, 1.0148865110356862e-07]
2026-08-09 21:45:18,772 INFO epoch=2 step=2990/5625 loss=1.462503 grad_norm=10.0189 lr=[6.307400395774147e-07, 6.307400395774147e-07, 3.7844402374644877e-07, 3.7844402374644877e-07, 1.0091840633238632e-07, 1.0091840633238632e-07]
2026-08-09 21:45:21,248 INFO epoch=2 step=3000/5625 loss=1.511682 grad_norm=10.5979 lr=[6.271764595416484e-07, 6.271764595416484e-07, 3.7630587572498903e-07, 3.7630587572498903e-07, 1.0034823352666373e-07, 1.0034823352666373e-07]
/data1/work/MichaelYu/miniconda3/envs/florence/lib/python3.10/site-packages/transformers/generation/configuration_utils.py:453: UserWarning: `num_beams` is set to 1. However, `early_stopping` is set to `True` -- this flag is only used in beam-based generation modes. You should set `num_beams>1` or unset `early_stopping`.
  warnings.warn(
2026-08-09 21:46:57,581 INFO dev metrics: {'samples': 128, 'empty_outputs': 0, 'average_words': 21.703125, 'p95_words': 31, 'length_18_24_ratio': 0.46875, 'single_sentence_ratio': 1.0, 'subject_start_ratio': 1.0, 'dev_loss': 1.3832013726290728, 'global_step': 3000}
2026-08-09 21:47:03,359 INFO epoch=2 step=3010/5625 loss=1.499843 grad_norm=10.0519 lr=[6.236134524911273e-07, 6.236134524911273e-07, 3.7416807149467636e-07, 3.7416807149467636e-07, 9.977815239858036e-08, 9.977815239858036e-08]
2026-08-09 21:47:05,826 INFO epoch=2 step=3020/5625 loss=1.246462 grad_norm=9.3225 lr=[6.200511416071639e-07, 6.200511416071639e-07, 3.7203068496429833e-07, 3.7203068496429833e-07, 9.920818265714621e-08, 9.920818265714621e-08]
2026-08-09 21:47:08,291 INFO epoch=2 step=3030/5625 loss=1.472074 grad_norm=12.6307 lr=[6.164896500470026e-07, 6.164896500470026e-07, 3.698937900282015e-07, 3.698937900282015e-07, 9.86383440075204e-08, 9.86383440075204e-08]
2026-08-09 21:47:10,791 INFO epoch=2 step=3040/5625 loss=1.634662 grad_norm=8.5512 lr=[6.12929100939562e-07, 6.12929100939562e-07, 3.6775746056373717e-07, 3.6775746056373717e-07, 9.806865615032991e-08, 9.806865615032991e-08]
2026-08-09 21:47:13,267 INFO epoch=2 step=3050/5625 loss=1.645205 grad_norm=12.0547 lr=[6.093696173811783e-07, 6.093696173811783e-07, 3.6562177042870696e-07, 3.6562177042870696e-07, 9.749913878098852e-08, 9.749913878098852e-08]
2026-08-09 21:47:15,867 INFO epoch=2 step=3060/5625 loss=1.533530 grad_norm=10.2589 lr=[6.058113224313491e-07, 6.058113224313491e-07, 3.6348679345880937e-07, 3.6348679345880937e-07, 9.692981158901583e-08, 9.692981158901583e-08]
2026-08-09 21:47:18,355 INFO epoch=2 step=3070/5625 loss=1.247416 grad_norm=10.5247 lr=[6.022543391084777e-07, 6.022543391084777e-07, 3.6135260346508664e-07, 3.6135260346508664e-07, 9.636069425735643e-08, 9.636069425735643e-08]
2026-08-09 21:47:20,836 INFO epoch=2 step=3080/5625 loss=1.543617 grad_norm=10.2185 lr=[5.98698790385624e-07, 5.98698790385624e-07, 3.592192742313743e-07, 3.592192742313743e-07, 9.579180646169982e-08, 9.579180646169982e-08]
2026-08-09 21:47:23,315 INFO epoch=2 step=3090/5625 loss=1.303201 grad_norm=9.7686 lr=[5.951447991862483e-07, 5.951447991862483e-07, 3.5708687951174897e-07, 3.5708687951174897e-07, 9.522316786979971e-08, 9.522316786979971e-08]
2026-08-09 21:47:25,788 INFO epoch=2 step=3100/5625 loss=1.353011 grad_norm=12.7313 lr=[5.915924883799649e-07, 5.915924883799649e-07, 3.5495549302797893e-07, 3.5495549302797893e-07, 9.465479814079438e-08, 9.465479814079438e-08]
2026-08-09 21:47:28,263 INFO epoch=2 step=3110/5625 loss=1.507252 grad_norm=10.0848 lr=[5.880419807782931e-07, 5.880419807782931e-07, 3.528251884669758e-07, 3.528251884669758e-07, 9.408671692452688e-08, 9.408671692452688e-08]
2026-08-09 21:47:30,741 INFO epoch=2 step=3120/5625 loss=1.319280 grad_norm=10.0434 lr=[5.8449339913041e-07, 5.8449339913041e-07, 3.50696039478246e-07, 3.50696039478246e-07, 9.351894386086559e-08, 9.351894386086559e-08]
2026-08-09 21:47:33,286 INFO epoch=2 step=3130/5625 loss=1.630038 grad_norm=10.1752 lr=[5.809468661189096e-07, 5.809468661189096e-07, 3.485681196713458e-07, 3.485681196713458e-07, 9.295149857902553e-08, 9.295149857902553e-08]
2026-08-09 21:47:35,806 INFO epoch=2 step=3140/5625 loss=1.539712 grad_norm=12.5393 lr=[5.774025043555592e-07, 5.774025043555592e-07, 3.464415026133355e-07, 3.464415026133355e-07, 9.238440069688946e-08, 9.238440069688946e-08]
2026-08-09 21:47:38,334 INFO epoch=2 step=3150/5625 loss=1.526894 grad_norm=10.5805 lr=[5.738604363770611e-07, 5.738604363770611e-07, 3.4431626182623664e-07, 3.4431626182623664e-07, 9.181766982032977e-08, 9.181766982032977e-08]
2026-08-09 21:47:40,925 INFO epoch=2 step=3160/5625 loss=1.548353 grad_norm=13.5176 lr=[5.703207846408167e-07, 5.703207846408167e-07, 3.4219247078449e-07, 3.4219247078449e-07, 9.125132554253065e-08, 9.125132554253065e-08]
2026-08-09 21:47:43,383 INFO epoch=2 step=3170/5625 loss=1.241347 grad_norm=9.4873 lr=[5.667836715206909e-07, 5.667836715206909e-07, 3.400702029124145e-07, 3.400702029124145e-07, 9.068538744331053e-08, 9.068538744331053e-08]
2026-08-09 21:47:45,858 INFO epoch=2 step=3180/5625 loss=1.338434 grad_norm=10.2948 lr=[5.632492193027844e-07, 5.632492193027844e-07, 3.379495315816706e-07, 3.379495315816706e-07, 9.01198750884455e-08, 9.01198750884455e-08]
2026-08-09 21:47:48,420 INFO epoch=2 step=3190/5625 loss=1.311431 grad_norm=14.2850 lr=[5.597175501812038e-07, 5.597175501812038e-07, 3.3583053010872226e-07, 3.3583053010872226e-07, 8.95548080289926e-08, 8.95548080289926e-08]
2026-08-09 21:47:50,916 INFO epoch=2 step=3200/5625 loss=1.275522 grad_norm=8.7339 lr=[5.56188786253838e-07, 5.56188786253838e-07, 3.337132717523028e-07, 3.337132717523028e-07, 8.899020580061407e-08, 8.899020580061407e-08]
/data1/work/MichaelYu/miniconda3/envs/florence/lib/python3.10/site-packages/transformers/generation/configuration_utils.py:453: UserWarning: `num_beams` is set to 1. However, `early_stopping` is set to `True` -- this flag is only used in beam-based generation modes. You should set `num_beams>1` or unset `early_stopping`.
  warnings.warn(
2026-08-09 21:49:31,418 INFO dev metrics: {'samples': 128, 'empty_outputs': 0, 'average_words': 21.5234375, 'p95_words': 30, 'length_18_24_ratio': 0.4609375, 'single_sentence_ratio': 1.0, 'subject_start_ratio': 1.0, 'dev_loss': 1.3803381600568336, 'global_step': 3200}
2026-08-09 21:49:37,548 INFO epoch=2 step=3210/5625 loss=1.503154 grad_norm=11.0231 lr=[5.526630495181361e-07, 5.526630495181361e-07, 3.315978297108816e-07, 3.315978297108816e-07, 8.842608792290177e-08, 8.842608792290177e-08]
2026-08-09 21:49:40,099 INFO epoch=2 step=3220/5625 loss=1.777899 grad_norm=10.6675 lr=[5.491404618668903e-07, 5.491404618668903e-07, 3.294842771201342e-07, 3.294842771201342e-07, 8.786247389870245e-08, 8.786247389870245e-08]
2026-08-09 21:49:42,644 INFO epoch=2 step=3230/5625 loss=1.550732 grad_norm=12.1768 lr=[5.456211450840227e-07, 5.456211450840227e-07, 3.2737268705041355e-07, 3.2737268705041355e-07, 8.729938321344361e-08, 8.729938321344361e-08]
2026-08-09 21:49:45,130 INFO epoch=2 step=3240/5625 loss=1.382625 grad_norm=9.6217 lr=[5.421052208403725e-07, 5.421052208403725e-07, 3.252631325042235e-07, 3.252631325042235e-07, 8.673683533445959e-08, 8.673683533445959e-08]
2026-08-09 21:49:47,571 INFO epoch=2 step=3250/5625 loss=1.354786 grad_norm=11.7579 lr=[5.385928106894928e-07, 5.385928106894928e-07, 3.231556864136957e-07, 3.231556864136957e-07, 8.617484971031885e-08, 8.617484971031885e-08]
2026-08-09 21:49:50,019 INFO epoch=2 step=3260/5625 loss=1.659600 grad_norm=12.3058 lr=[5.350840360634448e-07, 5.350840360634448e-07, 3.210504216380668e-07, 3.210504216380668e-07, 8.561344577015115e-08, 8.561344577015115e-08]
2026-08-09 21:49:52,485 INFO epoch=2 step=3270/5625 loss=1.389414 grad_norm=9.2168 lr=[5.315790182686021e-07, 5.315790182686021e-07, 3.189474109611613e-07, 3.189474109611613e-07, 8.505264292297633e-08, 8.505264292297633e-08]
2026-08-09 21:49:54,928 INFO epoch=2 step=3280/5625 loss=1.380611 grad_norm=9.8340 lr=[5.28077878481456e-07, 5.28077878481456e-07, 3.1684672708887363e-07, 3.1684672708887363e-07, 8.449246055703297e-08, 8.449246055703297e-08]
2026-08-09 21:49:57,395 INFO epoch=2 step=3290/5625 loss=1.283051 grad_norm=8.7960 lr=[5.245807377444264e-07, 5.245807377444264e-07, 3.1474844264665576e-07, 3.1474844264665576e-07, 8.393291803910821e-08, 8.393291803910821e-08]
2026-08-09 21:49:59,881 INFO epoch=2 step=3300/5625 loss=1.334296 grad_norm=12.9055 lr=[5.210877169616765e-07, 5.210877169616765e-07, 3.126526301770059e-07, 3.126526301770059e-07, 8.337403471386823e-08, 8.337403471386823e-08]
2026-08-09 21:50:02,471 INFO epoch=2 step=3310/5625 loss=1.391812 grad_norm=11.4414 lr=[5.175989368949331e-07, 5.175989368949331e-07, 3.105593621369598e-07, 3.105593621369598e-07, 8.281582990318927e-08, 8.281582990318927e-08]
2026-08-09 21:50:04,958 INFO epoch=2 step=3320/5625 loss=1.413649 grad_norm=9.7262 lr=[5.14114518159312e-07, 5.14114518159312e-07, 3.084687108955872e-07, 3.084687108955872e-07, 8.22583229054899e-08, 8.22583229054899e-08]
2026-08-09 21:50:07,443 INFO epoch=2 step=3330/5625 loss=1.335180 grad_norm=11.0566 lr=[5.106345812191481e-07, 5.106345812191481e-07, 3.0638074873148885e-07, 3.0638074873148885e-07, 8.170153299506368e-08, 8.170153299506368e-08]
2026-08-09 21:50:10,062 INFO epoch=2 step=3340/5625 loss=1.296771 grad_norm=11.0595 lr=[5.071592463838299e-07, 5.071592463838299e-07, 3.042955478302979e-07, 3.042955478302979e-07, 8.114547942141277e-08, 8.114547942141277e-08]
2026-08-09 21:50:12,567 INFO epoch=2 step=3350/5625 loss=1.209807 grad_norm=10.2919 lr=[5.036886338036409e-07, 5.036886338036409e-07, 3.022131802821845e-07, 3.022131802821845e-07, 8.059018140858253e-08, 8.059018140858253e-08]
2026-08-09 21:50:15,019 INFO epoch=2 step=3360/5625 loss=1.498961 grad_norm=13.3480 lr=[5.002228634656049e-07, 5.002228634656049e-07, 3.001337180793629e-07, 3.001337180793629e-07, 8.003565815449678e-08, 8.003565815449678e-08]
2026-08-09 21:50:17,558 INFO epoch=2 step=3370/5625 loss=1.249471 grad_norm=10.5149 lr=[4.967620551893391e-07, 4.967620551893391e-07, 2.9805723311360345e-07, 2.9805723311360345e-07, 7.948192883029425e-08, 7.948192883029425e-08]
2026-08-09 21:50:20,087 INFO epoch=2 step=3380/5625 loss=1.295664 grad_norm=11.1537 lr=[4.933063286229102e-07, 4.933063286229102e-07, 2.959837971737461e-07, 2.959837971737461e-07, 7.892901257966562e-08, 7.892901257966562e-08]
2026-08-09 21:50:22,605 INFO epoch=2 step=3390/5625 loss=1.526170 grad_norm=11.2777 lr=[4.898558032386991e-07, 4.898558032386991e-07, 2.939134819432194e-07, 2.939134819432194e-07, 7.837692851819184e-08, 7.837692851819184e-08]
2026-08-09 21:50:25,128 INFO epoch=2 step=3400/5625 loss=1.085141 grad_norm=9.6324 lr=[4.864105983292693e-07, 4.864105983292693e-07, 2.9184635899756153e-07, 2.9184635899756153e-07, 7.782569573268307e-08, 7.782569573268307e-08]
/data1/work/MichaelYu/miniconda3/envs/florence/lib/python3.10/site-packages/transformers/generation/configuration_utils.py:453: UserWarning: `num_beams` is set to 1. However, `early_stopping` is set to `True` -- this flag is only used in beam-based generation modes. You should set `num_beams>1` or unset `early_stopping`.
  warnings.warn(
2026-08-09 21:52:08,902 INFO dev metrics: {'samples': 128, 'empty_outputs': 0, 'average_words': 21.1640625, 'p95_words': 30, 'length_18_24_ratio': 0.4921875, 'single_sentence_ratio': 1.0, 'subject_start_ratio': 1.0, 'dev_loss': 1.3763159637955555, 'global_step': 3400}
2026-08-09 21:52:14,639 INFO epoch=2 step=3410/5625 loss=1.292382 grad_norm=11.1837 lr=[4.829708330032438e-07, 4.829708330032438e-07, 2.8978249980194623e-07, 2.8978249980194623e-07, 7.727533328051898e-08, 7.727533328051898e-08]
2026-08-09 21:52:17,139 INFO epoch=2 step=3420/5625 loss=1.452494 grad_norm=10.4979 lr=[4.795366261811864e-07, 4.795366261811864e-07, 2.8772197570871183e-07, 2.8772197570871183e-07, 7.672586018898981e-08, 7.672586018898981e-08]
2026-08-09 21:52:19,668 INFO epoch=2 step=3430/5625 loss=1.525147 grad_norm=8.9407 lr=[4.76108096591491e-07, 4.76108096591491e-07, 2.856648579548946e-07, 2.856648579548946e-07, 7.617729545463856e-08, 7.617729545463856e-08]
2026-08-09 21:52:22,139 INFO epoch=2 step=3440/5625 loss=1.435418 grad_norm=10.3697 lr=[4.7268536276627655e-07, 4.7268536276627655e-07, 2.8361121765976593e-07, 2.8361121765976593e-07, 7.562965804260424e-08, 7.562965804260424e-08]
2026-08-09 21:52:24,618 INFO epoch=2 step=3450/5625 loss=1.707476 grad_norm=9.5266 lr=[4.6926854303728896e-07, 4.6926854303728896e-07, 2.815611258223734e-07, 2.815611258223734e-07, 7.508296688596623e-08, 7.508296688596623e-08]
2026-08-09 21:52:27,083 INFO epoch=2 step=3460/5625 loss=1.590862 grad_norm=9.2813 lr=[4.6585775553181014e-07, 4.6585775553181014e-07, 2.795146533190861e-07, 2.795146533190861e-07, 7.453724088508962e-08, 7.453724088508962e-08]
2026-08-09 21:52:29,754 INFO epoch=2 step=3470/5625 loss=1.580576 grad_norm=33.5445 lr=[4.624531181685747e-07, 4.624531181685747e-07, 2.774718709011448e-07, 2.774718709011448e-07, 7.399249890697195e-08, 7.399249890697195e-08]
2026-08-09 21:52:32,357 INFO epoch=2 step=3480/5625 loss=1.409386 grad_norm=11.0208 lr=[4.5905474865369253e-07, 4.5905474865369253e-07, 2.7543284919221553e-07, 2.7543284919221553e-07, 7.34487597845908e-08, 7.34487597845908e-08]
2026-08-09 21:52:34,893 INFO epoch=2 step=3490/5625 loss=1.355052 grad_norm=10.4827 lr=[4.556627644765796e-07, 4.556627644765796e-07, 2.7339765868594774e-07, 2.7339765868594774e-07, 7.290604231625272e-08, 7.290604231625272e-08]
2026-08-09 21:52:37,373 INFO epoch=2 step=3500/5625 loss=1.240827 grad_norm=11.4863 lr=[4.522772829058959e-07, 4.522772829058959e-07, 2.713663697435375e-07, 2.713663697435375e-07, 7.236436526494334e-08, 7.236436526494334e-08]
2026-08-09 21:52:39,919 INFO epoch=2 step=3510/5625 loss=1.524591 grad_norm=10.5596 lr=[4.48898420985492e-07, 4.48898420985492e-07, 2.693390525912952e-07, 2.693390525912952e-07, 7.182374735767871e-08, 7.182374735767871e-08]
2026-08-09 21:52:42,454 INFO epoch=2 step=3520/5625 loss=1.640934 grad_norm=10.3268 lr=[4.455262955303614e-07, 4.455262955303614e-07, 2.6731577731821685e-07, 2.6731577731821685e-07, 7.128420728485782e-08, 7.128420728485782e-08]
2026-08-09 21:52:44,990 INFO epoch=2 step=3530/5625 loss=1.473130 grad_norm=12.7387 lr=[4.4216102312260314e-07, 4.4216102312260314e-07, 2.6529661387356183e-07, 2.6529661387356183e-07, 7.074576369961649e-08, 7.074576369961649e-08]
2026-08-09 21:52:47,534 INFO epoch=2 step=3540/5625 loss=1.250388 grad_norm=9.5574 lr=[4.3880272010739034e-07, 4.3880272010739034e-07, 2.632816320644342e-07, 2.632816320644342e-07, 7.020843521718244e-08, 7.020843521718244e-08]
2026-08-09 21:52:50,055 INFO epoch=2 step=3550/5625 loss=1.366281 grad_norm=10.4930 lr=[4.3545150258894814e-07, 4.3545150258894814e-07, 2.612709015533689e-07, 2.612709015533689e-07, 6.96722404142317e-08, 6.96722404142317e-08]
2026-08-09 21:52:52,576 INFO epoch=2 step=3560/5625 loss=1.352962 grad_norm=10.9365 lr=[4.3210748642654023e-07, 4.3210748642654023e-07, 2.5926449185592414e-07, 2.5926449185592414e-07, 6.913719782824642e-08, 6.913719782824642e-08]
2026-08-09 21:52:55,099 INFO epoch=2 step=3570/5625 loss=1.601403 grad_norm=9.9228 lr=[4.287707872304628e-07, 4.287707872304628e-07, 2.572624723382777e-07, 2.572624723382777e-07, 6.860332595687403e-08, 6.860332595687403e-08]
2026-08-09 21:52:57,568 INFO epoch=2 step=3580/5625 loss=1.773078 grad_norm=10.9507 lr=[4.254415203580478e-07, 4.254415203580478e-07, 2.552649122148287e-07, 2.552649122148287e-07, 6.807064325728764e-08, 6.807064325728764e-08]
2026-08-09 21:53:00,056 INFO epoch=2 step=3590/5625 loss=1.607375 grad_norm=11.8716 lr=[4.2211980090967414e-07, 4.2211980090967414e-07, 2.5327188054580445e-07, 2.5327188054580445e-07, 6.753916814554785e-08, 6.753916814554785e-08]
2026-08-09 21:53:02,520 INFO epoch=2 step=3600/5625 loss=1.604287 grad_norm=10.5761 lr=[4.1880574372478973e-07, 4.1880574372478973e-07, 2.5128344623487384e-07, 2.5128344623487384e-07, 6.700891899596635e-08, 6.700891899596635e-08]
/data1/work/MichaelYu/miniconda3/envs/florence/lib/python3.10/site-packages/transformers/generation/configuration_utils.py:453: UserWarning: `num_beams` is set to 1. However, `early_stopping` is set to `True` -- this flag is only used in beam-based generation modes. You should set `num_beams>1` or unset `early_stopping`.
  warnings.warn(
2026-08-09 21:55:31,035 INFO dev metrics: {'samples': 128, 'empty_outputs': 0, 'average_words': 21.6171875, 'p95_words': 30, 'length_18_24_ratio': 0.4609375, 'single_sentence_ratio': 1.0, 'subject_start_ratio': 0.9921875, 'dev_loss': 1.3744770906899606, 'global_step': 3600}
2026-08-09 21:55:36,804 INFO epoch=2 step=3610/5625 loss=1.317789 grad_norm=10.3968 lr=[4.154994633779404e-07, 4.154994633779404e-07, 2.492996780267642e-07, 2.492996780267642e-07, 6.647991414047045e-08, 6.647991414047045e-08]
2026-08-09 21:55:39,276 INFO epoch=2 step=3620/5625 loss=1.444319 grad_norm=10.6042 lr=[4.122010741748086e-07, 4.122010741748086e-07, 2.473206445048852e-07, 2.473206445048852e-07, 6.595217186796937e-08, 6.595217186796937e-08]
2026-08-09 21:55:41,838 INFO epoch=2 step=3630/5625 loss=1.498621 grad_norm=13.2262 lr=[4.089106901482624e-07, 4.089106901482624e-07, 2.4534641408895744e-07, 2.4534641408895744e-07, 6.542571042372198e-08, 6.542571042372198e-08]
2026-08-09 21:55:44,365 INFO epoch=2 step=3640/5625 loss=1.549337 grad_norm=13.0332 lr=[4.056284250544115e-07, 4.056284250544115e-07, 2.433770550326469e-07, 2.433770550326469e-07, 6.490054800870584e-08, 6.490054800870584e-08]
2026-08-09 21:55:46,902 INFO epoch=2 step=3650/5625 loss=1.851111 grad_norm=10.7989 lr=[4.0235439236867654e-07, 4.0235439236867654e-07, 2.414126354212059e-07, 2.414126354212059e-07, 6.437670277898824e-08, 6.437670277898824e-08]
2026-08-09 21:55:49,388 INFO epoch=2 step=3660/5625 loss=1.358297 grad_norm=8.9765 lr=[3.9908870528186453e-07, 3.9908870528186453e-07, 2.3945322316911874e-07, 2.3945322316911874e-07, 6.385419284509832e-08, 6.385419284509832e-08]
2026-08-09 21:55:51,868 INFO epoch=2 step=3670/5625 loss=1.662932 grad_norm=19.8024 lr=[3.9583147669625634e-07, 3.9583147669625634e-07, 2.374988860177538e-07, 2.374988860177538e-07, 6.3333036271401e-08, 6.3333036271401e-08]
2026-08-09 21:55:54,349 INFO epoch=2 step=3680/5625 loss=1.429351 grad_norm=10.3706 lr=[3.925828192217028e-07, 3.925828192217028e-07, 2.3554969153302167e-07, 2.3554969153302167e-07, 6.281325107547244e-08, 6.281325107547244e-08]
2026-08-09 21:55:56,827 INFO epoch=2 step=3690/5625 loss=1.305292 grad_norm=10.5735 lr=[3.8934284517173155e-07, 3.8934284517173155e-07, 2.3360570710303891e-07, 2.3360570710303891e-07, 6.229485522747704e-08, 6.229485522747704e-08]
2026-08-09 21:55:59,282 INFO epoch=2 step=3700/5625 loss=1.321946 grad_norm=11.0883 lr=[3.8611166655966465e-07, 3.8611166655966465e-07, 2.316669999357988e-07, 2.316669999357988e-07, 6.177786664954634e-08, 6.177786664954634e-08]
2026-08-09 21:56:01,747 INFO epoch=2 step=3710/5625 loss=1.296377 grad_norm=10.1113 lr=[3.828893950947461e-07, 3.828893950947461e-07, 2.2973363705684765e-07, 2.2973363705684765e-07, 6.126230321515938e-08, 6.126230321515938e-08]
2026-08-09 21:56:04,273 INFO epoch=2 step=3720/5625 loss=1.112364 grad_norm=11.1177 lr=[3.796761421782787e-07, 3.796761421782787e-07, 2.278056853069672e-07, 2.278056853069672e-07, 6.074818274852458e-08, 6.074818274852458e-08]
2026-08-09 21:56:06,738 INFO epoch=2 step=3730/5625 loss=1.396727 grad_norm=9.6079 lr=[3.7647201889977393e-07, 3.7647201889977393e-07, 2.2588321133986433e-07, 2.2588321133986433e-07, 6.023552302396382e-08, 6.023552302396382e-08]
2026-08-09 21:56:09,201 INFO epoch=2 step=3740/5625 loss=1.389745 grad_norm=16.1687 lr=[3.732771360331106e-07, 3.732771360331106e-07, 2.2396628161986633e-07, 2.2396628161986633e-07, 5.972434176529767e-08, 5.972434176529767e-08]
2026-08-09 21:56:11,643 INFO epoch=2 step=3750/5625 loss=1.557353 grad_norm=15.2760 lr=[3.7009160403270505e-07, 3.7009160403270505e-07, 2.2205496241962301e-07, 2.2205496241962301e-07, 5.9214656645232794e-08, 5.9214656645232794e-08]
2026-08-09 21:56:14,702 INFO epoch=3 step=3760/5625 loss=1.364009 grad_norm=10.3680 lr=[3.669155330296935e-07, 3.669155330296935e-07, 2.2014931981781607e-07, 2.2014931981781607e-07, 5.870648528475095e-08, 5.870648528475095e-08]
2026-08-09 21:56:17,189 INFO epoch=3 step=3770/5625 loss=1.150634 grad_norm=10.0961 lr=[3.637490328281232e-07, 3.637490328281232e-07, 2.182494196968739e-07, 2.182494196968739e-07, 5.81998452524997e-08, 5.81998452524997e-08]
2026-08-09 21:56:19,649 INFO epoch=3 step=3780/5625 loss=1.427517 grad_norm=15.1045 lr=[3.605922129011566e-07, 3.605922129011566e-07, 2.1635532774069395e-07, 2.1635532774069395e-07, 5.769475406418505e-08, 5.769475406418505e-08]
2026-08-09 21:56:22,208 INFO epoch=3 step=3790/5625 loss=1.543090 grad_norm=9.4490 lr=[3.5744518238728766e-07, 3.5744518238728766e-07, 2.1446710943237258e-07, 2.1446710943237258e-07, 5.719122918196602e-08, 5.719122918196602e-08]
2026-08-09 21:56:24,729 INFO epoch=3 step=3800/5625 loss=1.383163 grad_norm=10.0617 lr=[3.5430805008656753e-07, 3.5430805008656753e-07, 2.1258483005194052e-07, 2.1258483005194052e-07, 5.66892880138508e-08, 5.66892880138508e-08]
/data1/work/MichaelYu/miniconda3/envs/florence/lib/python3.10/site-packages/transformers/generation/configuration_utils.py:453: UserWarning: `num_beams` is set to 1. However, `early_stopping` is set to `True` -- this flag is only used in beam-based generation modes. You should set `num_beams>1` or unset `early_stopping`.
  warnings.warn(
2026-08-09 21:57:58,165 INFO dev metrics: {'samples': 128, 'empty_outputs': 0, 'average_words': 21.640625, 'p95_words': 30, 'length_18_24_ratio': 0.4765625, 'single_sentence_ratio': 1.0, 'subject_start_ratio': 0.9921875, 'dev_loss': 1.3733638748416332, 'global_step': 3800}
2026-08-09 21:58:04,057 INFO epoch=3 step=3810/5625 loss=1.194903 grad_norm=11.2674 lr=[3.511809244568436e-07, 3.511809244568436e-07, 2.1070855467410612e-07, 2.1070855467410612e-07, 5.6188947913094967e-08, 5.6188947913094967e-08]
2026-08-09 21:58:06,570 INFO epoch=3 step=3820/5625 loss=1.409172 grad_norm=12.0494 lr=[3.4806391361000974e-07, 3.4806391361000974e-07, 2.0883834816600583e-07, 2.0883834816600583e-07, 5.569022617760155e-08, 5.569022617760155e-08]
2026-08-09 21:58:09,027 INFO epoch=3 step=3830/5625 loss=1.336832 grad_norm=10.8745 lr=[3.4495712530826783e-07, 3.4495712530826783e-07, 2.069742751849607e-07, 2.069742751849607e-07, 5.519314004932285e-08, 5.519314004932285e-08]
2026-08-09 21:58:11,480 INFO epoch=3 step=3840/5625 loss=1.329540 grad_norm=10.4141 lr=[3.418606669604044e-07, 3.418606669604044e-07, 2.051164001762426e-07, 2.051164001762426e-07, 5.4697706713664695e-08, 5.4697706713664695e-08]
2026-08-09 21:58:13,938 INFO epoch=3 step=3850/5625 loss=1.290463 grad_norm=11.2528 lr=[3.387746456180747e-07, 3.387746456180747e-07, 2.0326478737084482e-07, 2.0326478737084482e-07, 5.420394329889195e-08, 5.420394329889195e-08]
2026-08-09 21:58:16,397 INFO epoch=3 step=3860/5625 loss=1.325232 grad_norm=14.8563 lr=[3.356991679721033e-07, 3.356991679721033e-07, 2.0141950078326198e-07, 2.0141950078326198e-07, 5.371186687553653e-08, 5.371186687553653e-08]
2026-08-09 21:58:18,888 INFO epoch=3 step=3870/5625 loss=1.387434 grad_norm=9.7703 lr=[3.32634340348795e-07, 3.32634340348795e-07, 1.9958060420927697e-07, 1.9958060420927697e-07, 5.322149445580719e-08, 5.322149445580719e-08]
2026-08-09 21:58:21,345 INFO epoch=3 step=3880/5625 loss=1.383353 grad_norm=12.3319 lr=[3.2958026870625844e-07, 3.2958026870625844e-07, 1.9774816122375506e-07, 1.9774816122375506e-07, 5.273284299300135e-08, 5.273284299300135e-08]
2026-08-09 21:58:23,846 INFO epoch=3 step=3890/5625 loss=1.244258 grad_norm=10.6094 lr=[3.2653705863074396e-07, 3.2653705863074396e-07, 1.9592223517844637e-07, 1.9592223517844637e-07, 5.224592938091903e-08, 5.224592938091903e-08]
2026-08-09 21:58:26,387 INFO epoch=3 step=3900/5625 loss=1.234718 grad_norm=10.8061 lr=[3.2350481533299253e-07, 3.2350481533299253e-07, 1.941028891997955e-07, 1.941028891997955e-07, 5.17607704532788e-08, 5.17607704532788e-08]
2026-08-09 21:58:29,125 INFO epoch=3 step=3910/5625 loss=1.473085 grad_norm=10.7608 lr=[3.204836436445985e-07, 3.204836436445985e-07, 1.922901861867591e-07, 1.922901861867591e-07, 5.1277382983135756e-08, 5.1277382983135756e-08]
2026-08-09 21:58:31,702 INFO epoch=3 step=3920/5625 loss=1.696604 grad_norm=10.4027 lr=[3.174736480143852e-07, 3.174736480143852e-07, 1.9048418880863111e-07, 1.9048418880863111e-07, 5.079578368230163e-08, 5.079578368230163e-08]
2026-08-09 21:58:34,208 INFO epoch=3 step=3930/5625 loss=1.368253 grad_norm=11.4285 lr=[3.144749325047938e-07, 3.144749325047938e-07, 1.886849595028763e-07, 1.886849595028763e-07, 5.0315989200767003e-08, 5.0315989200767003e-08]
2026-08-09 21:58:36,668 INFO epoch=3 step=3940/5625 loss=1.555768 grad_norm=12.9776 lr=[3.114876007882865e-07, 3.114876007882865e-07, 1.868925604729719e-07, 1.868925604729719e-07, 4.983801612612584e-08, 4.983801612612584e-08]
2026-08-09 21:58:39,128 INFO epoch=3 step=3950/5625 loss=1.613412 grad_norm=11.9799 lr=[3.0851175614376104e-07, 3.0851175614376104e-07, 1.8510705368625662e-07, 1.8510705368625662e-07, 4.936188098300176e-08, 4.936188098300176e-08]
2026-08-09 21:58:41,589 INFO epoch=3 step=3960/5625 loss=1.266881 grad_norm=11.6739 lr=[3.0554750145298175e-07, 3.0554750145298175e-07, 1.8332850087178902e-07, 1.8332850087178902e-07, 4.888760023247707e-08, 4.888760023247707e-08]
2026-08-09 21:58:44,059 INFO epoch=3 step=3970/5625 loss=1.256934 grad_norm=10.7338 lr=[3.025949391970205e-07, 3.025949391970205e-07, 1.8155696351821228e-07, 1.8155696351821228e-07, 4.841519027152327e-08, 4.841519027152327e-08]
2026-08-09 21:58:46,516 INFO epoch=3 step=3980/5625 loss=1.553180 grad_norm=12.5820 lr=[2.996541714527157e-07, 2.996541714527157e-07, 1.797925028716294e-07, 1.797925028716294e-07, 4.7944667432434506e-08, 4.7944667432434506e-08]
2026-08-09 21:58:48,990 INFO epoch=3 step=3990/5625 loss=1.634551 grad_norm=11.0998 lr=[2.967252998891422e-07, 2.967252998891422e-07, 1.7803517993348532e-07, 1.7803517993348532e-07, 4.747604798226274e-08, 4.747604798226274e-08]
2026-08-09 21:58:51,452 INFO epoch=3 step=4000/5625 loss=1.355000 grad_norm=9.9769 lr=[2.938084257640968e-07, 2.938084257640968e-07, 1.7628505545845807e-07, 1.7628505545845807e-07, 4.700934812225548e-08, 4.700934812225548e-08]
/data1/work/MichaelYu/miniconda3/envs/florence/lib/python3.10/site-packages/transformers/generation/configuration_utils.py:453: UserWarning: `num_beams` is set to 1. However, `early_stopping` is set to `True` -- this flag is only used in beam-based generation modes. You should set `num_beams>1` or unset `early_stopping`.
  warnings.warn(
2026-08-09 22:00:25,255 INFO dev metrics: {'samples': 128, 'empty_outputs': 0, 'average_words': 21.25, 'p95_words': 30, 'length_18_24_ratio': 0.515625, 'single_sentence_ratio': 1.0, 'subject_start_ratio': 1.0, 'dev_loss': 1.370087947812434, 'global_step': 4000}
2026-08-09 22:00:31,417 INFO epoch=3 step=4010/5625 loss=1.221256 grad_norm=10.6566 lr=[2.9090364992059754e-07, 2.9090364992059754e-07, 1.745421899523585e-07, 1.745421899523585e-07, 4.65445839872956e-08, 4.65445839872956e-08]
2026-08-09 22:00:33,977 INFO epoch=3 step=4020/5625 loss=1.370266 grad_norm=9.4074 lr=[2.880110727833964e-07, 2.880110727833964e-07, 1.728066436700378e-07, 1.728066436700378e-07, 4.6081771645343416e-08, 4.6081771645343416e-08]
2026-08-09 22:00:36,429 INFO epoch=3 step=4030/5625 loss=1.286852 grad_norm=10.2353 lr=[2.8513079435550887e-07, 2.8513079435550887e-07, 1.710784766133053e-07, 1.710784766133053e-07, 4.5620927096881414e-08, 4.5620927096881414e-08]
2026-08-09 22:00:38,980 INFO epoch=3 step=4040/5625 loss=1.440854 grad_norm=9.0807 lr=[2.822629142147558e-07, 2.822629142147558e-07, 1.6935774852885348e-07, 1.6935774852885348e-07, 4.5162066274360925e-08, 4.5162066274360925e-08]
2026-08-09 22:00:41,441 INFO epoch=3 step=4050/5625 loss=1.319855 grad_norm=10.7695 lr=[2.7940753151032076e-07, 2.7940753151032076e-07, 1.6764451890619244e-07, 1.6764451890619244e-07, 4.4705205041651315e-08, 4.4705205041651315e-08]
2026-08-09 22:00:43,893 INFO epoch=3 step=4060/5625 loss=1.674704 grad_norm=11.1559 lr=[2.7656474495932224e-07, 2.7656474495932224e-07, 1.6593884697559332e-07, 1.6593884697559332e-07, 4.425035919349155e-08, 4.425035919349155e-08]
2026-08-09 22:00:46,357 INFO epoch=3 step=4070/5625 loss=1.370605 grad_norm=10.6582 lr=[2.7373465284340097e-07, 2.7373465284340097e-07, 1.6424079170604056e-07, 1.6424079170604056e-07, 4.379754445494415e-08, 4.379754445494415e-08]
2026-08-09 22:00:48,820 INFO epoch=3 step=4080/5625 loss=1.372293 grad_norm=12.6688 lr=[2.70917353005322e-07, 2.70917353005322e-07, 1.625504118031932e-07, 1.625504118031932e-07, 4.334677648085151e-08, 4.334677648085151e-08]
2026-08-09 22:00:51,338 INFO epoch=3 step=4090/5625 loss=1.415912 grad_norm=9.5069 lr=[2.6811294284559195e-07, 2.6811294284559195e-07, 1.6086776570735518e-07, 1.6086776570735518e-07, 4.289807085529471e-08, 4.289807085529471e-08]
2026-08-09 22:00:53,863 INFO epoch=3 step=4100/5625 loss=1.449349 grad_norm=17.1888 lr=[2.653215193190919e-07, 2.653215193190919e-07, 1.5919291159145516e-07, 1.5919291159145516e-07, 4.2451443091054705e-08, 4.2451443091054705e-08]
2026-08-09 22:00:56,328 INFO epoch=3 step=4110/5625 loss=1.415939 grad_norm=9.9112 lr=[2.625431789317255e-07, 2.625431789317255e-07, 1.5752590735903528e-07, 1.5752590735903528e-07, 4.200690862907607e-08, 4.200690862907607e-08]
2026-08-09 22:00:58,790 INFO epoch=3 step=4120/5625 loss=1.282485 grad_norm=9.9785 lr=[2.597780177370813e-07, 2.597780177370813e-07, 1.5586681064224876e-07, 1.5586681064224876e-07, 4.1564482837933e-08, 4.1564482837933e-08]
2026-08-09 22:01:01,254 INFO epoch=3 step=4130/5625 loss=1.348642 grad_norm=11.9891 lr=[2.570261313331141e-07, 2.570261313331141e-07, 1.5421567879986844e-07, 1.5421567879986844e-07, 4.1124181013298245e-08, 4.1124181013298245e-08]
2026-08-09 22:01:03,738 INFO epoch=3 step=4140/5625 loss=1.265295 grad_norm=11.7627 lr=[2.542876148588383e-07, 2.542876148588383e-07, 1.5257256891530298e-07, 1.5257256891530298e-07, 4.068601837741413e-08, 4.068601837741413e-08]
2026-08-09 22:01:06,200 INFO epoch=3 step=4150/5625 loss=1.348346 grad_norm=9.6092 lr=[2.5156256299103933e-07, 2.5156256299103933e-07, 1.509375377946236e-07, 1.509375377946236e-07, 4.0250010078566286e-08, 4.0250010078566286e-08]
2026-08-09 22:01:08,737 INFO epoch=3 step=4160/5625 loss=1.520923 grad_norm=10.8115 lr=[2.488510699410003e-07, 2.488510699410003e-07, 1.493106419646002e-07, 1.493106419646002e-07, 3.981617119056005e-08, 3.981617119056005e-08]
2026-08-09 22:01:11,252 INFO epoch=3 step=4170/5625 loss=1.405385 grad_norm=11.3789 lr=[2.46153229451245e-07, 2.46153229451245e-07, 1.47691937670747e-07, 1.47691937670747e-07, 3.9384516712199195e-08, 3.9384516712199195e-08]
2026-08-09 22:01:13,768 INFO epoch=3 step=4180/5625 loss=1.398510 grad_norm=12.1273 lr=[2.4346913479229676e-07, 2.4346913479229676e-07, 1.4608148087537802e-07, 1.4608148087537802e-07, 3.895506156676747e-08, 3.895506156676747e-08]
2026-08-09 22:01:16,264 INFO epoch=3 step=4190/5625 loss=1.613101 grad_norm=9.9820 lr=[2.407988787594543e-07, 2.407988787594543e-07, 1.4447932725567256e-07, 1.4447932725567256e-07, 3.852782060151268e-08, 3.852782060151268e-08]
2026-08-09 22:01:18,725 INFO epoch=3 step=4200/5625 loss=1.322412 grad_norm=11.8433 lr=[2.3814255366958337e-07, 2.3814255366958337e-07, 1.4288553220175e-07, 1.4288553220175e-07, 3.8102808587133334e-08, 3.8102808587133334e-08]
/data1/work/MichaelYu/miniconda3/envs/florence/lib/python3.10/site-packages/transformers/generation/configuration_utils.py:453: UserWarning: `num_beams` is set to 1. However, `early_stopping` is set to `True` -- this flag is only used in beam-based generation modes. You should set `num_beams>1` or unset `early_stopping`.
  warnings.warn(
2026-08-09 22:02:51,277 INFO dev metrics: {'samples': 128, 'empty_outputs': 0, 'average_words': 21.2421875, 'p95_words': 30, 'length_18_24_ratio': 0.515625, 'single_sentence_ratio': 1.0, 'subject_start_ratio': 0.9921875, 'dev_loss': 1.3681737456943939, 'global_step': 4200}
2026-08-09 22:02:56,974 INFO epoch=3 step=4210/5625 loss=1.498591 grad_norm=11.0233 lr=[2.3550025135792467e-07, 2.3550025135792467e-07, 1.4130015081475481e-07, 1.4130015081475481e-07, 3.7680040217267945e-08, 3.7680040217267945e-08]
2026-08-09 22:02:59,558 INFO epoch=3 step=4220/5625 loss=1.585679 grad_norm=11.6400 lr=[2.3287206317491986e-07, 2.3287206317491986e-07, 1.3972323790495192e-07, 1.3972323790495192e-07, 3.725953010798718e-08, 3.725953010798718e-08]
2026-08-09 22:03:02,016 INFO epoch=3 step=4230/5625 loss=1.581173 grad_norm=13.9200 lr=[2.3025807998305267e-07, 2.3025807998305267e-07, 1.381548479898316e-07, 1.381548479898316e-07, 3.684129279728842e-08, 3.684129279728842e-08]
2026-08-09 22:03:04,479 INFO epoch=3 step=4240/5625 loss=1.197036 grad_norm=8.4948 lr=[2.2765839215370769e-07, 2.2765839215370769e-07, 1.365950352922246e-07, 1.365950352922246e-07, 3.6425342744593226e-08, 3.6425342744593226e-08]
2026-08-09 22:03:06,947 INFO epoch=3 step=4250/5625 loss=1.684444 grad_norm=10.0705 lr=[2.2507308956404615e-07, 2.2507308956404615e-07, 1.3504385373842768e-07, 1.3504385373842768e-07, 3.601169433024738e-08, 3.601169433024738e-08]
2026-08-09 22:03:09,443 INFO epoch=3 step=4260/5625 loss=1.593404 grad_norm=9.9884 lr=[2.2250226159389872e-07, 2.2250226159389872e-07, 1.3350135695633923e-07, 1.3350135695633923e-07, 3.560036185502379e-08, 3.560036185502379e-08]
2026-08-09 22:03:12,000 INFO epoch=3 step=4270/5625 loss=1.522132 grad_norm=12.9262 lr=[2.1994599712267516e-07, 2.1994599712267516e-07, 1.319675982736051e-07, 1.319675982736051e-07, 3.519135953962802e-08, 3.519135953962802e-08]
2026-08-09 22:03:14,553 INFO epoch=3 step=4280/5625 loss=1.370464 grad_norm=9.3334 lr=[2.1740438452629177e-07, 2.1740438452629177e-07, 1.3044263071577506e-07, 1.3044263071577506e-07, 3.478470152420668e-08, 3.478470152420668e-08]
2026-08-09 22:03:17,196 INFO epoch=3 step=4290/5625 loss=1.510771 grad_norm=12.3466 lr=[2.14877511674116e-07, 2.14877511674116e-07, 1.289265070044696e-07, 1.289265070044696e-07, 3.4380401867858555e-08, 3.4380401867858555e-08]
2026-08-09 22:03:19,723 INFO epoch=3 step=4300/5625 loss=1.492365 grad_norm=10.0919 lr=[2.1236546592592875e-07, 2.1236546592592875e-07, 1.2741927955555723e-07, 1.2741927955555723e-07, 3.39784745481486e-08, 3.39784745481486e-08]
2026-08-09 22:03:22,206 INFO epoch=3 step=4310/5625 loss=1.306411 grad_norm=8.9087 lr=[2.0986833412890346e-07, 2.0986833412890346e-07, 1.2592100047734206e-07, 1.2592100047734206e-07, 3.3578933460624545e-08, 3.3578933460624545e-08]
2026-08-09 22:03:24,665 INFO epoch=3 step=4320/5625 loss=1.385668 grad_norm=11.1047 lr=[2.073862026146047e-07, 2.073862026146047e-07, 1.244317215687628e-07, 1.244317215687628e-07, 3.318179241833675e-08, 3.318179241833675e-08]
2026-08-09 22:03:27,137 INFO epoch=3 step=4330/5625 loss=1.406736 grad_norm=9.2748 lr=[2.0491915719600276e-07, 2.0491915719600276e-07, 1.2295149431760164e-07, 1.2295149431760164e-07, 3.278706515136044e-08, 3.278706515136044e-08]
2026-08-09 22:03:29,602 INFO epoch=3 step=4340/5625 loss=1.226580 grad_norm=12.0267 lr=[2.0246728316450682e-07, 2.0246728316450682e-07, 1.214803698987041e-07, 1.214803698987041e-07, 3.239476530632109e-08, 3.239476530632109e-08]
2026-08-09 22:03:32,070 INFO epoch=3 step=4350/5625 loss=1.300144 grad_norm=12.3003 lr=[2.000306652870171e-07, 2.000306652870171e-07, 1.2001839917221024e-07, 1.2001839917221024e-07, 3.200490644592273e-08, 3.200490644592273e-08]
2026-08-09 22:03:34,529 INFO epoch=3 step=4360/5625 loss=1.399885 grad_norm=10.6872 lr=[1.9760938780299235e-07, 1.9760938780299235e-07, 1.1856563268179541e-07, 1.1856563268179541e-07, 3.161750204847877e-08, 3.161750204847877e-08]
2026-08-09 22:03:37,047 INFO epoch=3 step=4370/5625 loss=1.309313 grad_norm=16.1954 lr=[1.9520353442154038e-07, 1.9520353442154038e-07, 1.1712212065292422e-07, 1.1712212065292422e-07, 3.1232565507446457e-08, 3.1232565507446457e-08]
2026-08-09 22:03:39,509 INFO epoch=3 step=4380/5625 loss=1.392669 grad_norm=9.1842 lr=[1.9281318831852143e-07, 1.9281318831852143e-07, 1.1568791299111285e-07, 1.1568791299111285e-07, 3.085011013096343e-08, 3.085011013096343e-08]
2026-08-09 22:03:41,985 INFO epoch=3 step=4390/5625 loss=1.397649 grad_norm=7.9950 lr=[1.9043843213367406e-07, 1.9043843213367406e-07, 1.1426305928020443e-07, 1.1426305928020443e-07, 3.0470149141387843e-08, 3.0470149141387843e-08]
2026-08-09 22:03:44,457 INFO epoch=3 step=4400/5625 loss=1.409086 grad_norm=10.4358 lr=[1.880793479677572e-07, 1.880793479677572e-07, 1.1284760878065432e-07, 1.1284760878065432e-07, 3.009269567484115e-08, 3.009269567484115e-08]
/data1/work/MichaelYu/miniconda3/envs/florence/lib/python3.10/site-packages/transformers/generation/configuration_utils.py:453: UserWarning: `num_beams` is set to 1. However, `early_stopping` is set to `True` -- this flag is only used in beam-based generation modes. You should set `num_beams>1` or unset `early_stopping`.
  warnings.warn(
2026-08-09 22:05:20,637 INFO dev metrics: {'samples': 128, 'empty_outputs': 0, 'average_words': 21.4453125, 'p95_words': 30, 'length_18_24_ratio': 0.484375, 'single_sentence_ratio': 1.0, 'subject_start_ratio': 0.9921875, 'dev_loss': 1.3678306878616955, 'global_step': 4400}
2026-08-09 22:05:26,397 INFO epoch=3 step=4410/5625 loss=1.367236 grad_norm=12.5915 lr=[1.8573601737971272e-07, 1.8573601737971272e-07, 1.1144161042782762e-07, 1.1144161042782762e-07, 2.971776278075403e-08, 2.971776278075403e-08]
2026-08-09 22:05:28,858 INFO epoch=3 step=4420/5625 loss=1.349144 grad_norm=11.7473 lr=[1.8340852138384485e-07, 1.8340852138384485e-07, 1.1004511283030689e-07, 1.1004511283030689e-07, 2.934536342141517e-08, 2.934536342141517e-08]
2026-08-09 22:05:31,334 INFO epoch=3 step=4430/5625 loss=1.273114 grad_norm=11.5014 lr=[1.8109694044701983e-07, 1.8109694044701983e-07, 1.0865816426821189e-07, 1.0865816426821189e-07, 2.8975510471523168e-08, 2.8975510471523168e-08]
2026-08-09 22:05:33,787 INFO epoch=3 step=4440/5625 loss=1.704140 grad_norm=9.5790 lr=[1.7880135448588428e-07, 1.7880135448588428e-07, 1.0728081269153055e-07, 1.0728081269153055e-07, 2.860821671774148e-08, 2.860821671774148e-08]
2026-08-09 22:05:36,281 INFO epoch=3 step=4450/5625 loss=1.474865 grad_norm=15.1656 lr=[1.765218428641009e-07, 1.765218428641009e-07, 1.0591310571846053e-07, 1.0591310571846053e-07, 2.824349485825614e-08, 2.824349485825614e-08]
2026-08-09 22:05:38,783 INFO epoch=3 step=4460/5625 loss=1.683773 grad_norm=10.5704 lr=[1.7425848438960663e-07, 1.7425848438960663e-07, 1.0455509063376397e-07, 1.0455509063376397e-07, 2.7881357502337056e-08, 2.7881357502337056e-08]
2026-08-09 22:05:41,308 INFO epoch=3 step=4470/5625 loss=1.634813 grad_norm=11.6838 lr=[1.7201135731188665e-07, 1.7201135731188665e-07, 1.03206814387132e-07, 1.03206814387132e-07, 2.7521817169901863e-08, 2.7521817169901863e-08]
2026-08-09 22:05:43,782 INFO epoch=3 step=4480/5625 loss=1.404538 grad_norm=10.1209 lr=[1.697805393192696e-07, 1.697805393192696e-07, 1.0186832359156175e-07, 1.0186832359156175e-07, 2.7164886291083133e-08, 2.7164886291083133e-08]
2026-08-09 22:05:46,255 INFO epoch=3 step=4490/5625 loss=1.303483 grad_norm=8.0642 lr=[1.6756610753624218e-07, 1.6756610753624218e-07, 1.0053966452174531e-07, 1.0053966452174531e-07, 2.6810577205798746e-08, 2.6810577205798746e-08]
2026-08-09 22:05:48,730 INFO epoch=3 step=4500/5625 loss=1.398784 grad_norm=9.9916 lr=[1.6536813852078156e-07, 1.6536813852078156e-07, 9.922088311246894e-08, 9.922088311246894e-08, 2.645890216332505e-08, 2.645890216332505e-08]
2026-08-09 22:05:51,201 INFO epoch=3 step=4510/5625 loss=1.608236 grad_norm=10.3977 lr=[1.6318670826170975e-07, 1.6318670826170975e-07, 9.791202495702583e-08, 9.791202495702583e-08, 2.6109873321873555e-08, 2.6109873321873555e-08]
2026-08-09 22:05:53,670 INFO epoch=3 step=4520/5625 loss=1.397640 grad_norm=9.4016 lr=[1.6102189217606597e-07, 1.6102189217606597e-07, 9.661313530563958e-08, 9.661313530563958e-08, 2.5763502748170552e-08, 2.5763502748170552e-08]
2026-08-09 22:05:56,224 INFO epoch=3 step=4530/5625 loss=1.453014 grad_norm=9.2379 lr=[1.588737651064997e-07, 1.588737651064997e-07, 9.532425906389981e-08, 9.532425906389981e-08, 2.541980241703995e-08, 2.541980241703995e-08]
2026-08-09 22:05:58,735 INFO epoch=3 step=4540/5625 loss=1.567375 grad_norm=9.8836 lr=[1.567424013186826e-07, 1.567424013186826e-07, 9.404544079120956e-08, 9.404544079120956e-08, 2.5078784210989213e-08, 2.5078784210989213e-08]
2026-08-09 22:06:01,258 INFO epoch=3 step=4550/5625 loss=1.483064 grad_norm=11.0740 lr=[1.546278744987412e-07, 1.546278744987412e-07, 9.277672469924472e-08, 9.277672469924472e-08, 2.474045991979859e-08, 2.474045991979859e-08]
2026-08-09 22:06:03,736 INFO epoch=3 step=4560/5625 loss=1.337657 grad_norm=10.7268 lr=[1.525302577507098e-07, 1.525302577507098e-07, 9.151815465042587e-08, 9.151815465042587e-08, 2.4404841240113563e-08, 2.4404841240113563e-08]
2026-08-09 22:06:06,198 INFO epoch=3 step=4570/5625 loss=1.361581 grad_norm=10.8991 lr=[1.5044962359400272e-07, 1.5044962359400272e-07, 9.026977415640162e-08, 9.026977415640162e-08, 2.407193977504043e-08, 2.407193977504043e-08]
2026-08-09 22:06:08,669 INFO epoch=3 step=4580/5625 loss=1.622524 grad_norm=16.0177 lr=[1.4838604396090706e-07, 1.4838604396090706e-07, 8.903162637654424e-08, 8.903162637654424e-08, 2.3741767033745128e-08, 2.3741767033745128e-08]
2026-08-09 22:06:11,251 INFO epoch=3 step=4590/5625 loss=1.431300 grad_norm=12.2355 lr=[1.463395901940962e-07, 1.463395901940962e-07, 8.780375411645772e-08, 8.780375411645772e-08, 2.341433443105539e-08, 2.341433443105539e-08]
2026-08-09 22:06:13,716 INFO epoch=3 step=4600/5625 loss=1.354966 grad_norm=10.0260 lr=[1.4431033304416294e-07, 1.4431033304416294e-07, 8.658619982649776e-08, 8.658619982649776e-08, 2.3089653287066066e-08, 2.3089653287066066e-08]
/data1/work/MichaelYu/miniconda3/envs/florence/lib/python3.10/site-packages/transformers/generation/configuration_utils.py:453: UserWarning: `num_beams` is set to 1. However, `early_stopping` is set to `True` -- this flag is only used in beam-based generation modes. You should set `num_beams>1` or unset `early_stopping`.
  warnings.warn(
2026-08-09 22:07:55,557 INFO dev metrics: {'samples': 128, 'empty_outputs': 0, 'average_words': 21.4765625, 'p95_words': 30, 'length_18_24_ratio': 0.5, 'single_sentence_ratio': 1.0, 'subject_start_ratio': 1.0, 'dev_loss': 1.3666417284460681, 'global_step': 4600}
2026-08-09 22:08:01,735 INFO epoch=3 step=4610/5625 loss=1.654656 grad_norm=11.5453 lr=[1.4229834266717364e-07, 1.4229834266717364e-07, 8.537900560030418e-08, 8.537900560030418e-08, 2.2767734826747782e-08, 2.2767734826747782e-08]
2026-08-09 22:08:04,264 INFO epoch=3 step=4620/5625 loss=1.663020 grad_norm=11.4809 lr=[1.4030368862224302e-07, 1.4030368862224302e-07, 8.418221317334582e-08, 8.418221317334582e-08, 2.244859017955888e-08, 2.244859017955888e-08]
2026-08-09 22:08:06,754 INFO epoch=3 step=4630/5625 loss=1.571118 grad_norm=14.7485 lr=[1.3832643986912896e-07, 1.3832643986912896e-07, 8.299586392147737e-08, 8.299586392147737e-08, 2.2132230379060627e-08, 2.2132230379060627e-08]
2026-08-09 22:08:09,220 INFO epoch=3 step=4640/5625 loss=1.472583 grad_norm=8.8909 lr=[1.363666647658482e-07, 1.363666647658482e-07, 8.18199988595089e-08, 8.18199988595089e-08, 2.1818666362535707e-08, 2.1818666362535707e-08]
2026-08-09 22:08:11,678 INFO epoch=3 step=4650/5625 loss=1.582952 grad_norm=10.2326 lr=[1.3442443106631399e-07, 1.3442443106631399e-07, 8.06546586397884e-08, 8.06546586397884e-08, 2.1507908970610237e-08, 2.1507908970610237e-08]
2026-08-09 22:08:14,148 INFO epoch=3 step=4660/5625 loss=1.135428 grad_norm=13.5955 lr=[1.3249980591799267e-07, 1.3249980591799267e-07, 7.949988355079559e-08, 7.949988355079559e-08, 2.1199968946878823e-08, 2.1199968946878823e-08]
2026-08-09 22:08:16,627 INFO epoch=3 step=4670/5625 loss=1.473708 grad_norm=9.6172 lr=[1.3059285585958284e-07, 1.3059285585958284e-07, 7.83557135157497e-08, 7.83557135157497e-08, 2.089485693753325e-08, 2.089485693753325e-08]
2026-08-09 22:08:19,099 INFO epoch=3 step=4680/5625 loss=1.616655 grad_norm=11.1472 lr=[1.2870364681871468e-07, 1.2870364681871468e-07, 7.72221880912288e-08, 7.72221880912288e-08, 2.0592583490994348e-08, 2.0592583490994348e-08]
2026-08-09 22:08:21,568 INFO epoch=3 step=4690/5625 loss=1.330786 grad_norm=10.4136 lr=[1.268322441096709e-07, 1.268322441096709e-07, 7.609934646580254e-08, 7.609934646580254e-08, 2.0293159057547342e-08, 2.0293159057547342e-08]
2026-08-09 22:08:24,049 INFO epoch=3 step=4700/5625 loss=1.471876 grad_norm=12.7682 lr=[1.2497871243112835e-07, 1.2497871243112835e-07, 7.4987227458677e-08, 7.4987227458677e-08, 1.999659398898053e-08, 1.999659398898053e-08]
2026-08-09 22:08:26,534 INFO epoch=3 step=4710/5625 loss=1.482234 grad_norm=9.6668 lr=[1.2314311586392146e-07, 1.2314311586392146e-07, 7.388586951835287e-08, 7.388586951835287e-08, 1.970289853822743e-08, 1.970289853822743e-08]
2026-08-09 22:08:28,997 INFO epoch=3 step=4720/5625 loss=1.442984 grad_norm=13.3048 lr=[1.2132551786882698e-07, 1.2132551786882698e-07, 7.279531072129618e-08, 7.279531072129618e-08, 1.9412082859012318e-08, 1.9412082859012318e-08]
2026-08-09 22:08:31,477 INFO epoch=3 step=4730/5625 loss=1.263039 grad_norm=9.8865 lr=[1.1952598128436978e-07, 1.1952598128436978e-07, 7.171558877062187e-08, 7.171558877062187e-08, 1.9124157005499163e-08, 1.9124157005499163e-08]
2026-08-09 22:08:34,004 INFO epoch=3 step=4740/5625 loss=1.306139 grad_norm=9.8379 lr=[1.1774456832465003e-07, 1.1774456832465003e-07, 7.064674099479002e-08, 7.064674099479002e-08, 1.8839130931944003e-08, 1.8839130931944003e-08]
2026-08-09 22:08:36,489 INFO epoch=3 step=4750/5625 loss=1.183594 grad_norm=11.3947 lr=[1.1598134057719315e-07, 1.1598134057719315e-07, 6.958880434631588e-08, 6.958880434631588e-08, 1.85570144923509e-08, 1.85570144923509e-08]
2026-08-09 22:08:39,040 INFO epoch=3 step=4760/5625 loss=1.380149 grad_norm=11.2952 lr=[1.1423635900081978e-07, 1.1423635900081978e-07, 6.854181540049186e-08, 6.854181540049186e-08, 1.8277817440131162e-08, 1.8277817440131162e-08]
2026-08-09 22:08:41,672 INFO epoch=3 step=4770/5625 loss=1.331617 grad_norm=9.7532 lr=[1.1250968392353918e-07, 1.1250968392353918e-07, 6.75058103541235e-08, 6.75058103541235e-08, 1.8001549427766266e-08, 1.8001549427766266e-08]
2026-08-09 22:08:44,212 INFO epoch=3 step=4780/5625 loss=1.347749 grad_norm=10.1528 lr=[1.1080137504046214e-07, 1.1080137504046214e-07, 6.648082502427729e-08, 6.648082502427729e-08, 1.772822000647394e-08, 1.772822000647394e-08]
2026-08-09 22:08:46,807 INFO epoch=3 step=4790/5625 loss=1.226331 grad_norm=12.6351 lr=[1.0911149141173897e-07, 1.0911149141173897e-07, 6.546689484704338e-08, 6.546689484704338e-08, 1.745783862587823e-08, 1.745783862587823e-08]
2026-08-09 22:08:49,277 INFO epoch=3 step=4800/5625 loss=1.318229 grad_norm=8.7008 lr=[1.0744009146051618e-07, 1.0744009146051618e-07, 6.446405487630971e-08, 6.446405487630971e-08, 1.7190414633682586e-08, 1.7190414633682586e-08]
/data1/work/MichaelYu/miniconda3/envs/florence/lib/python3.10/site-packages/transformers/generation/configuration_utils.py:453: UserWarning: `num_beams` is set to 1. However, `early_stopping` is set to `True` -- this flag is only used in beam-based generation modes. You should set `num_beams>1` or unset `early_stopping`.
  warnings.warn(
2026-08-09 22:10:25,436 INFO dev metrics: {'samples': 128, 'empty_outputs': 0, 'average_words': 21.3515625, 'p95_words': 30, 'length_18_24_ratio': 0.484375, 'single_sentence_ratio': 1.0, 'subject_start_ratio': 0.9921875, 'dev_loss': 1.365980323708641, 'global_step': 4800}
2026-08-09 22:10:31,147 INFO epoch=3 step=4810/5625 loss=1.781313 grad_norm=15.5914 lr=[1.0578723297091746e-07, 1.0578723297091746e-07, 6.347233978255047e-08, 6.347233978255047e-08, 1.6925957275346792e-08, 1.6925957275346792e-08]
2026-08-09 22:10:33,605 INFO epoch=3 step=4820/5625 loss=1.463556 grad_norm=11.1621 lr=[1.0415297308604579e-07, 1.0415297308604579e-07, 6.249178385162747e-08, 6.249178385162747e-08, 1.6664475693767324e-08, 1.6664475693767324e-08]
2026-08-09 22:10:36,116 INFO epoch=3 step=4830/5625 loss=1.425716 grad_norm=10.7361 lr=[1.0253736830600727e-07, 1.0253736830600727e-07, 6.152242098360436e-08, 6.152242098360436e-08, 1.640597892896116e-08, 1.640597892896116e-08]
2026-08-09 22:10:38,609 INFO epoch=3 step=4840/5625 loss=1.535221 grad_norm=10.6807 lr=[1.0094047448595899e-07, 1.0094047448595899e-07, 6.056428469157539e-08, 6.056428469157539e-08, 1.6150475917753437e-08, 1.6150475917753437e-08]
2026-08-09 22:10:41,176 INFO epoch=3 step=4850/5625 loss=1.343155 grad_norm=10.3588 lr=[9.936234683417686e-08, 9.936234683417686e-08, 5.961740810050612e-08, 5.961740810050612e-08, 1.5897975493468296e-08, 1.5897975493468296e-08]
2026-08-09 22:10:43,702 INFO epoch=3 step=4860/5625 loss=1.317209 grad_norm=10.7834 lr=[9.780303991014758e-08, 9.780303991014758e-08, 5.868182394608854e-08, 5.868182394608854e-08, 1.564848638562361e-08, 1.564848638562361e-08]
2026-08-09 22:10:46,229 INFO epoch=3 step=4870/5625 loss=1.428373 grad_norm=11.2988 lr=[9.626260762268224e-08, 9.626260762268224e-08, 5.775756457360934e-08, 5.775756457360934e-08, 1.5402017219629158e-08, 1.5402017219629158e-08]
2026-08-09 22:10:48,699 INFO epoch=3 step=4880/5625 loss=1.309668 grad_norm=11.0687 lr=[9.474110322805226e-08, 9.474110322805226e-08, 5.684466193683135e-08, 5.684466193683135e-08, 1.515857651648836e-08, 1.515857651648836e-08]
2026-08-09 22:10:51,173 INFO epoch=3 step=4890/5625 loss=1.451421 grad_norm=13.0703 lr=[9.323857932814852e-08, 9.323857932814852e-08, 5.594314759688911e-08, 5.594314759688911e-08, 1.491817269250376e-08, 1.491817269250376e-08]
2026-08-09 22:10:53,655 INFO epoch=3 step=4900/5625 loss=1.324027 grad_norm=10.9731 lr=[9.175508786866315e-08, 9.175508786866315e-08, 5.5053052721197885e-08, 5.5053052721197885e-08, 1.4680814058986102e-08, 1.4680814058986102e-08]
2026-08-09 22:10:56,121 INFO epoch=3 step=4910/5625 loss=1.397342 grad_norm=17.0520 lr=[9.02906801372928e-08, 9.02906801372928e-08, 5.417440808237568e-08, 5.417440808237568e-08, 1.4446508821966846e-08, 1.4446508821966846e-08]
2026-08-09 22:10:58,584 INFO epoch=3 step=4920/5625 loss=1.528149 grad_norm=12.7655 lr=[8.884540676196617e-08, 8.884540676196617e-08, 5.3307244057179694e-08, 5.3307244057179694e-08, 1.4215265081914585e-08, 1.4215265081914585e-08]
2026-08-09 22:11:01,101 INFO epoch=3 step=4930/5625 loss=1.351043 grad_norm=11.6923 lr=[8.741931770909307e-08, 8.741931770909307e-08, 5.245159062545584e-08, 5.245159062545584e-08, 1.398709083345489e-08, 1.398709083345489e-08]
2026-08-09 22:11:03,573 INFO epoch=3 step=4940/5625 loss=1.354562 grad_norm=14.3047 lr=[8.601246228183781e-08, 8.601246228183781e-08, 5.1607477369102683e-08, 5.1607477369102683e-08, 1.376199396509405e-08, 1.376199396509405e-08]
2026-08-09 22:11:06,041 INFO epoch=3 step=4950/5625 loss=1.430736 grad_norm=11.2616 lr=[8.462488911841405e-08, 8.462488911841405e-08, 5.0774933471048434e-08, 5.0774933471048434e-08, 1.3539982258946247e-08, 1.3539982258946247e-08]
2026-08-09 22:11:08,495 INFO epoch=3 step=4960/5625 loss=1.217640 grad_norm=10.3740 lr=[8.325664619040348e-08, 8.325664619040348e-08, 4.995398771424208e-08, 4.995398771424208e-08, 1.3321063390464554e-08, 1.3321063390464554e-08]
2026-08-09 22:11:11,047 INFO epoch=3 step=4970/5625 loss=1.399744 grad_norm=13.9443 lr=[8.190778080109703e-08, 8.190778080109703e-08, 4.914466848065822e-08, 4.914466848065822e-08, 1.3105244928175524e-08, 1.3105244928175524e-08]
2026-08-09 22:11:13,582 INFO epoch=3 step=4980/5625 loss=1.359450 grad_norm=11.5884 lr=[8.057833958386011e-08, 8.057833958386011e-08, 4.834700375031606e-08, 4.834700375031606e-08, 1.2892534333417616e-08, 1.2892534333417616e-08]
2026-08-09 22:11:16,040 INFO epoch=3 step=4990/5625 loss=1.476325 grad_norm=19.1186 lr=[7.926836850051985e-08, 7.926836850051985e-08, 4.75610211003119e-08, 4.75610211003119e-08, 1.2682938960083173e-08, 1.2682938960083173e-08]
2026-08-09 22:11:18,503 INFO epoch=3 step=5000/5625 loss=1.631806 grad_norm=9.6630 lr=[7.797791283977617e-08, 7.797791283977617e-08, 4.67867477038657e-08, 4.67867477038657e-08, 1.2476466054364186e-08, 1.2476466054364186e-08]
/data1/work/MichaelYu/miniconda3/envs/florence/lib/python3.10/site-packages/transformers/generation/configuration_utils.py:453: UserWarning: `num_beams` is set to 1. However, `early_stopping` is set to `True` -- this flag is only used in beam-based generation modes. You should set `num_beams>1` or unset `early_stopping`.
  warnings.warn(
2026-08-09 22:12:54,405 INFO dev metrics: {'samples': 128, 'empty_outputs': 0, 'average_words': 21.2578125, 'p95_words': 30, 'length_18_24_ratio': 0.5078125, 'single_sentence_ratio': 1.0, 'subject_start_ratio': 0.9921875, 'dev_loss': 1.3654483081223776, 'global_step': 5000}
2026-08-09 22:13:00,068 INFO epoch=3 step=5010/5625 loss=1.628329 grad_norm=9.9283 lr=[7.670701721563636e-08, 7.670701721563636e-08, 4.6024210329381814e-08, 4.6024210329381814e-08, 1.2273122754501817e-08, 1.2273122754501817e-08]
2026-08-09 22:13:02,527 INFO epoch=3 step=5020/5625 loss=1.389750 grad_norm=10.6007 lr=[7.545572556587232e-08, 7.545572556587232e-08, 4.527343533952339e-08, 4.527343533952339e-08, 1.207291609053957e-08, 1.207291609053957e-08]
2026-08-09 22:13:04,995 INFO epoch=3 step=5030/5625 loss=1.562799 grad_norm=13.9928 lr=[7.422408115050175e-08, 7.422408115050175e-08, 4.4534448690301045e-08, 4.4534448690301045e-08, 1.1875852984080278e-08, 1.1875852984080278e-08]
2026-08-09 22:13:07,453 INFO epoch=3 step=5040/5625 loss=1.386330 grad_norm=10.5716 lr=[7.301212655029228e-08, 7.301212655029228e-08, 4.380727593017536e-08, 4.380727593017536e-08, 1.1681940248046762e-08, 1.1681940248046762e-08]
2026-08-09 22:13:09,947 INFO epoch=3 step=5050/5625 loss=1.271255 grad_norm=9.4714 lr=[7.181990366528977e-08, 7.181990366528977e-08, 4.309194219917386e-08, 4.309194219917386e-08, 1.1491184586446362e-08, 1.1491184586446362e-08]
2026-08-09 22:13:12,398 INFO epoch=3 step=5060/5625 loss=1.362334 grad_norm=10.8689 lr=[7.064745371336947e-08, 7.064745371336947e-08, 4.238847222802168e-08, 4.238847222802168e-08, 1.1303592594139113e-08, 1.1303592594139113e-08]
2026-08-09 22:13:14,871 INFO epoch=3 step=5070/5625 loss=1.651578 grad_norm=12.5866 lr=[6.949481722881074e-08, 6.949481722881074e-08, 4.169689033728644e-08, 4.169689033728644e-08, 1.1119170756609717e-08, 1.1119170756609717e-08]
2026-08-09 22:13:17,347 INFO epoch=3 step=5080/5625 loss=1.201592 grad_norm=10.4735 lr=[6.83620340608965e-08, 6.83620340608965e-08, 4.101722043653789e-08, 4.101722043653789e-08, 1.0937925449743437e-08, 1.0937925449743437e-08]
2026-08-09 22:13:19,821 INFO epoch=3 step=5090/5625 loss=1.268405 grad_norm=10.1140 lr=[6.724914337253467e-08, 6.724914337253467e-08, 4.03494860235208e-08, 4.03494860235208e-08, 1.0759862939605544e-08, 1.0759862939605544e-08]
2026-08-09 22:13:22,388 INFO epoch=3 step=5100/5625 loss=1.488069 grad_norm=9.8054 lr=[6.615618363890471e-08, 6.615618363890471e-08, 3.969371018334282e-08, 3.969371018334282e-08, 1.0584989382224752e-08, 1.0584989382224752e-08]
2026-08-09 22:13:25,087 INFO epoch=3 step=5110/5625 loss=1.464298 grad_norm=9.8067 lr=[6.508319264612751e-08, 6.508319264612751e-08, 3.9049915587676506e-08, 3.9049915587676506e-08, 1.04133108233804e-08, 1.04133108233804e-08]
2026-08-09 22:13:27,619 INFO epoch=3 step=5120/5625 loss=1.349572 grad_norm=11.5885 lr=[6.403020748995858e-08, 6.403020748995858e-08, 3.841812449397514e-08, 3.841812449397514e-08, 1.0244833198393372e-08, 1.0244833198393372e-08]
2026-08-09 22:13:30,166 INFO epoch=3 step=5130/5625 loss=1.528111 grad_norm=11.5450 lr=[6.299726457450608e-08, 6.299726457450608e-08, 3.7798358744703645e-08, 3.7798358744703645e-08, 1.007956233192097e-08, 1.007956233192097e-08]
2026-08-09 22:13:32,630 INFO epoch=3 step=5140/5625 loss=1.497771 grad_norm=10.8210 lr=[6.19843996109718e-08, 6.19843996109718e-08, 3.7190639766583074e-08, 3.7190639766583074e-08, 9.917503937755487e-09, 9.917503937755487e-09]
2026-08-09 22:13:35,105 INFO epoch=3 step=5150/5625 loss=1.312056 grad_norm=10.2066 lr=[6.099164761641695e-08, 6.099164761641695e-08, 3.6594988569850164e-08, 3.6594988569850164e-08, 9.75866361862671e-09, 9.75866361862671e-09]
2026-08-09 22:13:37,568 INFO epoch=3 step=5160/5625 loss=1.363029 grad_norm=10.2115 lr=[6.001904291255122e-08, 6.001904291255122e-08, 3.601142574753073e-08, 3.601142574753073e-08, 9.603046866008194e-09, 9.603046866008194e-09]
2026-08-09 22:13:40,040 INFO epoch=3 step=5170/5625 loss=1.369782 grad_norm=10.6612 lr=[5.9066619124546404e-08, 5.9066619124546404e-08, 3.543997147472784e-08, 3.543997147472784e-08, 9.450659059927424e-09, 9.450659059927424e-09]
2026-08-09 22:13:42,508 INFO epoch=3 step=5180/5625 loss=1.251757 grad_norm=7.5850 lr=[5.813440917987379e-08, 5.813440917987379e-08, 3.488064550792427e-08, 3.488064550792427e-08, 9.301505468779806e-09, 9.301505468779806e-09]
2026-08-09 22:13:45,000 INFO epoch=3 step=5190/5625 loss=1.511768 grad_norm=10.5356 lr=[5.72224453071658e-08, 5.72224453071658e-08, 3.433346718429948e-08, 3.433346718429948e-08, 9.155591249146527e-09, 9.155591249146527e-09]
2026-08-09 22:13:47,465 INFO epoch=3 step=5200/5625 loss=1.382379 grad_norm=9.7446 lr=[5.6330759035101776e-08, 5.6330759035101776e-08, 3.379845542106106e-08, 3.379845542106106e-08, 9.012921445616282e-09, 9.012921445616282e-09]
/data1/work/MichaelYu/miniconda3/envs/florence/lib/python3.10/site-packages/transformers/generation/configuration_utils.py:453: UserWarning: `num_beams` is set to 1. However, `early_stopping` is set to `True` -- this flag is only used in beam-based generation modes. You should set `num_beams>1` or unset `early_stopping`.
  warnings.warn(
2026-08-09 22:15:29,844 INFO dev metrics: {'samples': 128, 'empty_outputs': 0, 'average_words': 21.3359375, 'p95_words': 30, 'length_18_24_ratio': 0.515625, 'single_sentence_ratio': 1.0, 'subject_start_ratio': 0.9921875, 'dev_loss': 1.3652692720643482, 'global_step': 5200}
2026-08-09 22:15:35,799 INFO epoch=3 step=5210/5625 loss=1.318920 grad_norm=10.5132 lr=[5.545938119131804e-08, 5.545938119131804e-08, 3.327562871479082e-08, 3.327562871479082e-08, 8.873500990610885e-09, 8.873500990610885e-09]
2026-08-09 22:15:38,285 INFO epoch=3 step=5220/5625 loss=1.329252 grad_norm=11.6470 lr=[5.4608341901341975e-08, 5.4608341901341975e-08, 3.276500514080518e-08, 3.276500514080518e-08, 8.737334704214715e-09, 8.737334704214715e-09]
2026-08-09 22:15:40,773 INFO epoch=3 step=5230/5625 loss=1.680819 grad_norm=9.8483 lr=[5.3777670587550665e-08, 5.3777670587550665e-08, 3.22666023525304e-08, 3.22666023525304e-08, 8.604427294008105e-09, 8.604427294008105e-09]
2026-08-09 22:15:43,410 INFO epoch=3 step=5240/5625 loss=1.092340 grad_norm=9.2043 lr=[5.296739596815352e-08, 5.296739596815352e-08, 3.178043758089211e-08, 3.178043758089211e-08, 8.474783354904562e-09, 8.474783354904562e-09]
2026-08-09 22:15:45,959 INFO epoch=3 step=5250/5625 loss=1.353745 grad_norm=9.2293 lr=[5.217754605619967e-08, 5.217754605619967e-08, 3.13065276337198e-08, 3.13065276337198e-08, 8.348407368991946e-09, 8.348407368991946e-09]
2026-08-09 22:15:48,493 INFO epoch=3 step=5260/5625 loss=1.504194 grad_norm=22.5871 lr=[5.1408148158609e-08, 5.1408148158609e-08, 3.0844888895165396e-08, 3.0844888895165396e-08, 8.225303705377438e-09, 8.225303705377438e-09]
2026-08-09 22:15:50,979 INFO epoch=3 step=5270/5625 loss=1.421647 grad_norm=14.2328 lr=[5.0659228875228825e-08, 5.0659228875228825e-08, 3.0395537325137294e-08, 3.0395537325137294e-08, 8.105476620036611e-09, 8.105476620036611e-09]
2026-08-09 22:15:53,462 INFO epoch=3 step=5280/5625 loss=1.769052 grad_norm=10.3192 lr=[4.993081409791373e-08, 4.993081409791373e-08, 2.995848845874824e-08, 2.995848845874824e-08, 7.988930255666195e-09, 7.988930255666195e-09]
2026-08-09 22:15:55,930 INFO epoch=3 step=5290/5625 loss=1.346358 grad_norm=11.8106 lr=[4.922292900963051e-08, 4.922292900963051e-08, 2.9533757405778304e-08, 2.9533757405778304e-08, 7.87566864154088e-09, 7.87566864154088e-09]
2026-08-09 22:15:58,404 INFO epoch=3 step=5300/5625 loss=1.313241 grad_norm=11.0557 lr=[4.853559808358762e-08, 4.853559808358762e-08, 2.9121358850152574e-08, 2.9121358850152574e-08, 7.765695693374019e-09, 7.765695693374019e-09]
2026-08-09 22:16:00,863 INFO epoch=3 step=5310/5625 loss=1.223682 grad_norm=12.5772 lr=[4.786884508238903e-08, 4.786884508238903e-08, 2.872130704943342e-08, 2.872130704943342e-08, 7.659015213182244e-09, 7.659015213182244e-09]
2026-08-09 22:16:03,334 INFO epoch=3 step=5320/5625 loss=1.421610 grad_norm=12.8351 lr=[4.7222693057212864e-08, 4.7222693057212864e-08, 2.8333615834327718e-08, 2.8333615834327718e-08, 7.555630889154057e-09, 7.555630889154057e-09]
2026-08-09 22:16:05,799 INFO epoch=3 step=5330/5625 loss=1.208303 grad_norm=11.2299 lr=[4.6597164347014195e-08, 4.6597164347014195e-08, 2.7958298608208517e-08, 2.7958298608208517e-08, 7.455546295522271e-09, 7.455546295522271e-09]
2026-08-09 22:16:08,340 INFO epoch=3 step=5340/5625 loss=1.124099 grad_norm=9.6103 lr=[4.5992280577753036e-08, 4.5992280577753036e-08, 2.759536834665182e-08, 2.759536834665182e-08, 7.358764892440484e-09, 7.358764892440484e-09]
2026-08-09 22:16:10,857 INFO epoch=3 step=5350/5625 loss=1.360698 grad_norm=12.0507 lr=[4.540806266164625e-08, 4.540806266164625e-08, 2.724483759698775e-08, 2.724483759698775e-08, 7.265290025863399e-09, 7.265290025863399e-09]
2026-08-09 22:16:13,400 INFO epoch=3 step=5360/5625 loss=1.587061 grad_norm=9.6874 lr=[4.4844530796445054e-08, 4.4844530796445054e-08, 2.6906718477867028e-08, 2.6906718477867028e-08, 7.175124927431207e-09, 7.175124927431207e-09]
2026-08-09 22:16:15,877 INFO epoch=3 step=5370/5625 loss=1.624305 grad_norm=9.9993 lr=[4.4301704464736406e-08, 4.4301704464736406e-08, 2.658102267884184e-08, 2.658102267884184e-08, 7.0882727143578235e-09, 7.0882727143578235e-09]
2026-08-09 22:16:18,361 INFO epoch=3 step=5380/5625 loss=1.395364 grad_norm=10.8387 lr=[4.377960243326971e-08, 4.377960243326971e-08, 2.6267761459961824e-08, 2.6267761459961824e-08, 7.004736389323153e-09, 7.004736389323153e-09]
2026-08-09 22:16:20,850 INFO epoch=3 step=5390/5625 loss=1.243286 grad_norm=9.9879 lr=[4.327824275230765e-08, 4.327824275230765e-08, 2.5966945651384588e-08, 2.5966945651384588e-08, 6.924518840369223e-09, 6.924518840369223e-09]
2026-08-09 22:16:23,369 INFO epoch=3 step=5400/5625 loss=1.469211 grad_norm=10.2873 lr=[4.27976427550024e-08, 4.27976427550024e-08, 2.567858565300144e-08, 2.567858565300144e-08, 6.8476228408003835e-09, 6.8476228408003835e-09]
/data1/work/MichaelYu/miniconda3/envs/florence/lib/python3.10/site-packages/transformers/generation/configuration_utils.py:453: UserWarning: `num_beams` is set to 1. However, `early_stopping` is set to `True` -- this flag is only used in beam-based generation modes. You should set `num_beams>1` or unset `early_stopping`.
  warnings.warn(
2026-08-09 22:18:04,455 INFO dev metrics: {'samples': 128, 'empty_outputs': 0, 'average_words': 21.484375, 'p95_words': 30, 'length_18_24_ratio': 0.4921875, 'single_sentence_ratio': 1.0, 'subject_start_ratio': 0.9921875, 'dev_loss': 1.364943260698455, 'global_step': 5400}
2026-08-09 22:18:10,388 INFO epoch=3 step=5410/5625 loss=1.413711 grad_norm=12.2062 lr=[4.233781905679653e-08, 4.233781905679653e-08, 2.5402691434077916e-08, 2.5402691434077916e-08, 6.774051049087444e-09, 6.774051049087444e-09]
2026-08-09 22:18:12,964 INFO epoch=3 step=5420/5625 loss=1.548070 grad_norm=11.9879 lr=[4.1898787554848064e-08, 4.1898787554848064e-08, 2.5139272532908835e-08, 2.5139272532908835e-08, 6.703806008775689e-09, 6.703806008775689e-09]
2026-08-09 22:18:15,522 INFO epoch=3 step=5430/5625 loss=1.362397 grad_norm=11.1541 lr=[4.1480563427481536e-08, 4.1480563427481536e-08, 2.488833805648892e-08, 2.488833805648892e-08, 6.6368901483970454e-09, 6.6368901483970454e-09]
2026-08-09 22:18:18,057 INFO epoch=3 step=5440/5625 loss=1.142145 grad_norm=10.6546 lr=[4.108316113366259e-08, 4.108316113366259e-08, 2.4649896680197555e-08, 2.4649896680197555e-08, 6.573305781386014e-09, 6.573305781386014e-09]
2026-08-09 22:18:20,607 INFO epoch=3 step=5450/5625 loss=1.752432 grad_norm=12.4136 lr=[4.070659441249853e-08, 4.070659441249853e-08, 2.4423956647499116e-08, 2.4423956647499116e-08, 6.513055105999764e-09, 6.513055105999764e-09]
2026-08-09 22:18:23,063 INFO epoch=3 step=5460/5625 loss=1.604906 grad_norm=11.0783 lr=[4.035087628276325e-08, 4.035087628276325e-08, 2.4210525769657948e-08, 2.4210525769657948e-08, 6.456140205242119e-09, 6.456140205242119e-09]
2026-08-09 22:18:25,526 INFO epoch=3 step=5470/5625 loss=1.338415 grad_norm=9.3915 lr=[4.001601904244701e-08, 4.001601904244701e-08, 2.400961142546821e-08, 2.400961142546821e-08, 6.402563046791522e-09, 6.402563046791522e-09]
2026-08-09 22:18:27,994 INFO epoch=3 step=5480/5625 loss=1.344152 grad_norm=9.5559 lr=[3.9702034268331426e-08, 3.9702034268331426e-08, 2.3821220560998854e-08, 2.3821220560998854e-08, 6.352325482933027e-09, 6.352325482933027e-09]
2026-08-09 22:18:30,451 INFO epoch=3 step=5490/5625 loss=1.558390 grad_norm=13.3881 lr=[3.940893281558914e-08, 3.940893281558914e-08, 2.3645359689353486e-08, 2.3645359689353486e-08, 6.305429250494262e-09, 6.305429250494262e-09]
2026-08-09 22:18:32,923 INFO epoch=3 step=5500/5625 loss=1.366317 grad_norm=11.9184 lr=[3.9136724817408426e-08, 3.9136724817408426e-08, 2.3482034890445056e-08, 2.3482034890445056e-08, 6.2618759707853475e-09, 6.2618759707853475e-09]
2026-08-09 22:18:35,398 INFO epoch=3 step=5510/5625 loss=1.488034 grad_norm=9.7698 lr=[3.8885419684643223e-08, 3.8885419684643223e-08, 2.3331251810785932e-08, 2.3331251810785932e-08, 6.221667149542915e-09, 6.221667149542915e-09]
2026-08-09 22:18:37,976 INFO epoch=3 step=5520/5625 loss=1.380859 grad_norm=9.5003 lr=[3.865502610548741e-08, 3.865502610548741e-08, 2.3193015663292446e-08, 2.3193015663292446e-08, 6.184804176877985e-09, 6.184804176877985e-09]
2026-08-09 22:18:40,488 INFO epoch=3 step=5530/5625 loss=1.402403 grad_norm=10.3523 lr=[3.844555204517456e-08, 3.844555204517456e-08, 2.3067331227104737e-08, 2.3067331227104737e-08, 6.151288327227929e-09, 6.151288327227929e-09]
2026-08-09 22:18:42,993 INFO epoch=3 step=5540/5625 loss=1.470642 grad_norm=10.2161 lr=[3.825700474570258e-08, 3.825700474570258e-08, 2.2954202847421543e-08, 2.2954202847421543e-08, 6.121120759312411e-09, 6.121120759312411e-09]
2026-08-09 22:18:45,451 INFO epoch=3 step=5550/5625 loss=1.328687 grad_norm=8.9906 lr=[3.8089390725583494e-08, 3.8089390725583494e-08, 2.2853634435350096e-08, 2.2853634435350096e-08, 6.094302516093358e-09, 6.094302516093358e-09]
2026-08-09 22:18:47,918 INFO epoch=3 step=5560/5625 loss=1.353345 grad_norm=9.7635 lr=[3.794271577961761e-08, 3.794271577961761e-08, 2.2765629467770568e-08, 2.2765629467770568e-08, 6.070834524738818e-09, 6.070834524738818e-09]
2026-08-09 22:18:50,410 INFO epoch=3 step=5570/5625 loss=1.257714 grad_norm=12.3634 lr=[3.7816984978693865e-08, 3.7816984978693865e-08, 2.269019098721632e-08, 2.269019098721632e-08, 6.0507175965910175e-09, 6.0507175965910175e-09]
2026-08-09 22:18:52,977 INFO epoch=3 step=5580/5625 loss=1.480805 grad_norm=9.1417 lr=[3.7712202669613815e-08, 3.7712202669613815e-08, 2.2627321601768285e-08, 2.2627321601768285e-08, 6.0339524271382095e-09, 6.0339524271382095e-09]
2026-08-09 22:18:55,505 INFO epoch=3 step=5590/5625 loss=1.406471 grad_norm=8.6438 lr=[3.762837247494186e-08, 3.762837247494186e-08, 2.2577023484965112e-08, 2.2577023484965112e-08, 6.020539595990696e-09, 6.020539595990696e-09]
2026-08-09 22:18:58,030 INFO epoch=3 step=5600/5625 loss=1.243449 grad_norm=9.9578 lr=[3.756549729287982e-08, 3.756549729287982e-08, 2.253929837572789e-08, 2.253929837572789e-08, 6.01047956686077e-09, 6.01047956686077e-09]
/data1/work/MichaelYu/miniconda3/envs/florence/lib/python3.10/site-packages/transformers/generation/configuration_utils.py:453: UserWarning: `num_beams` is set to 1. However, `early_stopping` is set to `True` -- this flag is only used in beam-based generation modes. You should set `num_beams>1` or unset `early_stopping`.
  warnings.warn(
2026-08-09 22:20:36,430 INFO dev metrics: {'samples': 128, 'empty_outputs': 0, 'average_words': 21.3046875, 'p95_words': 30, 'length_18_24_ratio': 0.4765625, 'single_sentence_ratio': 1.0, 'subject_start_ratio': 0.9921875, 'dev_loss': 1.3648485827104475, 'global_step': 5600}
2026-08-09 22:20:42,121 INFO epoch=3 step=5610/5625 loss=1.488741 grad_norm=9.3973 lr=[3.752357929716676e-08, 3.752357929716676e-08, 2.2514147578300055e-08, 2.2514147578300055e-08, 6.003772687546681e-09, 6.003772687546681e-09]
2026-08-09 22:20:44,604 INFO epoch=3 step=5620/5625 loss=1.335047 grad_norm=11.0514 lr=[3.75026199370036e-08, 3.75026199370036e-08, 2.250157196220216e-08, 2.250157196220216e-08, 6.0004191899205755e-09, 6.0004191899205755e-09]
2026-08-09 22:20:50,749 INFO training stopped at optimizer step 5625
