
[2026-08-07T03:41:40.566784+00:00] START /data1/work/MichaelYu/miniconda3/envs/florence/bin/torchrun --standalone --nproc_per_node=4 --master_port=29710 /data1/work/MichaelYu/florence-attibute/scripts/train_person_attribute_sft.py --train-data /data1/work/MichaelYu/florence-attibute/data/prepared/train.jsonl --dev-data /data1/work/MichaelYu/florence-attibute/data/prepared/dev.jsonl --replay-data /data1/work/MichaelYu/florence-attibute/data/prepared/native_replay.jsonl --model-path /data1/work/MichaelYu/florence-attibute/pretrained/Florence-2-base --output-root /data1/work/MichaelYu/florence-attibute/artifacts/sft --run-name region_category_person_sft_30k_replay1k_b16_e3_lr125 --formal-global-batch-size 16 --per-device-batch-size 4 --gradient-accumulation-steps 1 --vision-lr 2e-07 --projection-lr 7.5e-07 --language-lr 1.25e-06 --weight-decay 0.015 --label-smoothing 0.05 --warmup-ratio 0.05 --min-lr-ratio 0.03 --eval-steps 200 --log-steps 10 --num-workers 6 --dev-num-workers 0 --prefetch-factor 1 --epochs 3 --max-optimizer-steps 5814
2026-08-07 11:41:51,293 WARNING Missing checkpoint keys after tied-weight load: ['language_model.model.encoder.embed_tokens.weight', 'language_model.model.decoder.embed_tokens.weight', 'language_model.lm_head.weight']
2026-08-07 11:41:51,491 INFO parameter groups: {'vision': {'tensors': 400, 'parameters': 90368000}, 'projection': {'tensors': 5, 'parameters': 839168}, 'language': {'tensors': 259, 'parameters': 140206848}}
/data1/work/MichaelYu/miniconda3/envs/florence/lib/python3.10/site-packages/torch/autograd/graph.py:825: UserWarning: Grad strides do not match bucket view strides. This may indicate grad was not created according to the gradient layout contract, or that the param's strides changed since DDP was constructed.  This is not an error, but may impair performance.
grad.sizes() = [1024, 1, 3, 3], strides() = [9, 1, 3, 1]
bucket_view.sizes() = [1024, 1, 3, 3], strides() = [9, 9, 3, 1] (Triggered internally at ../torch/csrc/distributed/c10d/reducer.cpp:327.)
  return Variable._execution_engine.run_backward(  # Calls into the C++ engine to run the backward pass
/data1/work/MichaelYu/miniconda3/envs/florence/lib/python3.10/site-packages/torch/autograd/graph.py:825: UserWarning: Grad strides do not match bucket view strides. This may indicate grad was not created according to the gradient layout contract, or that the param's strides changed since DDP was constructed.  This is not an error, but may impair performance.
grad.sizes() = [1024, 1, 3, 3], strides() = [9, 1, 3, 1]
bucket_view.sizes() = [1024, 1, 3, 3], strides() = [9, 9, 3, 1] (Triggered internally at ../torch/csrc/distributed/c10d/reducer.cpp:327.)
  return Variable._execution_engine.run_backward(  # Calls into the C++ engine to run the backward pass
/data1/work/MichaelYu/miniconda3/envs/florence/lib/python3.10/site-packages/torch/autograd/graph.py:825: UserWarning: Grad strides do not match bucket view strides. This may indicate grad was not created according to the gradient layout contract, or that the param's strides changed since DDP was constructed.  This is not an error, but may impair performance.
grad.sizes() = [1024, 1, 3, 3], strides() = [9, 1, 3, 1]
bucket_view.sizes() = [1024, 1, 3, 3], strides() = [9, 9, 3, 1] (Triggered internally at ../torch/csrc/distributed/c10d/reducer.cpp:327.)
  return Variable._execution_engine.run_backward(  # Calls into the C++ engine to run the backward pass
/data1/work/MichaelYu/miniconda3/envs/florence/lib/python3.10/site-packages/torch/autograd/graph.py:825: UserWarning: Grad strides do not match bucket view strides. This may indicate grad was not created according to the gradient layout contract, or that the param's strides changed since DDP was constructed.  This is not an error, but may impair performance.
grad.sizes() = [1024, 1, 3, 3], strides() = [9, 1, 3, 1]
bucket_view.sizes() = [1024, 1, 3, 3], strides() = [9, 9, 3, 1] (Triggered internally at ../torch/csrc/distributed/c10d/reducer.cpp:327.)
  return Variable._execution_engine.run_backward(  # Calls into the C++ engine to run the backward pass
2026-08-07 11:41:53,822 INFO epoch=1 step=1/5814 loss=3.885742 grad_norm=38.5087 lr=[4.29553264604811e-09, 4.29553264604811e-09, 2.577319587628866e-09, 2.577319587628866e-09, 6.872852233676976e-10, 6.872852233676976e-10]
2026-08-07 11:41:56,578 INFO epoch=1 step=10/5814 loss=3.146203 grad_norm=28.4280 lr=[4.2955326460481105e-08, 4.2955326460481105e-08, 2.5773195876288662e-08, 2.5773195876288662e-08, 6.872852233676976e-09, 6.872852233676976e-09]
2026-08-07 11:41:59,073 INFO epoch=1 step=20/5814 loss=3.483443 grad_norm=23.7592 lr=[8.591065292096221e-08, 8.591065292096221e-08, 5.1546391752577325e-08, 5.1546391752577325e-08, 1.3745704467353952e-08, 1.3745704467353952e-08]
2026-08-07 11:42:01,564 INFO epoch=1 step=30/5814 loss=3.438949 grad_norm=25.9490 lr=[1.288659793814433e-07, 1.288659793814433e-07, 7.731958762886597e-08, 7.731958762886597e-08, 2.0618556701030925e-08, 2.0618556701030925e-08]
2026-08-07 11:42:04,060 INFO epoch=1 step=40/5814 loss=3.521713 grad_norm=139.7394 lr=[1.7182130584192442e-07, 1.7182130584192442e-07, 1.0309278350515465e-07, 1.0309278350515465e-07, 2.7491408934707904e-08, 2.7491408934707904e-08]
2026-08-07 11:42:06,525 INFO epoch=1 step=50/5814 loss=3.137462 grad_norm=23.3835 lr=[2.147766323024055e-07, 2.147766323024055e-07, 1.288659793814433e-07, 1.288659793814433e-07, 3.436426116838488e-08, 3.436426116838488e-08]
2026-08-07 11:42:08,997 INFO epoch=1 step=60/5814 loss=3.527094 grad_norm=26.3293 lr=[2.577319587628866e-07, 2.577319587628866e-07, 1.5463917525773194e-07, 1.5463917525773194e-07, 4.123711340206185e-08, 4.123711340206185e-08]
2026-08-07 11:42:11,473 INFO epoch=1 step=70/5814 loss=3.458856 grad_norm=23.0894 lr=[3.0068728522336775e-07, 3.0068728522336775e-07, 1.8041237113402063e-07, 1.8041237113402063e-07, 4.810996563573883e-08, 4.810996563573883e-08]
2026-08-07 11:42:13,946 INFO epoch=1 step=80/5814 loss=3.176191 grad_norm=22.1840 lr=[3.4364261168384884e-07, 3.4364261168384884e-07, 2.061855670103093e-07, 2.061855670103093e-07, 5.498281786941581e-08, 5.498281786941581e-08]
2026-08-07 11:42:16,423 INFO epoch=1 step=90/5814 loss=2.938609 grad_norm=19.0251 lr=[3.8659793814432993e-07, 3.8659793814432993e-07, 2.3195876288659797e-07, 2.3195876288659797e-07, 6.185567010309278e-08, 6.185567010309278e-08]
2026-08-07 11:42:18,890 INFO epoch=1 step=100/5814 loss=3.083911 grad_norm=17.6968 lr=[4.29553264604811e-07, 4.29553264604811e-07, 2.577319587628866e-07, 2.577319587628866e-07, 6.872852233676976e-08, 6.872852233676976e-08]
2026-08-07 11:42:21,371 INFO epoch=1 step=110/5814 loss=3.269198 grad_norm=18.2892 lr=[4.725085910652921e-07, 4.725085910652921e-07, 2.8350515463917527e-07, 2.8350515463917527e-07, 7.560137457044674e-08, 7.560137457044674e-08]
2026-08-07 11:42:23,852 INFO epoch=1 step=120/5814 loss=2.958411 grad_norm=19.9057 lr=[5.154639175257732e-07, 5.154639175257732e-07, 3.092783505154639e-07, 3.092783505154639e-07, 8.24742268041237e-08, 8.24742268041237e-08]
2026-08-07 11:42:26,347 INFO epoch=1 step=130/5814 loss=2.363838 grad_norm=15.4904 lr=[5.584192439862544e-07, 5.584192439862544e-07, 3.350515463917526e-07, 3.350515463917526e-07, 8.934707903780069e-08, 8.934707903780069e-08]
2026-08-07 11:42:28,810 INFO epoch=1 step=140/5814 loss=2.584308 grad_norm=13.4385 lr=[6.013745704467355e-07, 6.013745704467355e-07, 3.6082474226804127e-07, 3.6082474226804127e-07, 9.621993127147766e-08, 9.621993127147766e-08]
2026-08-07 11:42:31,285 INFO epoch=1 step=150/5814 loss=2.262539 grad_norm=12.1482 lr=[6.443298969072165e-07, 6.443298969072165e-07, 3.865979381443299e-07, 3.865979381443299e-07, 1.0309278350515462e-07, 1.0309278350515462e-07]
2026-08-07 11:42:33,890 INFO epoch=1 step=160/5814 loss=2.401571 grad_norm=12.0536 lr=[6.872852233676977e-07, 6.872852233676977e-07, 4.123711340206186e-07, 4.123711340206186e-07, 1.0996563573883161e-07, 1.0996563573883161e-07]
2026-08-07 11:42:36,429 INFO epoch=1 step=170/5814 loss=2.157387 grad_norm=9.9807 lr=[7.302405498281788e-07, 7.302405498281788e-07, 4.3814432989690726e-07, 4.3814432989690726e-07, 1.1683848797250859e-07, 1.1683848797250859e-07]
2026-08-07 11:42:38,928 INFO epoch=1 step=180/5814 loss=2.064773 grad_norm=10.0937 lr=[7.731958762886599e-07, 7.731958762886599e-07, 4.6391752577319593e-07, 4.6391752577319593e-07, 1.2371134020618556e-07, 1.2371134020618556e-07]
2026-08-07 11:42:41,392 INFO epoch=1 step=190/5814 loss=2.075255 grad_norm=12.4937 lr=[8.16151202749141e-07, 8.16151202749141e-07, 4.896907216494846e-07, 4.896907216494846e-07, 1.3058419243986255e-07, 1.3058419243986255e-07]
2026-08-07 11:42:43,869 INFO epoch=1 step=200/5814 loss=1.937840 grad_norm=10.6331 lr=[8.59106529209622e-07, 8.59106529209622e-07, 5.154639175257732e-07, 5.154639175257732e-07, 1.3745704467353952e-07, 1.3745704467353952e-07]
/data1/work/MichaelYu/miniconda3/envs/florence/lib/python3.10/site-packages/transformers/generation/configuration_utils.py:453: UserWarning: `num_beams` is set to 1. However, `early_stopping` is set to `True` -- this flag is only used in beam-based generation modes. You should set `num_beams>1` or unset `early_stopping`.
  warnings.warn(
2026-08-07 11:44:25,202 INFO dev metrics: {'samples': 128, 'empty_outputs': 0, 'average_words': 19.8046875, 'p95_words': 26, 'length_18_24_ratio': 0.59375, 'single_sentence_ratio': 1.0, 'subject_start_ratio': 0.9921875, 'dev_loss': 1.9455116501346865, 'global_step': 200}
Removed shared tensor {'language_model.model.encoder.embed_tokens.weight', 'language_model.model.decoder.embed_tokens.weight'} while saving. This should be OK, but check by verifying that you don't receive any warning while reloading
2026-08-07 11:44:31,295 INFO epoch=1 step=210/5814 loss=1.670098 grad_norm=9.7584 lr=[9.020618556701031e-07, 9.020618556701031e-07, 5.412371134020618e-07, 5.412371134020618e-07, 1.4432989690721648e-07, 1.4432989690721648e-07]
2026-08-07 11:44:35,823 INFO epoch=1 step=220/5814 loss=2.428285 grad_norm=9.9486 lr=[9.450171821305842e-07, 9.450171821305842e-07, 5.670103092783505e-07, 5.670103092783505e-07, 1.5120274914089347e-07, 1.5120274914089347e-07]
2026-08-07 11:44:39,830 INFO epoch=1 step=230/5814 loss=2.437099 grad_norm=9.8224 lr=[9.879725085910654e-07, 9.879725085910654e-07, 5.927835051546392e-07, 5.927835051546392e-07, 1.5807560137457044e-07, 1.5807560137457044e-07]
2026-08-07 11:44:42,331 INFO epoch=1 step=240/5814 loss=2.118249 grad_norm=9.5096 lr=[1.0309278350515464e-06, 1.0309278350515464e-06, 6.185567010309278e-07, 6.185567010309278e-07, 1.649484536082474e-07, 1.649484536082474e-07]
2026-08-07 11:44:44,803 INFO epoch=1 step=250/5814 loss=1.967299 grad_norm=9.4944 lr=[1.0738831615120276e-06, 1.0738831615120276e-06, 6.443298969072165e-07, 6.443298969072165e-07, 1.7182130584192437e-07, 1.7182130584192437e-07]
2026-08-07 11:44:47,319 INFO epoch=1 step=260/5814 loss=1.554459 grad_norm=18.1993 lr=[1.1168384879725088e-06, 1.1168384879725088e-06, 6.701030927835052e-07, 6.701030927835052e-07, 1.7869415807560139e-07, 1.7869415807560139e-07]
2026-08-07 11:44:49,793 INFO epoch=1 step=270/5814 loss=1.551223 grad_norm=9.2074 lr=[1.1597938144329898e-06, 1.1597938144329898e-06, 6.958762886597938e-07, 6.958762886597938e-07, 1.8556701030927835e-07, 1.8556701030927835e-07]
2026-08-07 11:44:52,292 INFO epoch=1 step=280/5814 loss=1.698345 grad_norm=9.5421 lr=[1.202749140893471e-06, 1.202749140893471e-06, 7.216494845360825e-07, 7.216494845360825e-07, 1.9243986254295532e-07, 1.9243986254295532e-07]
2026-08-07 11:44:54,792 INFO epoch=1 step=290/5814 loss=1.573312 grad_norm=10.1384 lr=[1.245704467353952e-06, 1.245704467353952e-06, 7.474226804123711e-07, 7.474226804123711e-07, 1.993127147766323e-07, 1.993127147766323e-07]
2026-08-07 11:44:57,264 INFO epoch=1 step=300/5814 loss=1.893636 grad_norm=10.5678 lr=[1.249992055702758e-06, 1.249992055702758e-06, 7.499952334216548e-07, 7.499952334216548e-07, 1.9999872891244124e-07, 1.9999872891244124e-07]
2026-08-07 11:44:59,750 INFO epoch=1 step=310/5814 loss=1.794417 grad_norm=9.7749 lr=[1.2499645942018158e-06, 1.2499645942018158e-06, 7.499787565210894e-07, 7.499787565210894e-07, 1.9999433507229049e-07, 1.9999433507229049e-07]
2026-08-07 11:45:02,223 INFO epoch=1 step=320/5814 loss=2.170570 grad_norm=11.0967 lr=[1.2499175183077496e-06, 1.2499175183077496e-06, 7.499505109846498e-07, 7.499505109846498e-07, 1.9998680292923993e-07, 1.9998680292923993e-07]
2026-08-07 11:45:04,681 INFO epoch=1 step=330/5814 loss=1.467172 grad_norm=9.8579 lr=[1.2498508295437252e-06, 1.2498508295437252e-06, 7.499104977262351e-07, 7.499104977262351e-07, 1.99976132726996e-07, 1.99976132726996e-07]
2026-08-07 11:45:07,173 INFO epoch=1 step=340/5814 loss=1.664866 grad_norm=9.2836 lr=[1.2497645300674922e-06, 1.2497645300674922e-06, 7.498587180404953e-07, 7.498587180404953e-07, 1.9996232481079874e-07, 1.9996232481079874e-07]
2026-08-07 11:45:09,677 INFO epoch=1 step=350/5814 loss=1.932149 grad_norm=16.1886 lr=[1.249658622671316e-06, 1.249658622671316e-06, 7.497951736027897e-07, 7.497951736027897e-07, 1.9994537962741057e-07, 1.9994537962741057e-07]
2026-08-07 11:45:12,152 INFO epoch=1 step=360/5814 loss=1.749086 grad_norm=11.0386 lr=[1.2495331107818865e-06, 1.2495331107818865e-06, 7.497198664691318e-07, 7.497198664691318e-07, 1.9992529772510182e-07, 1.9992529772510182e-07]
2026-08-07 11:45:14,620 INFO epoch=1 step=370/5814 loss=1.859810 grad_norm=14.3309 lr=[1.2493879984602065e-06, 1.2493879984602065e-06, 7.496327990761239e-07, 7.496327990761239e-07, 1.9990207975363301e-07, 1.9990207975363301e-07]
2026-08-07 11:45:17,239 INFO epoch=1 step=380/5814 loss=1.684858 grad_norm=9.7769 lr=[1.2492232904014625e-06, 1.2492232904014625e-06, 7.495339742408774e-07, 7.495339742408774e-07, 1.9987572646423395e-07, 1.9987572646423395e-07]
2026-08-07 11:45:19,832 INFO epoch=1 step=390/5814 loss=1.520297 grad_norm=11.6257 lr=[1.2490389919348702e-06, 1.2490389919348702e-06, 7.49423395160922e-07, 7.49423395160922e-07, 1.9984623870957918e-07, 1.9984623870957918e-07]
2026-08-07 11:45:22,360 INFO epoch=1 step=400/5814 loss=1.488494 grad_norm=9.9830 lr=[1.2488351090235035e-06, 1.2488351090235035e-06, 7.49301065414102e-07, 7.49301065414102e-07, 1.9981361744376054e-07, 1.9981361744376054e-07]
/data1/work/MichaelYu/miniconda3/envs/florence/lib/python3.10/site-packages/transformers/generation/configuration_utils.py:453: UserWarning: `num_beams` is set to 1. However, `early_stopping` is set to `True` -- this flag is only used in beam-based generation modes. You should set `num_beams>1` or unset `early_stopping`.
  warnings.warn(
2026-08-07 11:47:06,234 INFO dev metrics: {'samples': 128, 'empty_outputs': 0, 'average_words': 22.640625, 'p95_words': 30, 'length_18_24_ratio': 0.578125, 'single_sentence_ratio': 1.0, 'subject_start_ratio': 1.0, 'dev_loss': 1.6550448814715135, 'global_step': 400}
2026-08-07 11:47:11,876 INFO epoch=1 step=410/5814 loss=1.547902 grad_norm=11.2916 lr=[1.248611648264102e-06, 1.248611648264102e-06, 7.491669889584613e-07, 7.491669889584613e-07, 1.9977786372225632e-07, 1.9977786372225632e-07]
2026-08-07 11:47:14,431 INFO epoch=1 step=420/5814 loss=1.572486 grad_norm=11.1155 lr=[1.248368616886857e-06, 1.248368616886857e-06, 7.49021170132114e-07, 7.49021170132114e-07, 1.9973897870189707e-07, 1.9973897870189707e-07]
2026-08-07 11:47:17,042 INFO epoch=1 step=430/5814 loss=1.879717 grad_norm=9.7424 lr=[1.2481060227551758e-06, 1.2481060227551758e-06, 7.488636136531055e-07, 7.488636136531055e-07, 1.996969636408281e-07, 1.996969636408281e-07]
2026-08-07 11:47:23,615 INFO epoch=1 step=440/5814 loss=1.547539 grad_norm=9.0140 lr=[1.247823874365431e-06, 1.247823874365431e-06, 7.486943246192586e-07, 7.486943246192586e-07, 1.9965181989846894e-07, 1.9965181989846894e-07]
2026-08-07 11:47:26,194 INFO epoch=1 step=450/5814 loss=1.755966 grad_norm=12.4127 lr=[1.2475221808466822e-06, 1.2475221808466822e-06, 7.485133085080092e-07, 7.485133085080092e-07, 1.996035489354691e-07, 1.996035489354691e-07]
2026-08-07 11:47:28,781 INFO epoch=1 step=460/5814 loss=1.486592 grad_norm=9.7730 lr=[1.2472009519603827e-06, 1.2472009519603827e-06, 7.483205711762295e-07, 7.483205711762295e-07, 1.995521523136612e-07, 1.995521523136612e-07]
2026-08-07 11:47:31,299 INFO epoch=1 step=470/5814 loss=1.651771 grad_norm=8.9374 lr=[1.2468601981000627e-06, 1.2468601981000627e-06, 7.481161188600376e-07, 7.481161188600376e-07, 1.9949763169601e-07, 1.9949763169601e-07]
2026-08-07 11:47:33,819 INFO epoch=1 step=480/5814 loss=1.798984 grad_norm=10.6010 lr=[1.2464999302909927e-06, 1.2464999302909927e-06, 7.478999581745955e-07, 7.478999581745955e-07, 1.994399888465588e-07, 1.994399888465588e-07]
2026-08-07 11:47:36,298 INFO epoch=1 step=490/5814 loss=1.562226 grad_norm=12.9836 lr=[1.2461201601898282e-06, 1.2461201601898282e-06, 7.476720961138969e-07, 7.476720961138969e-07, 1.9937922563037248e-07, 1.9937922563037248e-07]
2026-08-07 11:47:38,813 INFO epoch=1 step=500/5814 loss=1.438157 grad_norm=8.8023 lr=[1.2457209000842313e-06, 1.2457209000842313e-06, 7.474325400505388e-07, 7.474325400505388e-07, 1.99315344013477e-07, 1.99315344013477e-07]
2026-08-07 11:47:41,307 INFO epoch=1 step=510/5814 loss=1.587257 grad_norm=10.5838 lr=[1.245302162892473e-06, 1.245302162892473e-06, 7.471812977354838e-07, 7.471812977354838e-07, 1.9924834606279568e-07, 1.9924834606279568e-07]
2026-08-07 11:47:43,866 INFO epoch=1 step=520/5814 loss=1.538107 grad_norm=10.1045 lr=[1.2448639621630169e-06, 1.2448639621630169e-06, 7.469183772978101e-07, 7.469183772978101e-07, 1.9917823394608266e-07, 1.9917823394608266e-07]
2026-08-07 11:47:46,425 INFO epoch=1 step=530/5814 loss=1.591194 grad_norm=11.1044 lr=[1.2444063120740778e-06, 1.2444063120740778e-06, 7.466437872444467e-07, 7.466437872444467e-07, 1.9910500993185243e-07, 1.9910500993185243e-07]
2026-08-07 11:47:48,892 INFO epoch=1 step=540/5814 loss=1.484632 grad_norm=9.8901 lr=[1.2439292274331666e-06, 1.2439292274331666e-06, 7.463575364599e-07, 7.463575364599e-07, 1.9902867638930666e-07, 1.9902867638930666e-07]
2026-08-07 11:47:51,454 INFO epoch=1 step=550/5814 loss=1.401403 grad_norm=10.7212 lr=[1.2434327236766087e-06, 1.2434327236766087e-06, 7.460596342059652e-07, 7.460596342059652e-07, 1.9894923578825738e-07, 1.9894923578825738e-07]
2026-08-07 11:47:53,949 INFO epoch=1 step=560/5814 loss=1.521008 grad_norm=10.0726 lr=[1.2429168168690448e-06, 1.2429168168690448e-06, 7.457500901214269e-07, 7.457500901214269e-07, 1.9886669069904712e-07, 1.9886669069904712e-07]
2026-08-07 11:47:56,420 INFO epoch=1 step=570/5814 loss=1.281609 grad_norm=11.2805 lr=[1.242381523702912e-06, 1.242381523702912e-06, 7.454289142217471e-07, 7.454289142217471e-07, 1.987810437924659e-07, 1.987810437924659e-07]
2026-08-07 11:47:58,897 INFO epoch=1 step=580/5814 loss=1.802332 grad_norm=24.9324 lr=[1.2418268614979034e-06, 1.2418268614979034e-06, 7.450961168987419e-07, 7.450961168987419e-07, 1.986922978396645e-07, 1.986922978396645e-07]
2026-08-07 11:48:01,608 INFO epoch=1 step=590/5814 loss=1.504913 grad_norm=9.6869 lr=[1.241252848200407e-06, 1.241252848200407e-06, 7.447517089202441e-07, 7.447517089202441e-07, 1.986004557120651e-07, 1.986004557120651e-07]
2026-08-07 11:48:04,203 INFO epoch=1 step=600/5814 loss=1.687576 grad_norm=13.2669 lr=[1.2406595023829261e-06, 1.2406595023829261e-06, 7.443957014297556e-07, 7.443957014297556e-07, 1.9850552038126816e-07, 1.9850552038126816e-07]
/data1/work/MichaelYu/miniconda3/envs/florence/lib/python3.10/site-packages/transformers/generation/configuration_utils.py:453: UserWarning: `num_beams` is set to 1. However, `early_stopping` is set to `True` -- this flag is only used in beam-based generation modes. You should set `num_beams>1` or unset `early_stopping`.
  warnings.warn(
2026-08-07 11:49:49,138 INFO dev metrics: {'samples': 128, 'empty_outputs': 0, 'average_words': 21.5, 'p95_words': 29, 'length_18_24_ratio': 0.5703125, 'single_sentence_ratio': 1.0, 'subject_start_ratio': 1.0, 'dev_loss': 1.5741222307735703, 'global_step': 600}
2026-08-07 11:49:55,188 INFO epoch=1 step=610/5814 loss=1.600603 grad_norm=8.9004 lr=[1.2400468432434781e-06, 1.2400468432434781e-06, 7.440281059460869e-07, 7.440281059460869e-07, 1.9840749491895648e-07, 1.9840749491895648e-07]
2026-08-07 11:49:57,752 INFO epoch=1 step=620/5814 loss=1.531397 grad_norm=10.0393 lr=[1.2394148906049725e-06, 1.2394148906049725e-06, 7.436489343629835e-07, 7.436489343629835e-07, 1.9830638249679558e-07, 1.9830638249679558e-07]
2026-08-07 11:50:00,394 INFO epoch=1 step=630/5814 loss=1.684507 grad_norm=8.8351 lr=[1.2387636649145705e-06, 1.2387636649145705e-06, 7.432581989487423e-07, 7.432581989487423e-07, 1.9820218638633125e-07, 1.9820218638633125e-07]
2026-08-07 11:50:06,577 INFO epoch=1 step=640/5814 loss=1.607375 grad_norm=11.3424 lr=[1.2380931872430229e-06, 1.2380931872430229e-06, 7.428559123458137e-07, 7.428559123458137e-07, 1.9809490995888364e-07, 1.9809490995888364e-07]
2026-08-07 11:50:09,183 INFO epoch=1 step=650/5814 loss=1.992417 grad_norm=10.9089 lr=[1.2374034792839888e-06, 1.2374034792839888e-06, 7.424420875703931e-07, 7.424420875703931e-07, 1.9798455668543816e-07, 1.9798455668543816e-07]
2026-08-07 11:50:12,021 INFO epoch=1 step=660/5814 loss=1.805803 grad_norm=11.0980 lr=[1.2366945633533326e-06, 1.2366945633533326e-06, 7.420167380119996e-07, 7.420167380119996e-07, 1.978711301365332e-07, 1.978711301365332e-07]
2026-08-07 11:50:14,544 INFO epoch=1 step=670/5814 loss=1.874010 grad_norm=10.9599 lr=[1.2359664623884044e-06, 1.2359664623884044e-06, 7.415798774330426e-07, 7.415798774330426e-07, 1.9775463398214466e-07, 1.9775463398214466e-07]
2026-08-07 11:50:17,080 INFO epoch=1 step=680/5814 loss=1.627177 grad_norm=21.8765 lr=[1.2352191999472943e-06, 1.2352191999472943e-06, 7.411315199683765e-07, 7.411315199683765e-07, 1.9763507199156705e-07, 1.9763507199156705e-07]
2026-08-07 11:50:19,679 INFO epoch=1 step=690/5814 loss=1.732663 grad_norm=10.9682 lr=[1.2344528002080733e-06, 1.2344528002080733e-06, 7.406716801248439e-07, 7.406716801248439e-07, 1.975124480332917e-07, 1.975124480332917e-07]
2026-08-07 11:50:22,205 INFO epoch=1 step=700/5814 loss=1.513906 grad_norm=11.2315 lr=[1.2336672879680095e-06, 1.2336672879680095e-06, 7.402003727808057e-07, 7.402003727808057e-07, 1.973867660748815e-07, 1.973867660748815e-07]
2026-08-07 11:50:24,878 INFO epoch=1 step=710/5814 loss=1.863240 grad_norm=10.2158 lr=[1.2328626886427657e-06, 1.2328626886427657e-06, 7.397176131856595e-07, 7.397176131856595e-07, 1.972580301828425e-07, 1.972580301828425e-07]
2026-08-07 11:50:27,417 INFO epoch=1 step=720/5814 loss=1.670282 grad_norm=11.0975 lr=[1.232039028265578e-06, 1.232039028265578e-06, 7.392234169593468e-07, 7.392234169593468e-07, 1.9712624452249246e-07, 1.9712624452249246e-07]
2026-08-07 11:50:29,892 INFO epoch=1 step=730/5814 loss=1.563835 grad_norm=10.4997 lr=[1.2311963334864126e-06, 1.2311963334864126e-06, 7.387178000918475e-07, 7.387178000918475e-07, 1.9699141335782598e-07, 1.9699141335782598e-07]
2026-08-07 11:50:32,377 INFO epoch=1 step=740/5814 loss=1.205591 grad_norm=9.1736 lr=[1.2303346315711035e-06, 1.2303346315711035e-06, 7.382007789426621e-07, 7.382007789426621e-07, 1.9685354105137652e-07, 1.9685354105137652e-07]
2026-08-07 11:50:34,853 INFO epoch=1 step=750/5814 loss=1.443868 grad_norm=12.7860 lr=[1.229453950400471e-06, 1.229453950400471e-06, 7.376723702402826e-07, 7.376723702402826e-07, 1.9671263206407533e-07, 1.9671263206407533e-07]
2026-08-07 11:50:37,337 INFO epoch=1 step=760/5814 loss=1.833808 grad_norm=11.7467 lr=[1.2285543184694194e-06, 1.2285543184694194e-06, 7.371325910816515e-07, 7.371325910816515e-07, 1.9656869095510705e-07, 1.9656869095510705e-07]
2026-08-07 11:50:39,810 INFO epoch=1 step=770/5814 loss=1.633704 grad_norm=11.2634 lr=[1.2276357648860143e-06, 1.2276357648860143e-06, 7.365814589316086e-07, 7.365814589316086e-07, 1.9642172238176226e-07, 1.9642172238176226e-07]
2026-08-07 11:50:42,316 INFO epoch=1 step=780/5814 loss=1.841562 grad_norm=10.3200 lr=[1.226698319370542e-06, 1.226698319370542e-06, 7.36018991622325e-07, 7.36018991622325e-07, 1.9627173109928666e-07, 1.9627173109928666e-07]
2026-08-07 11:50:44,820 INFO epoch=1 step=790/5814 loss=1.539925 grad_norm=11.8277 lr=[1.2257420122545464e-06, 1.2257420122545464e-06, 7.354452073527278e-07, 7.354452073527278e-07, 1.961187219607274e-07, 1.961187219607274e-07]
2026-08-07 11:50:47,488 INFO epoch=1 step=800/5814 loss=1.361122 grad_norm=10.6373 lr=[1.2247668744798495e-06, 1.2247668744798495e-06, 7.348601246879097e-07, 7.348601246879097e-07, 1.959626999167759e-07, 1.959626999167759e-07]
/data1/work/MichaelYu/miniconda3/envs/florence/lib/python3.10/site-packages/transformers/generation/configuration_utils.py:453: UserWarning: `num_beams` is set to 1. However, `early_stopping` is set to `True` -- this flag is only used in beam-based generation modes. You should set `num_beams>1` or unset `early_stopping`.
  warnings.warn(
2026-08-07 11:52:30,570 INFO dev metrics: {'samples': 128, 'empty_outputs': 0, 'average_words': 21.6015625, 'p95_words': 29, 'length_18_24_ratio': 0.5703125, 'single_sentence_ratio': 1.0, 'subject_start_ratio': 1.0, 'dev_loss': 1.5291626817200965, 'global_step': 800}
2026-08-07 11:52:36,750 INFO epoch=1 step=810/5814 loss=1.514777 grad_norm=10.8932 lr=[1.2237729375975483e-06, 1.2237729375975483e-06, 7.34263762558529e-07, 7.34263762558529e-07, 1.958036700156077e-07, 1.958036700156077e-07]
2026-08-07 11:52:39,241 INFO epoch=1 step=820/5814 loss=1.593092 grad_norm=12.0693 lr=[1.2227602337669953e-06, 1.2227602337669953e-06, 7.336561402601971e-07, 7.336561402601971e-07, 1.9564163740271923e-07, 1.9564163740271923e-07]
2026-08-07 11:52:45,416 INFO epoch=1 step=830/5814 loss=1.472914 grad_norm=11.6399 lr=[1.2217287957547572e-06, 1.2217287957547572e-06, 7.330372774528542e-07, 7.330372774528542e-07, 1.9547660732076113e-07, 1.9547660732076113e-07]
2026-08-07 11:52:48,007 INFO epoch=1 step=840/5814 loss=1.381471 grad_norm=10.9208 lr=[1.2206786569335556e-06, 1.2206786569335556e-06, 7.324071941601333e-07, 7.324071941601333e-07, 1.9530858510936886e-07, 1.9530858510936886e-07]
2026-08-07 11:52:50,546 INFO epoch=1 step=850/5814 loss=1.825169 grad_norm=11.6703 lr=[1.2196098512811857e-06, 1.2196098512811857e-06, 7.317659107687113e-07, 7.317659107687113e-07, 1.9513757620498968e-07, 1.9513757620498968e-07]
2026-08-07 11:52:53,062 INFO epoch=1 step=860/5814 loss=1.500158 grad_norm=10.3943 lr=[1.2185224133794186e-06, 1.2185224133794186e-06, 7.311134480276511e-07, 7.311134480276511e-07, 1.9496358614070695e-07, 1.9496358614070695e-07]
2026-08-07 11:52:55,573 INFO epoch=1 step=870/5814 loss=1.957323 grad_norm=13.8589 lr=[1.2174163784128819e-06, 1.2174163784128819e-06, 7.304498270477291e-07, 7.304498270477291e-07, 1.9478662054606108e-07, 1.9478662054606108e-07]
2026-08-07 11:52:58,045 INFO epoch=1 step=880/5814 loss=1.558137 grad_norm=10.9863 lr=[1.2162917821679206e-06, 1.2162917821679206e-06, 7.297750693007523e-07, 7.297750693007523e-07, 1.9460668514686727e-07, 1.9460668514686727e-07]
2026-08-07 11:53:00,531 INFO epoch=1 step=890/5814 loss=1.333289 grad_norm=9.3221 lr=[1.2151486610314391e-06, 1.2151486610314391e-06, 7.290891966188635e-07, 7.290891966188635e-07, 1.9442378576503024e-07, 1.9442378576503024e-07]
2026-08-07 11:53:03,040 INFO epoch=1 step=900/5814 loss=1.529359 grad_norm=9.8170 lr=[1.2139870519897259e-06, 1.2139870519897259e-06, 7.283922311938355e-07, 7.283922311938355e-07, 1.9423792831835611e-07, 1.9423792831835611e-07]
2026-08-07 11:53:05,535 INFO epoch=1 step=910/5814 loss=1.713068 grad_norm=11.7832 lr=[1.212806992627254e-06, 1.212806992627254e-06, 7.276841955763523e-07, 7.276841955763523e-07, 1.9404911882036062e-07, 1.9404911882036062e-07]
2026-08-07 11:53:08,019 INFO epoch=1 step=920/5814 loss=1.577286 grad_norm=9.7858 lr=[1.2116085211254668e-06, 1.2116085211254668e-06, 7.269651126752801e-07, 7.269651126752801e-07, 1.9385736338007467e-07, 1.9385736338007467e-07]
2026-08-07 11:53:10,506 INFO epoch=1 step=930/5814 loss=1.303607 grad_norm=8.8740 lr=[1.2103916762615426e-06, 1.2103916762615426e-06, 7.262350057569255e-07, 7.262350057569255e-07, 1.936626682018468e-07, 1.936626682018468e-07]
2026-08-07 11:53:13,002 INFO epoch=1 step=940/5814 loss=1.700602 grad_norm=12.7415 lr=[1.209156497407139e-06, 1.209156497407139e-06, 7.254938984442834e-07, 7.254938984442834e-07, 1.9346503958514222e-07, 1.9346503958514222e-07]
2026-08-07 11:53:15,505 INFO epoch=1 step=950/5814 loss=1.824742 grad_norm=12.0276 lr=[1.2079030245271197e-06, 1.2079030245271197e-06, 7.247418147162718e-07, 7.247418147162718e-07, 1.9326448392433914e-07, 1.9326448392433914e-07]
2026-08-07 11:53:17,983 INFO epoch=1 step=960/5814 loss=1.606967 grad_norm=11.8388 lr=[1.206631298178261e-06, 1.206631298178261e-06, 7.239787789069567e-07, 7.239787789069567e-07, 1.9306100770852176e-07, 1.9306100770852176e-07]
2026-08-07 11:53:20,485 INFO epoch=1 step=970/5814 loss=1.632860 grad_norm=11.1699 lr=[1.2053413595079408e-06, 1.2053413595079408e-06, 7.232048157047645e-07, 7.232048157047645e-07, 1.928546175212705e-07, 1.928546175212705e-07]
2026-08-07 11:53:23,123 INFO epoch=1 step=980/5814 loss=1.313884 grad_norm=10.7374 lr=[1.2040332502528046e-06, 1.2040332502528046e-06, 7.224199501516828e-07, 7.224199501516828e-07, 1.9264532004044872e-07, 1.9264532004044872e-07]
2026-08-07 11:53:25,738 INFO epoch=1 step=990/5814 loss=1.520806 grad_norm=9.7235 lr=[1.2027070127374184e-06, 1.2027070127374184e-06, 7.21624207642451e-07, 7.21624207642451e-07, 1.9243312203798692e-07, 1.9243312203798692e-07]
2026-08-07 11:53:28,267 INFO epoch=1 step=1000/5814 loss=1.575724 grad_norm=11.1249 lr=[1.2013626898728966e-06, 1.2013626898728966e-06, 7.208176139237379e-07, 7.208176139237379e-07, 1.9221803037966342e-07, 1.9221803037966342e-07]
/data1/work/MichaelYu/miniconda3/envs/florence/lib/python3.10/site-packages/transformers/generation/configuration_utils.py:453: UserWarning: `num_beams` is set to 1. However, `early_stopping` is set to `True` -- this flag is only used in beam-based generation modes. You should set `num_beams>1` or unset `early_stopping`.
  warnings.warn(
2026-08-07 11:55:12,084 INFO dev metrics: {'samples': 128, 'empty_outputs': 0, 'average_words': 21.6015625, 'p95_words': 30, 'length_18_24_ratio': 0.5625, 'single_sentence_ratio': 1.0, 'subject_start_ratio': 1.0, 'dev_loss': 1.495487823078018, 'global_step': 1000}
2026-08-07 11:55:18,207 INFO epoch=1 step=1010/5814 loss=1.466813 grad_norm=13.0993 lr=[1.200000325155515e-06, 1.200000325155515e-06, 7.200001950933089e-07, 7.200001950933089e-07, 1.9200005202488236e-07, 1.9200005202488236e-07]
2026-08-07 11:55:20,805 INFO epoch=1 step=1020/5814 loss=1.678702 grad_norm=10.1657 lr=[1.198619962665303e-06, 1.198619962665303e-06, 7.191719775991817e-07, 7.191719775991817e-07, 1.9177919402644845e-07, 1.9177919402644845e-07]
2026-08-07 11:55:23,370 INFO epoch=1 step=1030/5814 loss=1.303495 grad_norm=10.4295 lr=[1.1972216470646176e-06, 1.1972216470646176e-06, 7.183329882387704e-07, 7.183329882387704e-07, 1.9155546353033877e-07, 1.9155546353033877e-07]
2026-08-07 11:55:29,455 INFO epoch=1 step=1040/5814 loss=1.369609 grad_norm=10.6973 lr=[1.1958054235966976e-06, 1.1958054235966976e-06, 7.174832541580185e-07, 7.174832541580185e-07, 1.9132886777547158e-07, 1.9132886777547158e-07]
2026-08-07 11:55:31,951 INFO epoch=1 step=1050/5814 loss=1.389446 grad_norm=8.5489 lr=[1.1943713380842014e-06, 1.1943713380842014e-06, 7.166228028505208e-07, 7.166228028505208e-07, 1.9109941409347218e-07, 1.9109941409347218e-07]
2026-08-07 11:55:34,438 INFO epoch=1 step=1060/5814 loss=1.700130 grad_norm=10.9260 lr=[1.192919436927722e-06, 1.192919436927722e-06, 7.157516621566332e-07, 7.157516621566332e-07, 1.908671099084355e-07, 1.908671099084355e-07]
2026-08-07 11:55:36,910 INFO epoch=1 step=1070/5814 loss=1.774040 grad_norm=9.6557 lr=[1.191449767104288e-06, 1.191449767104288e-06, 7.148698602625728e-07, 7.148698602625728e-07, 1.9063196273668605e-07, 1.9063196273668605e-07]
2026-08-07 11:55:39,385 INFO epoch=1 step=1080/5814 loss=1.301316 grad_norm=11.3807 lr=[1.1899623761658416e-06, 1.1899623761658416e-06, 7.139774256995049e-07, 7.139774256995049e-07, 1.9039398018653464e-07, 1.9039398018653464e-07]
2026-08-07 11:55:41,844 INFO epoch=1 step=1090/5814 loss=1.377926 grad_norm=9.9298 lr=[1.188457312237702e-06, 1.188457312237702e-06, 7.130743873426213e-07, 7.130743873426213e-07, 1.9015316995803233e-07, 1.9015316995803233e-07]
2026-08-07 11:55:44,308 INFO epoch=1 step=1100/5814 loss=1.784718 grad_norm=9.7498 lr=[1.1869346240170072e-06, 1.1869346240170072e-06, 7.121607744102042e-07, 7.121607744102042e-07, 1.899095398427211e-07, 1.899095398427211e-07]
2026-08-07 11:55:46,774 INFO epoch=1 step=1110/5814 loss=1.457287 grad_norm=10.7919 lr=[1.1853943607711373e-06, 1.1853943607711373e-06, 7.112366164626823e-07, 7.112366164626823e-07, 1.8966309772338194e-07, 1.8966309772338194e-07]
2026-08-07 11:55:49,249 INFO epoch=1 step=1120/5814 loss=1.608126 grad_norm=11.2220 lr=[1.1838365723361233e-06, 1.1838365723361233e-06, 7.103019434016739e-07, 7.103019434016739e-07, 1.894138515737797e-07, 1.894138515737797e-07]
2026-08-07 11:55:51,754 INFO epoch=1 step=1130/5814 loss=1.262593 grad_norm=14.1352 lr=[1.1822613091150316e-06, 1.1822613091150316e-06, 7.093567854690189e-07, 7.093567854690189e-07, 1.89161809458405e-07, 1.89161809458405e-07]
2026-08-07 11:55:54,262 INFO epoch=1 step=1140/5814 loss=1.465297 grad_norm=12.7267 lr=[1.1806686220763351e-06, 1.1806686220763351e-06, 7.08401173245801e-07, 7.08401173245801e-07, 1.889069795322136e-07, 1.889069795322136e-07]
2026-08-07 11:55:56,742 INFO epoch=1 step=1150/5814 loss=1.626508 grad_norm=11.7187 lr=[1.1790585627522638e-06, 1.1790585627522638e-06, 7.074351376513583e-07, 7.074351376513583e-07, 1.8864937004036218e-07, 1.8864937004036218e-07]
2026-08-07 11:55:59,394 INFO epoch=1 step=1160/5814 loss=1.602992 grad_norm=12.5150 lr=[1.1774311832371365e-06, 1.1774311832371365e-06, 7.064587099422819e-07, 7.064587099422819e-07, 1.8838898931794183e-07, 1.8838898931794183e-07]
2026-08-07 11:56:01,995 INFO epoch=1 step=1170/5814 loss=1.340104 grad_norm=14.1990 lr=[1.1757865361856767e-06, 1.1757865361856767e-06, 7.05471921711406e-07, 7.05471921711406e-07, 1.8812584578970824e-07, 1.8812584578970824e-07]
2026-08-07 11:56:04,561 INFO epoch=1 step=1180/5814 loss=1.635242 grad_norm=13.3467 lr=[1.1741246748113073e-06, 1.1741246748113073e-06, 7.044748048867844e-07, 7.044748048867844e-07, 1.8785994796980916e-07, 1.8785994796980916e-07]
2026-08-07 11:56:07,051 INFO epoch=1 step=1190/5814 loss=1.738916 grad_norm=11.3798 lr=[1.1724456528844303e-06, 1.1724456528844303e-06, 7.034673917306581e-07, 7.034673917306581e-07, 1.8759130446150883e-07, 1.8759130446150883e-07]
2026-08-07 11:56:09,533 INFO epoch=1 step=1200/5814 loss=1.574735 grad_norm=13.2760 lr=[1.1707495247306861e-06, 1.1707495247306861e-06, 7.024497148384117e-07, 7.024497148384117e-07, 1.8731992395690977e-07, 1.8731992395690977e-07]
/data1/work/MichaelYu/miniconda3/envs/florence/lib/python3.10/site-packages/transformers/generation/configuration_utils.py:453: UserWarning: `num_beams` is set to 1. However, `early_stopping` is set to `True` -- this flag is only used in beam-based generation modes. You should set `num_beams>1` or unset `early_stopping`.
  warnings.warn(
2026-08-07 11:57:53,629 INFO dev metrics: {'samples': 128, 'empty_outputs': 0, 'average_words': 21.515625, 'p95_words': 29, 'length_18_24_ratio': 0.5859375, 'single_sentence_ratio': 1.0, 'subject_start_ratio': 1.0, 'dev_loss': 1.4719835742222087, 'global_step': 1200}
2026-08-07 11:57:59,995 INFO epoch=1 step=1210/5814 loss=1.669070 grad_norm=10.6486 lr=[1.1690363452291965e-06, 1.1690363452291965e-06, 7.014218071375179e-07, 7.014218071375179e-07, 1.8704581523667142e-07, 1.8704581523667142e-07]
2026-08-07 11:58:05,399 INFO epoch=1 step=1220/5814 loss=1.542786 grad_norm=14.0343 lr=[1.167306169810788e-06, 1.167306169810788e-06, 7.003837018864728e-07, 7.003837018864728e-07, 1.8676898716972606e-07, 1.8676898716972606e-07]
2026-08-07 11:58:08,114 INFO epoch=1 step=1230/5814 loss=1.495156 grad_norm=10.9032 lr=[1.1655590544561997e-06, 1.1655590544561997e-06, 6.993354326737197e-07, 6.993354326737197e-07, 1.8648944871299192e-07, 1.8648944871299192e-07]
2026-08-07 11:58:10,611 INFO epoch=1 step=1240/5814 loss=1.766119 grad_norm=9.9924 lr=[1.163795055694271e-06, 1.163795055694271e-06, 6.982770334165625e-07, 6.982770334165625e-07, 1.8620720891108334e-07, 1.8620720891108334e-07]
2026-08-07 11:58:13,091 INFO epoch=1 step=1250/5814 loss=1.578651 grad_norm=10.6535 lr=[1.1620142306001125e-06, 1.1620142306001125e-06, 6.972085383600674e-07, 6.972085383600674e-07, 1.8592227689601796e-07, 1.8592227689601796e-07]
2026-08-07 11:58:15,575 INFO epoch=1 step=1260/5814 loss=1.560365 grad_norm=11.3379 lr=[1.1602166367932598e-06, 1.1602166367932598e-06, 6.961299820759558e-07, 6.961299820759558e-07, 1.8563466188692155e-07, 1.8563466188692155e-07]
2026-08-07 11:58:18,185 INFO epoch=1 step=1270/5814 loss=1.565600 grad_norm=11.4284 lr=[1.1584023324358097e-06, 1.1584023324358097e-06, 6.950413994614858e-07, 6.950413994614858e-07, 1.8534437318972953e-07, 1.8534437318972953e-07]
2026-08-07 11:58:20,679 INFO epoch=1 step=1280/5814 loss=1.596805 grad_norm=11.6561 lr=[1.1565713762305372e-06, 1.1565713762305372e-06, 6.939428257383223e-07, 6.939428257383223e-07, 1.8505142019688592e-07, 1.8505142019688592e-07]
2026-08-07 11:58:23,171 INFO epoch=1 step=1290/5814 loss=1.749353 grad_norm=9.6749 lr=[1.154723827418996e-06, 1.154723827418996e-06, 6.928342964513975e-07, 6.928342964513975e-07, 1.8475581238703931e-07, 1.8475581238703931e-07]
2026-08-07 11:58:25,665 INFO epoch=1 step=1300/5814 loss=1.416875 grad_norm=10.9283 lr=[1.1528597457796032e-06, 1.1528597457796032e-06, 6.91715847467762e-07, 6.91715847467762e-07, 1.844575593247365e-07, 1.844575593247365e-07]
2026-08-07 11:58:28,211 INFO epoch=1 step=1310/5814 loss=1.397182 grad_norm=9.1356 lr=[1.1509791916257042e-06, 1.1509791916257042e-06, 6.905875149754224e-07, 6.905875149754224e-07, 1.8415667066011265e-07, 1.8415667066011265e-07]
2026-08-07 11:58:30,768 INFO epoch=1 step=1320/5814 loss=1.425499 grad_norm=12.3497 lr=[1.149082225803621e-06, 1.149082225803621e-06, 6.894493354821726e-07, 6.894493354821726e-07, 1.8385315612857935e-07, 1.8385315612857935e-07]
2026-08-07 11:58:33,327 INFO epoch=1 step=1330/5814 loss=1.430318 grad_norm=9.8623 lr=[1.147168909690684e-06, 1.147168909690684e-06, 6.883013458144103e-07, 6.883013458144103e-07, 1.835470255505094e-07, 1.835470255505094e-07]
2026-08-07 11:58:36,064 INFO epoch=1 step=1340/5814 loss=1.491571 grad_norm=12.8185 lr=[1.1452393051932455e-06, 1.1452393051932455e-06, 6.871435831159472e-07, 6.871435831159472e-07, 1.8323828883091926e-07, 1.8323828883091926e-07]
2026-08-07 11:58:38,634 INFO epoch=1 step=1350/5814 loss=1.307065 grad_norm=11.7632 lr=[1.1432934747446777e-06, 1.1432934747446777e-06, 6.859760848468065e-07, 6.859760848468065e-07, 1.829269559591484e-07, 1.829269559591484e-07]
2026-08-07 11:58:41,186 INFO epoch=1 step=1360/5814 loss=1.518854 grad_norm=10.4479 lr=[1.1413314813033512e-06, 1.1413314813033512e-06, 6.847988887820108e-07, 6.847988887820108e-07, 1.8261303700853618e-07, 1.8261303700853618e-07]
2026-08-07 11:58:43,662 INFO epoch=1 step=1370/5814 loss=1.503094 grad_norm=12.5480 lr=[1.1393533883506e-06, 1.1393533883506e-06, 6.8361203301036e-07, 6.8361203301036e-07, 1.8229654213609597e-07, 1.8229654213609597e-07]
2026-08-07 11:58:46,162 INFO epoch=1 step=1380/5814 loss=1.460218 grad_norm=17.1318 lr=[1.1373592598886646e-06, 1.1373592598886646e-06, 6.824155559331988e-07, 6.824155559331988e-07, 1.8197748158218632e-07, 1.8197748158218632e-07]
2026-08-07 11:58:48,641 INFO epoch=1 step=1390/5814 loss=1.532276 grad_norm=13.5179 lr=[1.1353491604386246e-06, 1.1353491604386246e-06, 6.812094962631747e-07, 6.812094962631747e-07, 1.816558656701799e-07, 1.816558656701799e-07]
2026-08-07 11:58:51,135 INFO epoch=1 step=1400/5814 loss=1.403579 grad_norm=10.1085 lr=[1.1333231550383082e-06, 1.1333231550383082e-06, 6.799938930229848e-07, 6.799938930229848e-07, 1.8133170480612926e-07, 1.8133170480612926e-07]
/data1/work/MichaelYu/miniconda3/envs/florence/lib/python3.10/site-packages/transformers/generation/configuration_utils.py:453: UserWarning: `num_beams` is set to 1. However, `early_stopping` is set to `True` -- this flag is only used in beam-based generation modes. You should set `num_beams>1` or unset `early_stopping`.
  warnings.warn(
2026-08-07 12:00:34,074 INFO dev metrics: {'samples': 128, 'empty_outputs': 0, 'average_words': 21.0078125, 'p95_words': 29, 'length_18_24_ratio': 0.59375, 'single_sentence_ratio': 1.0, 'subject_start_ratio': 1.0, 'dev_loss': 1.4566821260000427, 'global_step': 1400}
2026-08-07 12:00:40,442 INFO epoch=1 step=1410/5814 loss=1.721249 grad_norm=8.6597 lr=[1.1312813092401888e-06, 1.1312813092401888e-06, 6.787687855441133e-07, 6.787687855441133e-07, 1.810050094784302e-07, 1.810050094784302e-07]
2026-08-07 12:00:43,016 INFO epoch=1 step=1420/5814 loss=1.539445 grad_norm=8.7731 lr=[1.129223689109266e-06, 1.129223689109266e-06, 6.775342134655595e-07, 6.775342134655595e-07, 1.806757902574825e-07, 1.806757902574825e-07]
2026-08-07 12:00:45,559 INFO epoch=1 step=1430/5814 loss=1.481743 grad_norm=14.6831 lr=[1.1271503612209238e-06, 1.1271503612209238e-06, 6.762902167325542e-07, 6.762902167325542e-07, 1.8034405779534778e-07, 1.8034405779534778e-07]
2026-08-07 12:00:51,677 INFO epoch=1 step=1440/5814 loss=1.432436 grad_norm=10.4021 lr=[1.1250613926587809e-06, 1.1250613926587809e-06, 6.750368355952685e-07, 6.750368355952685e-07, 1.800098228254049e-07, 1.800098228254049e-07]
2026-08-07 12:00:54,152 INFO epoch=1 step=1450/5814 loss=1.634590 grad_norm=13.0503 lr=[1.1229568510125174e-06, 1.1229568510125174e-06, 6.737741106075105e-07, 6.737741106075105e-07, 1.7967309616200278e-07, 1.7967309616200278e-07]
2026-08-07 12:00:56,640 INFO epoch=1 step=1460/5814 loss=1.483953 grad_norm=10.2503 lr=[1.1208368043756892e-06, 1.1208368043756892e-06, 6.725020826254134e-07, 6.725020826254134e-07, 1.7933388870011024e-07, 1.7933388870011024e-07]
2026-08-07 12:00:59,105 INFO epoch=1 step=1470/5814 loss=1.391446 grad_norm=9.5950 lr=[1.1187013213435235e-06, 1.1187013213435235e-06, 6.712207928061141e-07, 6.712207928061141e-07, 1.7899221141496373e-07, 1.7899221141496373e-07]
2026-08-07 12:01:01,580 INFO epoch=1 step=1480/5814 loss=1.467802 grad_norm=16.9198 lr=[1.1165504710107015e-06, 1.1165504710107015e-06, 6.699302826064209e-07, 6.699302826064209e-07, 1.7864807536171222e-07, 1.7864807536171222e-07]
2026-08-07 12:01:04,081 INFO epoch=1 step=1490/5814 loss=1.647099 grad_norm=17.3683 lr=[1.1143843229691204e-06, 1.1143843229691204e-06, 6.686305937814721e-07, 6.686305937814721e-07, 1.7830149167505922e-07, 1.7830149167505922e-07]
2026-08-07 12:01:06,558 INFO epoch=1 step=1500/5814 loss=1.501572 grad_norm=13.7176 lr=[1.112202947305643e-06, 1.112202947305643e-06, 6.673217683833858e-07, 6.673217683833858e-07, 1.7795247156890287e-07, 1.7795247156890287e-07]
2026-08-07 12:01:09,033 INFO epoch=1 step=1510/5814 loss=1.401361 grad_norm=11.1678 lr=[1.1100064145998308e-06, 1.1100064145998308e-06, 6.660038487598985e-07, 6.660038487598985e-07, 1.776010263359729e-07, 1.776010263359729e-07]
2026-08-07 12:01:11,546 INFO epoch=1 step=1520/5814 loss=1.500919 grad_norm=10.4953 lr=[1.1077947959216583e-06, 1.1077947959216583e-06, 6.64676877552995e-07, 6.64676877552995e-07, 1.7724716734746533e-07, 1.7724716734746533e-07]
2026-08-07 12:01:14,062 INFO epoch=1 step=1530/5814 loss=1.603091 grad_norm=9.1318 lr=[1.1055681628292152e-06, 1.1055681628292152e-06, 6.633408976975291e-07, 6.633408976975291e-07, 1.768909060526744e-07, 1.768909060526744e-07]
2026-08-07 12:01:16,529 INFO epoch=1 step=1540/5814 loss=1.244866 grad_norm=10.1597 lr=[1.1033265873663901e-06, 1.1033265873663901e-06, 6.61995952419834e-07, 6.61995952419834e-07, 1.765322539786224e-07, 1.765322539786224e-07]
2026-08-07 12:01:18,988 INFO epoch=1 step=1550/5814 loss=1.553220 grad_norm=9.3165 lr=[1.10107014206054e-06, 1.10107014206054e-06, 6.60642085236324e-07, 6.60642085236324e-07, 1.761712227296864e-07, 1.761712227296864e-07]
2026-08-07 12:01:21,610 INFO epoch=1 step=1560/5814 loss=1.475842 grad_norm=10.3403 lr=[1.098798899920144e-06, 1.098798899920144e-06, 6.592793399520864e-07, 6.592793399520864e-07, 1.7580782398722302e-07, 1.7580782398722302e-07]
2026-08-07 12:01:24,202 INFO epoch=1 step=1570/5814 loss=1.385481 grad_norm=11.4051 lr=[1.0965129344324399e-06, 1.0965129344324399e-06, 6.579077606594639e-07, 6.579077606594639e-07, 1.7544206950919036e-07, 1.7544206950919036e-07]
2026-08-07 12:01:26,712 INFO epoch=1 step=1580/5814 loss=1.647245 grad_norm=9.0073 lr=[1.0942123195610473e-06, 1.0942123195610473e-06, 6.565273917366283e-07, 6.565273917366283e-07, 1.7507397112976754e-07, 1.7507397112976754e-07]
2026-08-07 12:01:29,198 INFO epoch=1 step=1590/5814 loss=1.677747 grad_norm=13.5487 lr=[1.091897129743575e-06, 1.091897129743575e-06, 6.55138277846145e-07, 6.55138277846145e-07, 1.74703540758972e-07, 1.74703540758972e-07]
2026-08-07 12:01:31,674 INFO epoch=1 step=1600/5814 loss=1.636804 grad_norm=10.4818 lr=[1.0895674398892112e-06, 1.0895674398892112e-06, 6.537404639335267e-07, 6.537404639335267e-07, 1.7433079038227376e-07, 1.7433079038227376e-07]
/data1/work/MichaelYu/miniconda3/envs/florence/lib/python3.10/site-packages/transformers/generation/configuration_utils.py:453: UserWarning: `num_beams` is set to 1. However, `early_stopping` is set to `True` -- this flag is only used in beam-based generation modes. You should set `num_beams>1` or unset `early_stopping`.
  warnings.warn(
2026-08-07 12:03:16,306 INFO dev metrics: {'samples': 128, 'empty_outputs': 0, 'average_words': 21.6328125, 'p95_words': 30, 'length_18_24_ratio': 0.5078125, 'single_sentence_ratio': 1.0, 'subject_start_ratio': 1.0, 'dev_loss': 1.4385303105216654, 'global_step': 1600}
2026-08-07 12:03:22,611 INFO epoch=1 step=1610/5814 loss=1.525404 grad_norm=10.8919 lr=[1.0872233253763003e-06, 1.0872233253763003e-06, 6.523339952257802e-07, 6.523339952257802e-07, 1.7395573206020803e-07, 1.7395573206020803e-07]
2026-08-07 12:03:25,608 INFO epoch=1 step=1620/5814 loss=1.470361 grad_norm=8.8718 lr=[1.0848648620499048e-06, 1.0848648620499048e-06, 6.509189172299429e-07, 6.509189172299429e-07, 1.7357837792798474e-07, 1.7357837792798474e-07]
2026-08-07 12:03:28,106 INFO epoch=1 step=1630/5814 loss=1.652446 grad_norm=9.9677 lr=[1.0824921262193504e-06, 1.0824921262193504e-06, 6.494952757316103e-07, 6.494952757316103e-07, 1.7319874019509606e-07, 1.7319874019509606e-07]
2026-08-07 12:03:30,644 INFO epoch=1 step=1640/5814 loss=1.602599 grad_norm=10.1631 lr=[1.0801051946557569e-06, 1.0801051946557569e-06, 6.480631167934541e-07, 6.480631167934541e-07, 1.7281683114492106e-07, 1.7281683114492106e-07]
2026-08-07 12:03:33,115 INFO epoch=1 step=1650/5814 loss=1.565904 grad_norm=19.1207 lr=[1.0777041445895547e-06, 1.0777041445895547e-06, 6.466224867537328e-07, 6.466224867537328e-07, 1.7243266313432875e-07, 1.7243266313432875e-07]
2026-08-07 12:03:35,585 INFO epoch=1 step=1660/5814 loss=1.518122 grad_norm=12.7224 lr=[1.0752890537079858e-06, 1.0752890537079858e-06, 6.451734322247915e-07, 6.451734322247915e-07, 1.720462485932777e-07, 1.720462485932777e-07]
2026-08-07 12:03:38,051 INFO epoch=1 step=1670/5814 loss=1.460776 grad_norm=10.5070 lr=[1.0728600001525905e-06, 1.0728600001525905e-06, 6.437160000915542e-07, 6.437160000915542e-07, 1.7165760002441445e-07, 1.7165760002441445e-07]
2026-08-07 12:03:40,513 INFO epoch=1 step=1680/5814 loss=1.370632 grad_norm=11.2324 lr=[1.0704170625166782e-06, 1.0704170625166782e-06, 6.422502375100069e-07, 6.422502375100069e-07, 1.712667300026685e-07, 1.712667300026685e-07]
2026-08-07 12:03:42,989 INFO epoch=1 step=1690/5814 loss=1.428619 grad_norm=10.6212 lr=[1.0679603198427856e-06, 1.0679603198427856e-06, 6.407761919056713e-07, 6.407761919056713e-07, 1.7087365117484568e-07, 1.7087365117484568e-07]
2026-08-07 12:03:45,485 INFO epoch=1 step=1700/5814 loss=1.380747 grad_norm=11.1418 lr=[1.0654898516201183e-06, 1.0654898516201183e-06, 6.392939109720709e-07, 6.392939109720709e-07, 1.704783762592189e-07, 1.704783762592189e-07]
2026-08-07 12:03:47,957 INFO epoch=1 step=1710/5814 loss=1.486876 grad_norm=11.5754 lr=[1.0630057377819797e-06, 1.0630057377819797e-06, 6.378034426691877e-07, 6.378034426691877e-07, 1.7008091804511673e-07, 1.7008091804511673e-07]
2026-08-07 12:03:52,476 INFO epoch=1 step=1720/5814 loss=1.640212 grad_norm=10.1200 lr=[1.0605080587031837e-06, 1.0605080587031837e-06, 6.363048352219102e-07, 6.363048352219102e-07, 1.6968128939250936e-07, 1.6968128939250936e-07]
2026-08-07 12:03:54,930 INFO epoch=1 step=1730/5814 loss=1.184000 grad_norm=10.1999 lr=[1.0579968951974552e-06, 1.0579968951974552e-06, 6.34798137118473e-07, 6.34798137118473e-07, 1.692795032315928e-07, 1.692795032315928e-07]
2026-08-07 12:03:57,419 INFO epoch=1 step=1740/5814 loss=1.402010 grad_norm=12.7599 lr=[1.0554723285148144e-06, 1.0554723285148144e-06, 6.332833971088886e-07, 6.332833971088886e-07, 1.6887557256237029e-07, 1.6887557256237029e-07]
2026-08-07 12:03:59,921 INFO epoch=1 step=1750/5814 loss=1.735918 grad_norm=13.2084 lr=[1.052934440338949e-06, 1.052934440338949e-06, 6.317606642033694e-07, 6.317606642033694e-07, 1.6846951045423184e-07, 1.6846951045423184e-07]
2026-08-07 12:04:02,510 INFO epoch=1 step=1760/5814 loss=1.416493 grad_norm=10.1738 lr=[1.0503833127845704e-06, 1.0503833127845704e-06, 6.302299876707423e-07, 6.302299876707423e-07, 1.6806133004553124e-07, 1.6806133004553124e-07]
2026-08-07 12:04:05,107 INFO epoch=1 step=1770/5814 loss=1.590346 grad_norm=13.4142 lr=[1.0478190283947567e-06, 1.0478190283947567e-06, 6.286914170368539e-07, 6.286914170368539e-07, 1.6765104454316104e-07, 1.6765104454316104e-07]
2026-08-07 12:04:07,585 INFO epoch=1 step=1780/5814 loss=1.416189 grad_norm=9.6913 lr=[1.0452416701382827e-06, 1.0452416701382827e-06, 6.271450020829696e-07, 6.271450020829696e-07, 1.672386672221252e-07, 1.672386672221252e-07]
2026-08-07 12:04:10,049 INFO epoch=1 step=1790/5814 loss=1.568642 grad_norm=10.1535 lr=[1.0426513214069349e-06, 1.0426513214069349e-06, 6.255907928441609e-07, 6.255907928441609e-07, 1.6682421142510957e-07, 1.6682421142510957e-07]
2026-08-07 12:04:12,504 INFO epoch=1 step=1800/5814 loss=1.542778 grad_norm=13.8318 lr=[1.0400480660128136e-06, 1.0400480660128136e-06, 6.240288396076881e-07, 6.240288396076881e-07, 1.6640769056205015e-07, 1.6640769056205015e-07]
/data1/work/MichaelYu/miniconda3/envs/florence/lib/python3.10/site-packages/transformers/generation/configuration_utils.py:453: UserWarning: `num_beams` is set to 1. However, `early_stopping` is set to `True` -- this flag is only used in beam-based generation modes. You should set `num_beams>1` or unset `early_stopping`.
  warnings.warn(
2026-08-07 12:05:56,499 INFO dev metrics: {'samples': 128, 'empty_outputs': 0, 'average_words': 21.453125, 'p95_words': 29, 'length_18_24_ratio': 0.515625, 'single_sentence_ratio': 1.0, 'subject_start_ratio': 1.0, 'dev_loss': 1.4259810447842984, 'global_step': 1800}
2026-08-07 12:06:02,995 INFO epoch=1 step=1810/5814 loss=1.342886 grad_norm=11.2274 lr=[1.037431988185621e-06, 1.037431988185621e-06, 6.224591929113726e-07, 6.224591929113726e-07, 1.6598911810969934e-07, 1.6598911810969934e-07]
2026-08-07 12:06:05,463 INFO epoch=1 step=1820/5814 loss=1.453267 grad_norm=9.1373 lr=[1.034803172569936e-06, 1.034803172569936e-06, 6.208819035419615e-07, 6.208819035419615e-07, 1.6556850761118973e-07, 1.6556850761118973e-07]
2026-08-07 12:06:07,924 INFO epoch=1 step=1830/5814 loss=1.574723 grad_norm=10.6458 lr=[1.0321617042224747e-06, 1.0321617042224747e-06, 6.192970225334848e-07, 6.192970225334848e-07, 1.6514587267559594e-07, 1.6514587267559594e-07]
2026-08-07 12:06:13,347 INFO epoch=1 step=1840/5814 loss=1.543394 grad_norm=12.9089 lr=[1.02950766860934e-06, 1.02950766860934e-06, 6.177046011656039e-07, 6.177046011656039e-07, 1.6472122697749437e-07, 1.6472122697749437e-07]
2026-08-07 12:06:15,830 INFO epoch=1 step=1850/5814 loss=1.527455 grad_norm=15.5973 lr=[1.0268411516032545e-06, 1.0268411516032545e-06, 6.161046909619526e-07, 6.161046909619526e-07, 1.642945842565207e-07, 1.642945842565207e-07]
2026-08-07 12:06:18,313 INFO epoch=1 step=1860/5814 loss=1.320166 grad_norm=9.0999 lr=[1.0241622394807833e-06, 1.0241622394807833e-06, 6.1449734368847e-07, 6.1449734368847e-07, 1.6386595831692532e-07, 1.6386595831692532e-07]
2026-08-07 12:06:20,834 INFO epoch=1 step=1870/5814 loss=1.309333 grad_norm=8.5882 lr=[1.0214710189195421e-06, 1.0214710189195421e-06, 6.128826113517253e-07, 6.128826113517253e-07, 1.6343536302712673e-07, 1.6343536302712673e-07]
2026-08-07 12:06:23,295 INFO epoch=1 step=1880/5814 loss=1.372288 grad_norm=10.3079 lr=[1.0187675769953923e-06, 1.0187675769953923e-06, 6.112605461972353e-07, 6.112605461972353e-07, 1.6300281231926273e-07, 1.6300281231926273e-07]
2026-08-07 12:06:25,769 INFO epoch=1 step=1890/5814 loss=1.524416 grad_norm=12.8209 lr=[1.0160520011796239e-06, 1.0160520011796239e-06, 6.096312007077743e-07, 6.096312007077743e-07, 1.625683201887398e-07, 1.625683201887398e-07]
2026-08-07 12:06:28,247 INFO epoch=1 step=1900/5814 loss=1.448973 grad_norm=9.9736 lr=[1.0133243793361259e-06, 1.0133243793361259e-06, 6.079946276016755e-07, 6.079946276016755e-07, 1.6213190069378012e-07, 1.6213190069378012e-07]
2026-08-07 12:06:30,723 INFO epoch=1 step=1910/5814 loss=1.262169 grad_norm=10.3945 lr=[1.0105847997185422e-06, 1.0105847997185422e-06, 6.063508798311253e-07, 6.063508798311253e-07, 1.6169356795496674e-07, 1.6169356795496674e-07]
2026-08-07 12:06:33,280 INFO epoch=1 step=1920/5814 loss=1.740206 grad_norm=11.7061 lr=[1.0078333509674173e-06, 1.0078333509674173e-06, 6.047000105804503e-07, 6.047000105804503e-07, 1.6125333615478674e-07, 1.6125333615478674e-07]
2026-08-07 12:06:35,834 INFO epoch=1 step=1930/5814 loss=1.287856 grad_norm=10.8166 lr=[1.0050701221073277e-06, 1.0050701221073277e-06, 6.030420732643966e-07, 6.030420732643966e-07, 1.608112195371724e-07, 1.608112195371724e-07]
2026-08-07 12:06:38,957 INFO epoch=2 step=1940/5814 loss=1.335918 grad_norm=12.2239 lr=[1.0022952025440013e-06, 1.0022952025440013e-06, 6.013771215264008e-07, 6.013771215264008e-07, 1.603672324070402e-07, 1.603672324070402e-07]
2026-08-07 12:06:41,600 INFO epoch=2 step=1950/5814 loss=1.418522 grad_norm=11.3755 lr=[9.995086820614252e-07, 9.995086820614252e-07, 5.997052092368551e-07, 5.997052092368551e-07, 1.59921389129828e-07, 1.59921389129828e-07]
2026-08-07 12:06:44,289 INFO epoch=2 step=1960/5814 loss=1.450813 grad_norm=9.7344 lr=[9.967106508189398e-07, 9.967106508189398e-07, 5.980263904913639e-07, 5.980263904913639e-07, 1.5947370413103036e-07, 1.5947370413103036e-07]
2026-08-07 12:06:46,918 INFO epoch=2 step=1970/5814 loss=1.502776 grad_norm=9.3357 lr=[9.939011993483234e-07, 9.939011993483234e-07, 5.963407196089939e-07, 5.963407196089939e-07, 1.5902419189573172e-07, 1.5902419189573172e-07]
2026-08-07 12:06:49,475 INFO epoch=2 step=1980/5814 loss=1.360175 grad_norm=10.0628 lr=[9.9108041855086e-07, 9.9108041855086e-07, 5.94648251130516e-07, 5.94648251130516e-07, 1.585728669681376e-07, 1.585728669681376e-07]
2026-08-07 12:06:51,967 INFO epoch=2 step=1990/5814 loss=1.474977 grad_norm=10.3977 lr=[9.882483996944019e-07, 9.882483996944019e-07, 5.929490398166411e-07, 5.929490398166411e-07, 1.5811974395110427e-07, 1.5811974395110427e-07]
2026-08-07 12:06:54,465 INFO epoch=2 step=2000/5814 loss=1.515982 grad_norm=9.9336 lr=[9.854052344104134e-07, 9.854052344104134e-07, 5.91243140646248e-07, 5.91243140646248e-07, 1.5766483750566612e-07, 1.5766483750566612e-07]
/data1/work/MichaelYu/miniconda3/envs/florence/lib/python3.10/site-packages/transformers/generation/configuration_utils.py:453: UserWarning: `num_beams` is set to 1. However, `early_stopping` is set to `True` -- this flag is only used in beam-based generation modes. You should set `num_beams>1` or unset `early_stopping`.
  warnings.warn(
2026-08-07 12:09:13,006 INFO dev metrics: {'samples': 128, 'empty_outputs': 0, 'average_words': 21.4140625, 'p95_words': 29, 'length_18_24_ratio': 0.5234375, 'single_sentence_ratio': 1.0, 'subject_start_ratio': 1.0, 'dev_loss': 1.416167612914943, 'global_step': 2000}
2026-08-07 12:09:19,151 INFO epoch=2 step=2010/5814 loss=1.364993 grad_norm=10.1258 lr=[9.825510146910075e-07, 9.825510146910075e-07, 5.895306088146044e-07, 5.895306088146044e-07, 1.5720816235056115e-07, 1.5720816235056115e-07]
2026-08-07 12:09:21,676 INFO epoch=2 step=2020/5814 loss=1.431438 grad_norm=12.6742 lr=[9.796858328859698e-07, 9.796858328859698e-07, 5.878114997315818e-07, 5.878114997315818e-07, 1.5674973326175513e-07, 1.5674973326175513e-07]
2026-08-07 12:09:24,155 INFO epoch=2 step=2030/5814 loss=1.393211 grad_norm=12.0134 lr=[9.768097816997696e-07, 9.768097816997696e-07, 5.860858690198617e-07, 5.860858690198617e-07, 1.5628956507196311e-07, 1.5628956507196311e-07]
2026-08-07 12:09:26,646 INFO epoch=2 step=2040/5814 loss=1.663444 grad_norm=9.6134 lr=[9.739229541885607e-07, 9.739229541885607e-07, 5.843537725131364e-07, 5.843537725131364e-07, 1.558276726701697e-07, 1.558276726701697e-07]
2026-08-07 12:09:29,163 INFO epoch=2 step=2050/5814 loss=1.457136 grad_norm=9.7077 lr=[9.710254437571712e-07, 9.710254437571712e-07, 5.826152662543026e-07, 5.826152662543026e-07, 1.5536407100114737e-07, 1.5536407100114737e-07]
2026-08-07 12:09:31,679 INFO epoch=2 step=2060/5814 loss=1.237264 grad_norm=9.6760 lr=[9.6811734415608e-07, 9.6811734415608e-07, 5.80870406493648e-07, 5.80870406493648e-07, 1.5489877506497277e-07, 1.5489877506497277e-07]
2026-08-07 12:09:34,190 INFO epoch=2 step=2070/5814 loss=1.440342 grad_norm=9.1585 lr=[9.651987494783842e-07, 9.651987494783842e-07, 5.791192496870305e-07, 5.791192496870305e-07, 1.5443179991654145e-07, 1.5443179991654145e-07]
2026-08-07 12:09:36,704 INFO epoch=2 step=2080/5814 loss=1.372248 grad_norm=9.2869 lr=[9.622697541567554e-07, 9.622697541567554e-07, 5.773618524940532e-07, 5.773618524940532e-07, 1.5396316066508083e-07, 1.5396316066508083e-07]
2026-08-07 12:09:39,204 INFO epoch=2 step=2090/5814 loss=1.380221 grad_norm=10.9232 lr=[9.593304529603825e-07, 9.593304529603825e-07, 5.755982717762295e-07, 5.755982717762295e-07, 1.534928724736612e-07, 1.534928724736612e-07]
2026-08-07 12:09:41,691 INFO epoch=2 step=2100/5814 loss=1.784209 grad_norm=10.0363 lr=[9.563809409919073e-07, 9.563809409919073e-07, 5.738285645951443e-07, 5.738285645951443e-07, 1.5302095055870514e-07, 1.5302095055870514e-07]
2026-08-07 12:09:44,193 INFO epoch=2 step=2110/5814 loss=1.573336 grad_norm=10.0400 lr=[9.534213136843459e-07, 9.534213136843459e-07, 5.720527882106075e-07, 5.720527882106075e-07, 1.5254741018949533e-07, 1.5254741018949533e-07]
2026-08-07 12:09:46,744 INFO epoch=2 step=2120/5814 loss=1.479355 grad_norm=12.8079 lr=[9.504516667980019e-07, 9.504516667980019e-07, 5.702710000788011e-07, 5.702710000788011e-07, 1.5207226668768027e-07, 1.5207226668768027e-07]
2026-08-07 12:09:49,248 INFO epoch=2 step=2130/5814 loss=1.551982 grad_norm=9.3106 lr=[9.474720964173676e-07, 9.474720964173676e-07, 5.684832578504205e-07, 5.684832578504205e-07, 1.5159553542677878e-07, 1.5159553542677878e-07]
2026-08-07 12:09:51,934 INFO epoch=2 step=2140/5814 loss=1.363509 grad_norm=12.5849 lr=[9.444826989480147e-07, 9.444826989480147e-07, 5.666896193688088e-07, 5.666896193688088e-07, 1.5111723183168233e-07, 1.5111723183168233e-07]
2026-08-07 12:09:54,542 INFO epoch=2 step=2150/5814 loss=1.750148 grad_norm=10.1635 lr=[9.414835711134764e-07, 9.414835711134764e-07, 5.648901426680858e-07, 5.648901426680858e-07, 1.506373713781562e-07, 1.506373713781562e-07]
2026-08-07 12:09:57,060 INFO epoch=2 step=2160/5814 loss=1.613645 grad_norm=12.1002 lr=[9.384748099521166e-07, 9.384748099521166e-07, 5.630848859712699e-07, 5.630848859712699e-07, 1.5015596959233862e-07, 1.5015596959233862e-07]
2026-08-07 12:09:59,570 INFO epoch=2 step=2170/5814 loss=1.206468 grad_norm=9.4271 lr=[9.354565128139902e-07, 9.354565128139902e-07, 5.612739076883941e-07, 5.612739076883941e-07, 1.496730420502384e-07, 1.496730420502384e-07]
2026-08-07 12:10:02,087 INFO epoch=2 step=2180/5814 loss=1.486409 grad_norm=11.3578 lr=[9.324287773576942e-07, 9.324287773576942e-07, 5.594572664146166e-07, 5.594572664146166e-07, 1.4918860437723107e-07, 1.4918860437723107e-07]
2026-08-07 12:10:04,605 INFO epoch=2 step=2190/5814 loss=1.541547 grad_norm=11.5535 lr=[9.293917015472073e-07, 9.293917015472073e-07, 5.576350209283243e-07, 5.576350209283243e-07, 1.4870267224755314e-07, 1.4870267224755314e-07]
2026-08-07 12:10:07,118 INFO epoch=2 step=2200/5814 loss=1.413371 grad_norm=10.2086 lr=[9.263453836487199e-07, 9.263453836487199e-07, 5.558072301892319e-07, 5.558072301892319e-07, 1.4821526138379516e-07, 1.4821526138379516e-07]
/data1/work/MichaelYu/miniconda3/envs/florence/lib/python3.10/site-packages/transformers/generation/configuration_utils.py:453: UserWarning: `num_beams` is set to 1. However, `early_stopping` is set to `True` -- this flag is only used in beam-based generation modes. You should set `num_beams>1` or unset `early_stopping`.
  warnings.warn(
2026-08-07 12:13:58,030 INFO dev metrics: {'samples': 128, 'empty_outputs': 0, 'average_words': 21.453125, 'p95_words': 30, 'length_18_24_ratio': 0.5, 'single_sentence_ratio': 1.0, 'subject_start_ratio': 1.0, 'dev_loss': 1.4071480601974384, 'global_step': 2200}
2026-08-07 12:14:03,925 INFO epoch=2 step=2210/5814 loss=1.359560 grad_norm=10.6089 lr=[9.232899222274555e-07, 9.232899222274555e-07, 5.539739533364732e-07, 5.539739533364732e-07, 1.4772638755639287e-07, 1.4772638755639287e-07]
2026-08-07 12:14:06,478 INFO epoch=2 step=2220/5814 loss=1.427182 grad_norm=9.9963 lr=[9.202254161444808e-07, 9.202254161444808e-07, 5.521352496866885e-07, 5.521352496866885e-07, 1.4723606658311692e-07, 1.4723606658311692e-07]
2026-08-07 12:14:08,978 INFO epoch=2 step=2230/5814 loss=1.434746 grad_norm=10.5001 lr=[9.171519645535075e-07, 9.171519645535075e-07, 5.502911787321045e-07, 5.502911787321045e-07, 1.4674431432856118e-07, 1.4674431432856118e-07]
2026-08-07 12:14:11,490 INFO epoch=2 step=2240/5814 loss=1.377882 grad_norm=11.9882 lr=[9.140696668976836e-07, 9.140696668976836e-07, 5.484418001386102e-07, 5.484418001386102e-07, 1.4625114670362937e-07, 1.4625114670362937e-07]
2026-08-07 12:14:13,961 INFO epoch=2 step=2250/5814 loss=1.378843 grad_norm=9.8981 lr=[9.109786229063767e-07, 9.109786229063767e-07, 5.46587173743826e-07, 5.46587173743826e-07, 1.4575657966502027e-07, 1.4575657966502027e-07]
2026-08-07 12:14:16,435 INFO epoch=2 step=2260/5814 loss=1.526255 grad_norm=10.9556 lr=[9.078789325919463e-07, 9.078789325919463e-07, 5.447273595551677e-07, 5.447273595551677e-07, 1.452606292147114e-07, 1.452606292147114e-07]
2026-08-07 12:14:18,912 INFO epoch=2 step=2270/5814 loss=1.217052 grad_norm=8.7169 lr=[9.047706962465082e-07, 9.047706962465082e-07, 5.428624177479049e-07, 5.428624177479049e-07, 1.4476331139944128e-07, 1.4476331139944128e-07]
2026-08-07 12:14:21,406 INFO epoch=2 step=2280/5814 loss=1.638023 grad_norm=12.0736 lr=[9.016540144386903e-07, 9.016540144386903e-07, 5.409924086632141e-07, 5.409924086632141e-07, 1.4426464231019043e-07, 1.4426464231019043e-07]
2026-08-07 12:14:24,039 INFO epoch=2 step=2290/5814 loss=1.570751 grad_norm=10.2493 lr=[8.985289880103764e-07, 8.985289880103764e-07, 5.391173928062258e-07, 5.391173928062258e-07, 1.4376463808166022e-07, 1.4376463808166022e-07]
2026-08-07 12:14:26,581 INFO epoch=2 step=2300/5814 loss=1.615342 grad_norm=13.6506 lr=[8.953957180734468e-07, 8.953957180734468e-07, 5.372374308440681e-07, 5.372374308440681e-07, 1.4326331489175147e-07, 1.4326331489175147e-07]
2026-08-07 12:14:29,107 INFO epoch=2 step=2310/5814 loss=1.342090 grad_norm=16.3606 lr=[8.922543060065034e-07, 8.922543060065034e-07, 5.35352583603902e-07, 5.35352583603902e-07, 1.427606889610405e-07, 1.427606889610405e-07]
2026-08-07 12:14:31,578 INFO epoch=2 step=2320/5814 loss=1.219316 grad_norm=11.1613 lr=[8.891048534515913e-07, 8.891048534515913e-07, 5.334629120709548e-07, 5.334629120709548e-07, 1.4225677655225459e-07, 1.4225677655225459e-07]
2026-08-07 12:14:34,059 INFO epoch=2 step=2330/5814 loss=1.470869 grad_norm=9.5590 lr=[8.859474623109103e-07, 8.859474623109103e-07, 5.315684773865462e-07, 5.315684773865462e-07, 1.4175159396974562e-07, 1.4175159396974562e-07]
2026-08-07 12:14:36,642 INFO epoch=2 step=2340/5814 loss=1.570686 grad_norm=13.1350 lr=[8.827822347435172e-07, 8.827822347435172e-07, 5.296693408461103e-07, 5.296693408461103e-07, 1.4124515755896274e-07, 1.4124515755896274e-07]
2026-08-07 12:14:39,134 INFO epoch=2 step=2350/5814 loss=1.346138 grad_norm=11.4087 lr=[8.796092731620201e-07, 8.796092731620201e-07, 5.27765563897212e-07, 5.27765563897212e-07, 1.407374837059232e-07, 1.407374837059232e-07]
2026-08-07 12:14:41,620 INFO epoch=2 step=2360/5814 loss=1.386855 grad_norm=12.6843 lr=[8.764286802292655e-07, 8.764286802292655e-07, 5.258572081375593e-07, 5.258572081375593e-07, 1.4022858883668246e-07, 1.4022858883668246e-07]
2026-08-07 12:14:44,115 INFO epoch=2 step=2370/5814 loss=1.450199 grad_norm=8.3275 lr=[8.732405588550167e-07, 8.732405588550167e-07, 5.2394433531301e-07, 5.2394433531301e-07, 1.3971848941680263e-07, 1.3971848941680263e-07]
2026-08-07 12:14:46,598 INFO epoch=2 step=2380/5814 loss=1.610897 grad_norm=10.8485 lr=[8.700450121926225e-07, 8.700450121926225e-07, 5.220270073155735e-07, 5.220270073155735e-07, 1.3920720195081957e-07, 1.3920720195081957e-07]
2026-08-07 12:14:49,065 INFO epoch=2 step=2390/5814 loss=1.325993 grad_norm=10.6394 lr=[8.668421436356824e-07, 8.668421436356824e-07, 5.201052861814095e-07, 5.201052861814095e-07, 1.3869474298170918e-07, 1.3869474298170918e-07]
2026-08-07 12:14:51,536 INFO epoch=2 step=2400/5814 loss=1.480273 grad_norm=11.5672 lr=[8.636320568146986e-07, 8.636320568146986e-07, 5.181792340888192e-07, 5.181792340888192e-07, 1.3818112909035176e-07, 1.3818112909035176e-07]
/data1/work/MichaelYu/miniconda3/envs/florence/lib/python3.10/site-packages/transformers/generation/configuration_utils.py:453: UserWarning: `num_beams` is set to 1. However, `early_stopping` is set to `True` -- this flag is only used in beam-based generation modes. You should set `num_beams>1` or unset `early_stopping`.
  warnings.warn(
2026-08-07 12:16:35,562 INFO dev metrics: {'samples': 128, 'empty_outputs': 0, 'average_words': 21.5625, 'p95_words': 30, 'length_18_24_ratio': 0.484375, 'single_sentence_ratio': 1.0, 'subject_start_ratio': 1.0, 'dev_loss': 1.399172220180565, 'global_step': 2400}
2026-08-07 12:16:41,388 INFO epoch=2 step=2410/5814 loss=1.410207 grad_norm=78.6019 lr=[8.604148555937241e-07, 8.604148555937241e-07, 5.162489133562344e-07, 5.162489133562344e-07, 1.3766637689499584e-07, 1.3766637689499584e-07]
2026-08-07 12:16:43,860 INFO epoch=2 step=2420/5814 loss=1.637275 grad_norm=11.2791 lr=[8.571906440670023e-07, 8.571906440670023e-07, 5.143143864402014e-07, 5.143143864402014e-07, 1.3715050305072036e-07, 1.3715050305072036e-07]
2026-08-07 12:16:46,344 INFO epoch=2 step=2430/5814 loss=1.619831 grad_norm=11.4439 lr=[8.539595265555991e-07, 8.539595265555991e-07, 5.123757159333594e-07, 5.123757159333594e-07, 1.3663352424889584e-07, 1.3663352424889584e-07]
2026-08-07 12:16:48,820 INFO epoch=2 step=2440/5814 loss=1.304358 grad_norm=11.5933 lr=[8.507216076040266e-07, 8.507216076040266e-07, 5.10432964562416e-07, 5.10432964562416e-07, 1.3611545721664423e-07, 1.3611545721664423e-07]
2026-08-07 12:16:51,297 INFO epoch=2 step=2450/5814 loss=1.654961 grad_norm=17.6061 lr=[8.474769919768611e-07, 8.474769919768611e-07, 5.084861951861166e-07, 5.084861951861166e-07, 1.3559631871629776e-07, 1.3559631871629776e-07]
2026-08-07 12:16:53,931 INFO epoch=2 step=2460/5814 loss=1.354295 grad_norm=14.9416 lr=[8.442257846553537e-07, 8.442257846553537e-07, 5.065354707932121e-07, 5.065354707932121e-07, 1.3507612554485658e-07, 1.3507612554485658e-07]
2026-08-07 12:16:56,460 INFO epoch=2 step=2470/5814 loss=1.311139 grad_norm=9.7618 lr=[8.409680908340332e-07, 8.409680908340332e-07, 5.045808545004199e-07, 5.045808545004199e-07, 1.3455489453344527e-07, 1.3455489453344527e-07]
2026-08-07 12:16:58,950 INFO epoch=2 step=2480/5814 loss=1.254276 grad_norm=9.0275 lr=[8.377040159173023e-07, 8.377040159173023e-07, 5.026224095503813e-07, 5.026224095503813e-07, 1.3403264254676834e-07, 1.3403264254676834e-07]
2026-08-07 12:17:01,439 INFO epoch=2 step=2490/5814 loss=1.362658 grad_norm=11.6249 lr=[8.344336655160273e-07, 8.344336655160273e-07, 5.006601993096163e-07, 5.006601993096163e-07, 1.3350938648256436e-07, 1.3350938648256436e-07]
2026-08-07 12:17:03,911 INFO epoch=2 step=2500/5814 loss=1.460808 grad_norm=14.9729 lr=[8.311571454441221e-07, 8.311571454441221e-07, 4.986942872664732e-07, 4.986942872664732e-07, 1.3298514327105953e-07, 1.3298514327105953e-07]
2026-08-07 12:17:06,402 INFO epoch=2 step=2510/5814 loss=1.462982 grad_norm=14.4431 lr=[8.27874561715122e-07, 8.27874561715122e-07, 4.967247370290731e-07, 4.967247370290731e-07, 1.324599298744195e-07, 1.324599298744195e-07]
2026-08-07 12:17:08,886 INFO epoch=2 step=2520/5814 loss=1.533456 grad_norm=13.2029 lr=[8.245860205387561e-07, 8.245860205387561e-07, 4.947516123232536e-07, 4.947516123232536e-07, 1.3193376328620095e-07, 1.3193376328620095e-07]
2026-08-07 12:17:11,366 INFO epoch=2 step=2530/5814 loss=1.332402 grad_norm=9.6873 lr=[8.212916283175103e-07, 8.212916283175103e-07, 4.927749769905062e-07, 4.927749769905062e-07, 1.3140666053080163e-07, 1.3140666053080163e-07]
2026-08-07 12:17:13,867 INFO epoch=2 step=2540/5814 loss=1.626185 grad_norm=11.3988 lr=[8.179914916431827e-07, 8.179914916431827e-07, 4.907948949859096e-07, 4.907948949859096e-07, 1.3087863866290921e-07, 1.3087863866290921e-07]
2026-08-07 12:17:16,355 INFO epoch=2 step=2550/5814 loss=1.405083 grad_norm=18.6788 lr=[8.146857172934375e-07, 8.146857172934375e-07, 4.888114303760625e-07, 4.888114303760625e-07, 1.3034971476694997e-07, 1.3034971476694997e-07]
2026-08-07 12:17:18,823 INFO epoch=2 step=2560/5814 loss=1.259769 grad_norm=9.0058 lr=[8.113744122283484e-07, 8.113744122283484e-07, 4.868246473370091e-07, 4.868246473370091e-07, 1.2981990595653573e-07, 1.2981990595653573e-07]
2026-08-07 12:17:21,296 INFO epoch=2 step=2570/5814 loss=1.525886 grad_norm=11.1231 lr=[8.08057683586938e-07, 8.08057683586938e-07, 4.848346101521628e-07, 4.848346101521628e-07, 1.2928922937391007e-07, 1.2928922937391007e-07]
2026-08-07 12:17:23,799 INFO epoch=2 step=2580/5814 loss=1.332346 grad_norm=8.7465 lr=[8.047356386837123e-07, 8.047356386837123e-07, 4.828413832102274e-07, 4.828413832102274e-07, 1.2875770218939394e-07, 1.2875770218939394e-07]
2026-08-07 12:17:26,284 INFO epoch=2 step=2590/5814 loss=1.362187 grad_norm=9.5813 lr=[8.014083850051869e-07, 8.014083850051869e-07, 4.808450310031121e-07, 4.808450310031121e-07, 1.282253416008299e-07, 1.282253416008299e-07]
2026-08-07 12:17:28,764 INFO epoch=2 step=2600/5814 loss=1.715458 grad_norm=8.8726 lr=[7.980760302064111e-07, 7.980760302064111e-07, 4.788456181238467e-07, 4.788456181238467e-07, 1.2769216483302576e-07, 1.2769216483302576e-07]
/data1/work/MichaelYu/miniconda3/envs/florence/lib/python3.10/site-packages/transformers/generation/configuration_utils.py:453: UserWarning: `num_beams` is set to 1. However, `early_stopping` is set to `True` -- this flag is only used in beam-based generation modes. You should set `num_beams>1` or unset `early_stopping`.
  warnings.warn(
2026-08-07 12:19:11,383 INFO dev metrics: {'samples': 128, 'empty_outputs': 0, 'average_words': 21.59375, 'p95_words': 31, 'length_18_24_ratio': 0.46875, 'single_sentence_ratio': 1.0, 'subject_start_ratio': 1.0, 'dev_loss': 1.3944174401613365, 'global_step': 2600}
2026-08-07 12:19:17,199 INFO epoch=2 step=2610/5814 loss=1.471030 grad_norm=11.5642 lr=[7.947386821074825e-07, 7.947386821074825e-07, 4.768432092644895e-07, 4.768432092644895e-07, 1.2715818913719719e-07, 1.2715818913719719e-07]
2026-08-07 12:19:19,831 INFO epoch=2 step=2620/5814 loss=1.425141 grad_norm=12.7897 lr=[7.913964486900604e-07, 7.913964486900604e-07, 4.748378692140362e-07, 4.748378692140362e-07, 1.2662343179040965e-07, 1.2662343179040965e-07]
2026-08-07 12:19:22,470 INFO epoch=2 step=2630/5814 loss=1.290545 grad_norm=11.6842 lr=[7.880494380938709e-07, 7.880494380938709e-07, 4.7282966285632254e-07, 4.7282966285632254e-07, 1.2608791009501934e-07, 1.2608791009501934e-07]
2026-08-07 12:19:25,010 INFO epoch=2 step=2640/5814 loss=1.319216 grad_norm=10.1384 lr=[7.846977586132082e-07, 7.846977586132082e-07, 4.708186551679249e-07, 4.708186551679249e-07, 1.255516413781133e-07, 1.255516413781133e-07]
2026-08-07 12:19:27,491 INFO epoch=2 step=2650/5814 loss=1.339045 grad_norm=9.8655 lr=[7.813415186934305e-07, 7.813415186934305e-07, 4.6880491121605824e-07, 4.6880491121605824e-07, 1.2501464299094886e-07, 1.2501464299094886e-07]
2026-08-07 12:19:29,986 INFO epoch=2 step=2660/5814 loss=1.462641 grad_norm=11.3726 lr=[7.779808269274521e-07, 7.779808269274521e-07, 4.667884961564712e-07, 4.667884961564712e-07, 1.244769323083923e-07, 1.244769323083923e-07]
2026-08-07 12:19:32,480 INFO epoch=2 step=2670/5814 loss=1.448775 grad_norm=10.0072 lr=[7.74615792052228e-07, 7.74615792052228e-07, 4.647694752313368e-07, 4.647694752313368e-07, 1.2393852672835647e-07, 1.2393852672835647e-07]
2026-08-07 12:19:34,961 INFO epoch=2 step=2680/5814 loss=1.337476 grad_norm=11.9142 lr=[7.712465229452382e-07, 7.712465229452382e-07, 4.6274791376714285e-07, 4.6274791376714285e-07, 1.2339944367123809e-07, 1.2339944367123809e-07]
2026-08-07 12:19:37,522 INFO epoch=2 step=2690/5814 loss=1.581314 grad_norm=15.1694 lr=[7.678731286209624e-07, 7.678731286209624e-07, 4.6072387717257745e-07, 4.6072387717257745e-07, 1.2285970057935397e-07, 1.2285970057935397e-07]
2026-08-07 12:19:40,010 INFO epoch=2 step=2700/5814 loss=1.250469 grad_norm=12.0047 lr=[7.644957182273543e-07, 7.644957182273543e-07, 4.586974309364126e-07, 4.586974309364126e-07, 1.2231931491637668e-07, 1.2231931491637668e-07]
2026-08-07 12:19:42,538 INFO epoch=2 step=2710/5814 loss=1.414392 grad_norm=16.5684 lr=[7.611144010423098e-07, 7.611144010423098e-07, 4.5666864062538583e-07, 4.5666864062538583e-07, 1.2177830416676955e-07, 1.2177830416676955e-07]
2026-08-07 12:19:45,034 INFO epoch=2 step=2720/5814 loss=1.470418 grad_norm=11.6665 lr=[7.577292864701308e-07, 7.577292864701308e-07, 4.5463757188207844e-07, 4.5463757188207844e-07, 1.212366858352209e-07, 1.212366858352209e-07]
2026-08-07 12:19:47,523 INFO epoch=2 step=2730/5814 loss=1.517007 grad_norm=11.0206 lr=[7.543404840379854e-07, 7.543404840379854e-07, 4.5260429042279127e-07, 4.5260429042279127e-07, 1.2069447744607766e-07, 1.2069447744607766e-07]
2026-08-07 12:19:50,003 INFO epoch=2 step=2740/5814 loss=1.337723 grad_norm=10.0630 lr=[7.509481033923653e-07, 7.509481033923653e-07, 4.5056886203541915e-07, 4.5056886203541915e-07, 1.2015169654277843e-07, 1.2015169654277843e-07]
2026-08-07 12:19:52,475 INFO epoch=2 step=2750/5814 loss=1.380501 grad_norm=12.6631 lr=[7.475522542955363e-07, 7.475522542955363e-07, 4.4853135257732176e-07, 4.4853135257732176e-07, 1.196083606872858e-07, 1.196083606872858e-07]
2026-08-07 12:19:54,960 INFO epoch=2 step=2760/5814 loss=1.626102 grad_norm=10.4085 lr=[7.441530466219882e-07, 7.441530466219882e-07, 4.4649182797319287e-07, 4.4649182797319287e-07, 1.1906448745951809e-07, 1.1906448745951809e-07]
2026-08-07 12:19:57,436 INFO epoch=2 step=2770/5814 loss=1.429323 grad_norm=12.8029 lr=[7.40750590354879e-07, 7.40750590354879e-07, 4.444503542129274e-07, 4.444503542129274e-07, 1.1852009445678064e-07, 1.1852009445678064e-07]
2026-08-07 12:19:59,929 INFO epoch=2 step=2780/5814 loss=1.445905 grad_norm=10.5696 lr=[7.373449955824773e-07, 7.373449955824773e-07, 4.4240699734948634e-07, 4.4240699734948634e-07, 1.1797519929319634e-07, 1.1797519929319634e-07]
2026-08-07 12:20:02,558 INFO epoch=2 step=2790/5814 loss=1.172519 grad_norm=14.4317 lr=[7.339363724945987e-07, 7.339363724945987e-07, 4.403618234967592e-07, 4.403618234967592e-07, 1.1742981959913578e-07, 1.1742981959913578e-07]
2026-08-07 12:20:05,070 INFO epoch=2 step=2800/5814 loss=1.432521 grad_norm=9.7195 lr=[7.305248313790425e-07, 7.305248313790425e-07, 4.383148988274255e-07, 4.383148988274255e-07, 1.1688397302064678e-07, 1.1688397302064678e-07]
/data1/work/MichaelYu/miniconda3/envs/florence/lib/python3.10/site-packages/transformers/generation/configuration_utils.py:453: UserWarning: `num_beams` is set to 1. However, `early_stopping` is set to `True` -- this flag is only used in beam-based generation modes. You should set `num_beams>1` or unset `early_stopping`.
  warnings.warn(
2026-08-07 12:21:48,148 INFO dev metrics: {'samples': 128, 'empty_outputs': 0, 'average_words': 21.703125, 'p95_words': 31, 'length_18_24_ratio': 0.5234375, 'single_sentence_ratio': 1.0, 'subject_start_ratio': 1.0, 'dev_loss': 1.389319313970416, 'global_step': 2800}
2026-08-07 12:21:54,267 INFO epoch=2 step=2810/5814 loss=1.337580 grad_norm=10.8167 lr=[7.271104826180217e-07, 7.271104826180217e-07, 4.36266289570813e-07, 4.36266289570813e-07, 1.1633767721888345e-07, 1.1633767721888345e-07]
2026-08-07 12:21:56,746 INFO epoch=2 step=2820/5814 loss=1.191108 grad_norm=11.1843 lr=[7.236934366845925e-07, 7.236934366845925e-07, 4.342160620107555e-07, 4.342160620107555e-07, 1.157909498695348e-07, 1.157909498695348e-07]
2026-08-07 12:21:59,240 INFO epoch=2 step=2830/5814 loss=1.431322 grad_norm=10.0662 lr=[7.202738041390793e-07, 7.202738041390793e-07, 4.3216428248344754e-07, 4.3216428248344754e-07, 1.1524380866225267e-07, 1.1524380866225267e-07]
2026-08-07 12:22:01,738 INFO epoch=2 step=2840/5814 loss=1.430530 grad_norm=10.9613 lr=[7.168516956254982e-07, 7.168516956254982e-07, 4.301110173752989e-07, 4.301110173752989e-07, 1.146962713000797e-07, 1.146962713000797e-07]
2026-08-07 12:22:04,271 INFO epoch=2 step=2850/5814 loss=1.523094 grad_norm=11.6170 lr=[7.134272218679755e-07, 7.134272218679755e-07, 4.280563331207853e-07, 4.280563331207853e-07, 1.1414835549887607e-07, 1.1414835549887607e-07]
2026-08-07 12:22:06,875 INFO epoch=2 step=2860/5814 loss=1.388406 grad_norm=8.2563 lr=[7.100004936671674e-07, 7.100004936671674e-07, 4.260002962003004e-07, 4.260002962003004e-07, 1.1360007898674677e-07, 1.1360007898674677e-07]
2026-08-07 12:22:09,378 INFO epoch=2 step=2870/5814 loss=1.451664 grad_norm=17.7086 lr=[7.065716218966732e-07, 7.065716218966732e-07, 4.239429731380039e-07, 4.239429731380039e-07, 1.1305145950346771e-07, 1.1305145950346771e-07]
2026-08-07 12:22:11,857 INFO epoch=2 step=2880/5814 loss=1.485775 grad_norm=10.0280 lr=[7.031407174994485e-07, 7.031407174994485e-07, 4.218844304996691e-07, 4.218844304996691e-07, 1.1250251479991175e-07, 1.1250251479991175e-07]
2026-08-07 12:22:14,333 INFO epoch=2 step=2890/5814 loss=1.643394 grad_norm=22.4541 lr=[6.997078914842159e-07, 6.997078914842159e-07, 4.1982473489052955e-07, 4.1982473489052955e-07, 1.1195326263747453e-07, 1.1195326263747453e-07]
2026-08-07 12:22:16,862 INFO epoch=2 step=2900/5814 loss=1.488529 grad_norm=24.9162 lr=[6.962732549218726e-07, 6.962732549218726e-07, 4.1776395295312355e-07, 4.1776395295312355e-07, 1.114037207874996e-07, 1.114037207874996e-07]
2026-08-07 12:22:19,347 INFO epoch=2 step=2910/5814 loss=1.354885 grad_norm=9.7796 lr=[6.928369189418972e-07, 6.928369189418972e-07, 4.157021513651383e-07, 4.157021513651383e-07, 1.1085390703070354e-07, 1.1085390703070354e-07]
2026-08-07 12:22:21,871 INFO epoch=2 step=2920/5814 loss=1.794253 grad_norm=9.4062 lr=[6.893989947287539e-07, 6.893989947287539e-07, 4.136393968372523e-07, 4.136393968372523e-07, 1.103038391566006e-07, 1.103038391566006e-07]
2026-08-07 12:22:24,382 INFO epoch=2 step=2930/5814 loss=1.495806 grad_norm=9.9757 lr=[6.85959593518295e-07, 6.85959593518295e-07, 4.11575756110977e-07, 4.11575756110977e-07, 1.0975353496292718e-07, 1.0975353496292718e-07]
2026-08-07 12:22:26,885 INFO epoch=2 step=2940/5814 loss=1.352369 grad_norm=10.2378 lr=[6.825188265941618e-07, 6.825188265941618e-07, 4.0951129595649703e-07, 4.0951129595649703e-07, 1.0920301225506587e-07, 1.0920301225506587e-07]
2026-08-07 12:22:29,549 INFO epoch=2 step=2950/5814 loss=1.474798 grad_norm=17.1302 lr=[6.790768052841839e-07, 6.790768052841839e-07, 4.0744608317051037e-07, 4.0744608317051037e-07, 1.0865228884546942e-07, 1.0865228884546942e-07]
2026-08-07 12:22:32,107 INFO epoch=2 step=2960/5814 loss=1.576022 grad_norm=9.8937 lr=[6.756336409567776e-07, 6.756336409567776e-07, 4.0538018457406655e-07, 4.0538018457406655e-07, 1.0810138255308441e-07, 1.0810138255308441e-07]
2026-08-07 12:22:34,585 INFO epoch=2 step=2970/5814 loss=1.214264 grad_norm=11.6035 lr=[6.721894450173414e-07, 6.721894450173414e-07, 4.033136670104049e-07, 4.033136670104049e-07, 1.0755031120277463e-07, 1.0755031120277463e-07]
2026-08-07 12:22:37,065 INFO epoch=2 step=2980/5814 loss=1.704596 grad_norm=12.9577 lr=[6.68744328904653e-07, 6.68744328904653e-07, 4.012465973427918e-07, 4.012465973427918e-07, 1.0699909262474447e-07, 1.0699909262474447e-07]
2026-08-07 12:22:39,533 INFO epoch=2 step=2990/5814 loss=1.494363 grad_norm=10.7891 lr=[6.652984040872622e-07, 6.652984040872622e-07, 3.991790424523573e-07, 3.991790424523573e-07, 1.0644774465396194e-07, 1.0644774465396194e-07]
2026-08-07 12:22:42,049 INFO epoch=2 step=3000/5814 loss=1.476162 grad_norm=13.6154 lr=[6.618517820598848e-07, 6.618517820598848e-07, 3.9711106923593086e-07, 3.9711106923593086e-07, 1.0589628512958155e-07, 1.0589628512958155e-07]
/data1/work/MichaelYu/miniconda3/envs/florence/lib/python3.10/site-packages/transformers/generation/configuration_utils.py:453: UserWarning: `num_beams` is set to 1. However, `early_stopping` is set to `True` -- this flag is only used in beam-based generation modes. You should set `num_beams>1` or unset `early_stopping`.
  warnings.warn(
2026-08-07 12:24:21,585 INFO dev metrics: {'samples': 128, 'empty_outputs': 0, 'average_words': 21.515625, 'p95_words': 30, 'length_18_24_ratio': 0.515625, 'single_sentence_ratio': 1.0, 'subject_start_ratio': 1.0, 'dev_loss': 1.3842037978518316, 'global_step': 3000}
2026-08-07 12:24:27,425 INFO epoch=2 step=3010/5814 loss=1.285568 grad_norm=11.8975 lr=[6.584045743397957e-07, 6.584045743397957e-07, 3.950427446038774e-07, 3.950427446038774e-07, 1.053447318943673e-07, 1.053447318943673e-07]
2026-08-07 12:24:29,901 INFO epoch=2 step=3020/5814 loss=1.546820 grad_norm=12.8075 lr=[6.549568924632201e-07, 6.549568924632201e-07, 3.92974135477932e-07, 3.92974135477932e-07, 1.0479310279411519e-07, 1.0479310279411519e-07]
2026-08-07 12:24:32,383 INFO epoch=2 step=3030/5814 loss=1.363271 grad_norm=10.9155 lr=[6.515088479817243e-07, 6.515088479817243e-07, 3.9090530878903456e-07, 3.9090530878903456e-07, 1.0424141567707588e-07, 1.0424141567707588e-07]
2026-08-07 12:24:34,863 INFO epoch=2 step=3040/5814 loss=1.595617 grad_norm=10.4309 lr=[6.480605524586073e-07, 6.480605524586073e-07, 3.888363314751643e-07, 3.888363314751643e-07, 1.0368968839337715e-07, 1.0368968839337715e-07]
2026-08-07 12:24:37,338 INFO epoch=2 step=3050/5814 loss=1.335282 grad_norm=10.1945 lr=[6.446121174652908e-07, 6.446121174652908e-07, 3.867672704791745e-07, 3.867672704791745e-07, 1.0313793879444653e-07, 1.0313793879444653e-07]
2026-08-07 12:24:39,813 INFO epoch=2 step=3060/5814 loss=1.499675 grad_norm=10.6195 lr=[6.411636545777086e-07, 6.411636545777086e-07, 3.8469819274662514e-07, 3.8469819274662514e-07, 1.0258618473243337e-07, 1.0258618473243337e-07]
2026-08-07 12:24:42,291 INFO epoch=2 step=3070/5814 loss=1.426515 grad_norm=12.6477 lr=[6.377152753726974e-07, 6.377152753726974e-07, 3.826291652236184e-07, 3.826291652236184e-07, 1.0203444405963158e-07, 1.0203444405963158e-07]
2026-08-07 12:24:44,757 INFO epoch=2 step=3080/5814 loss=1.428622 grad_norm=9.6951 lr=[6.342670914243864e-07, 6.342670914243864e-07, 3.805602548546319e-07, 3.805602548546319e-07, 1.0148273462790183e-07, 1.0148273462790183e-07]
2026-08-07 12:24:47,299 INFO epoch=2 step=3090/5814 loss=1.474951 grad_norm=9.3488 lr=[6.308192143005871e-07, 6.308192143005871e-07, 3.784915285803523e-07, 3.784915285803523e-07, 1.0093107428809393e-07, 1.0093107428809393e-07]
2026-08-07 12:24:49,790 INFO epoch=2 step=3100/5814 loss=1.462829 grad_norm=11.8668 lr=[6.27371755559183e-07, 6.27371755559183e-07, 3.7642305333550985e-07, 3.7642305333550985e-07, 1.0037948088946928e-07, 1.0037948088946928e-07]
2026-08-07 12:24:52,277 INFO epoch=2 step=3110/5814 loss=1.243345 grad_norm=10.8878 lr=[6.239248267445217e-07, 6.239248267445217e-07, 3.7435489604671295e-07, 3.7435489604671295e-07, 9.982797227912345e-08, 9.982797227912345e-08]
2026-08-07 12:24:54,752 INFO epoch=2 step=3120/5814 loss=1.639270 grad_norm=10.0382 lr=[6.204785393838037e-07, 6.204785393838037e-07, 3.722871236302822e-07, 3.722871236302822e-07, 9.927656630140857e-08, 9.927656630140857e-08]
2026-08-07 12:24:57,462 INFO epoch=2 step=3130/5814 loss=1.742319 grad_norm=14.7567 lr=[6.170330049834752e-07, 6.170330049834752e-07, 3.702198029900851e-07, 3.702198029900851e-07, 9.872528079735603e-08, 9.872528079735603e-08]
2026-08-07 12:24:59,984 INFO epoch=2 step=3140/5814 loss=1.387421 grad_norm=10.0536 lr=[6.135883350256204e-07, 6.135883350256204e-07, 3.681530010153722e-07, 3.681530010153722e-07, 9.817413360409925e-08, 9.817413360409925e-08]
2026-08-07 12:25:02,448 INFO epoch=2 step=3150/5814 loss=1.512539 grad_norm=9.2643 lr=[6.101446409643537e-07, 6.101446409643537e-07, 3.660867845786122e-07, 3.660867845786122e-07, 9.762314255429657e-08, 9.762314255429657e-08]
2026-08-07 12:25:04,919 INFO epoch=2 step=3160/5814 loss=1.419096 grad_norm=10.2139 lr=[6.067020342222136e-07, 6.067020342222136e-07, 3.640212205333282e-07, 3.640212205333282e-07, 9.707232547555418e-08, 9.707232547555418e-08]
2026-08-07 12:25:07,393 INFO epoch=2 step=3170/5814 loss=1.393597 grad_norm=12.2585 lr=[6.032606261865584e-07, 6.032606261865584e-07, 3.6195637571193503e-07, 3.6195637571193503e-07, 9.652170018984933e-08, 9.652170018984933e-08]
2026-08-07 12:25:09,855 INFO epoch=2 step=3180/5814 loss=1.421166 grad_norm=9.3596 lr=[5.99820528205961e-07, 5.99820528205961e-07, 3.5989231692357663e-07, 3.5989231692357663e-07, 9.597128451295376e-08, 9.597128451295376e-08]
2026-08-07 12:25:12,328 INFO epoch=2 step=3190/5814 loss=1.514989 grad_norm=16.3887 lr=[5.963818515866072e-07, 5.963818515866072e-07, 3.578291109519643e-07, 3.578291109519643e-07, 9.542109625385715e-08, 9.542109625385715e-08]
2026-08-07 12:25:14,807 INFO epoch=2 step=3200/5814 loss=1.444165 grad_norm=16.3087 lr=[5.929447075886938e-07, 5.929447075886938e-07, 3.5576682455321626e-07, 3.5576682455321626e-07, 9.4871153214191e-08, 9.4871153214191e-08]
/data1/work/MichaelYu/miniconda3/envs/florence/lib/python3.10/site-packages/transformers/generation/configuration_utils.py:453: UserWarning: `num_beams` is set to 1. However, `early_stopping` is set to `True` -- this flag is only used in beam-based generation modes. You should set `num_beams>1` or unset `early_stopping`.
  warnings.warn(
2026-08-07 12:26:55,357 INFO dev metrics: {'samples': 128, 'empty_outputs': 0, 'average_words': 21.484375, 'p95_words': 30, 'length_18_24_ratio': 0.46875, 'single_sentence_ratio': 1.0, 'subject_start_ratio': 1.0, 'dev_loss': 1.3788480445529163, 'global_step': 3200}
2026-08-07 12:27:01,160 INFO epoch=2 step=3210/5814 loss=1.810181 grad_norm=24.3094 lr=[5.895092074228289e-07, 5.895092074228289e-07, 3.537055244536973e-07, 3.537055244536973e-07, 9.43214731876526e-08, 9.43214731876526e-08]
2026-08-07 12:27:03,630 INFO epoch=2 step=3220/5814 loss=1.373853 grad_norm=9.7403 lr=[5.860754622464329e-07, 5.860754622464329e-07, 3.516452773478597e-07, 3.516452773478597e-07, 9.377207395942926e-08, 9.377207395942926e-08]
2026-08-07 12:27:06,104 INFO epoch=2 step=3230/5814 loss=1.152267 grad_norm=10.2725 lr=[5.826435831601437e-07, 5.826435831601437e-07, 3.495861498960862e-07, 3.495861498960862e-07, 9.322297330562298e-08, 9.322297330562298e-08]
2026-08-07 12:27:08,574 INFO epoch=2 step=3240/5814 loss=1.533075 grad_norm=10.2574 lr=[5.792136812042202e-07, 5.792136812042202e-07, 3.4752820872253213e-07, 3.4752820872253213e-07, 9.267418899267523e-08, 9.267418899267523e-08]
2026-08-07 12:27:11,044 INFO epoch=2 step=3250/5814 loss=1.474586 grad_norm=10.5285 lr=[5.757858673549504e-07, 5.757858673549504e-07, 3.4547152041297016e-07, 3.4547152041297016e-07, 9.212573877679204e-08, 9.212573877679204e-08]
2026-08-07 12:27:13,519 INFO epoch=2 step=3260/5814 loss=1.457314 grad_norm=13.3932 lr=[5.723602525210599e-07, 5.723602525210599e-07, 3.4341615151263593e-07, 3.4341615151263593e-07, 9.157764040336958e-08, 9.157764040336958e-08]
2026-08-07 12:27:16,169 INFO epoch=2 step=3270/5814 loss=1.422329 grad_norm=10.1524 lr=[5.689369475401252e-07, 5.689369475401252e-07, 3.4136216852407507e-07, 3.4136216852407507e-07, 9.102991160642001e-08, 9.102991160642001e-08]
2026-08-07 12:27:18,645 INFO epoch=2 step=3280/5814 loss=1.294479 grad_norm=16.7561 lr=[5.655160631749852e-07, 5.655160631749852e-07, 3.393096379049911e-07, 3.393096379049911e-07, 9.048257010799762e-08, 9.048257010799762e-08]
2026-08-07 12:27:21,108 INFO epoch=2 step=3290/5814 loss=1.593204 grad_norm=8.9365 lr=[5.620977101101588e-07, 5.620977101101588e-07, 3.3725862606609523e-07, 3.3725862606609523e-07, 8.99356336176254e-08, 8.99356336176254e-08]
2026-08-07 12:27:23,691 INFO epoch=2 step=3300/5814 loss=1.491269 grad_norm=12.0105 lr=[5.586819989482639e-07, 5.586819989482639e-07, 3.3520919936895834e-07, 3.3520919936895834e-07, 8.938911983172222e-08, 8.938911983172222e-08]
2026-08-07 12:27:26,247 INFO epoch=2 step=3310/5814 loss=1.434520 grad_norm=11.0787 lr=[5.552690402064371e-07, 5.552690402064371e-07, 3.331614241238623e-07, 3.331614241238623e-07, 8.884304643302993e-08, 8.884304643302993e-08]
2026-08-07 12:27:28,731 INFO epoch=2 step=3320/5814 loss=1.336746 grad_norm=9.4658 lr=[5.518589443127604e-07, 5.518589443127604e-07, 3.311153665876562e-07, 3.311153665876562e-07, 8.829743109004164e-08, 8.829743109004164e-08]
2026-08-07 12:27:31,207 INFO epoch=2 step=3330/5814 loss=1.279179 grad_norm=8.7669 lr=[5.484518216026857e-07, 5.484518216026857e-07, 3.290710929616114e-07, 3.290710929616114e-07, 8.77522914564297e-08, 8.77522914564297e-08]
2026-08-07 12:27:33,684 INFO epoch=2 step=3340/5814 loss=1.265412 grad_norm=9.0021 lr=[5.450477823154664e-07, 5.450477823154664e-07, 3.270286693892798e-07, 3.270286693892798e-07, 8.720764517047461e-08, 8.720764517047461e-08]
2026-08-07 12:27:36,157 INFO epoch=2 step=3350/5814 loss=1.509244 grad_norm=10.3991 lr=[5.416469365905902e-07, 5.416469365905902e-07, 3.249881619543541e-07, 3.249881619543541e-07, 8.666350985449443e-08, 8.666350985449443e-08]
2026-08-07 12:27:38,624 INFO epoch=2 step=3360/5814 loss=1.591212 grad_norm=10.2954 lr=[5.382493944642154e-07, 5.382493944642154e-07, 3.2294963667852916e-07, 3.2294963667852916e-07, 8.611990311427444e-08, 8.611990311427444e-08]
2026-08-07 12:27:41,177 INFO epoch=2 step=3370/5814 loss=1.558050 grad_norm=11.1411 lr=[5.348552658656102e-07, 5.348552658656102e-07, 3.209131595193661e-07, 3.209131595193661e-07, 8.557684253849762e-08, 8.557684253849762e-08]
2026-08-07 12:27:43,647 INFO epoch=2 step=3380/5814 loss=1.428408 grad_norm=10.3293 lr=[5.314646606135968e-07, 5.314646606135968e-07, 3.1887879636815814e-07, 3.1887879636815814e-07, 8.50343456981755e-08, 8.50343456981755e-08]
2026-08-07 12:27:46,118 INFO epoch=2 step=3390/5814 loss=1.389057 grad_norm=16.1966 lr=[5.28077688412998e-07, 5.28077688412998e-07, 3.168466130477988e-07, 3.168466130477988e-07, 8.449243014607967e-08, 8.449243014607967e-08]
2026-08-07 12:27:48,619 INFO epoch=2 step=3400/5814 loss=1.772063 grad_norm=11.6217 lr=[5.246944588510862e-07, 5.246944588510862e-07, 3.148166753106517e-07, 3.148166753106517e-07, 8.395111341617378e-08, 8.395111341617378e-08]
/data1/work/MichaelYu/miniconda3/envs/florence/lib/python3.10/site-packages/transformers/generation/configuration_utils.py:453: UserWarning: `num_beams` is set to 1. However, `early_stopping` is set to `True` -- this flag is only used in beam-based generation modes. You should set `num_beams>1` or unset `early_stopping`.
  warnings.warn(
2026-08-07 12:29:30,066 INFO dev metrics: {'samples': 128, 'empty_outputs': 0, 'average_words': 21.578125, 'p95_words': 30, 'length_18_24_ratio': 0.4765625, 'single_sentence_ratio': 1.0, 'subject_start_ratio': 1.0, 'dev_loss': 1.375926686459107, 'global_step': 3400}
2026-08-07 12:29:35,902 INFO epoch=2 step=3410/5814 loss=1.514754 grad_norm=9.3893 lr=[5.213150813940396e-07, 5.213150813940396e-07, 3.127890488364237e-07, 3.127890488364237e-07, 8.341041302304632e-08, 8.341041302304632e-08]
2026-08-07 12:29:38,372 INFO epoch=2 step=3420/5814 loss=1.365593 grad_norm=11.5698 lr=[5.179396653833993e-07, 5.179396653833993e-07, 3.1076379923003957e-07, 3.1076379923003957e-07, 8.287034646134388e-08, 8.287034646134388e-08]
2026-08-07 12:29:40,970 INFO epoch=2 step=3430/5814 loss=1.197591 grad_norm=10.9475 lr=[5.145683200325318e-07, 5.145683200325318e-07, 3.08740992019519e-07, 3.08740992019519e-07, 8.233093120520507e-08, 8.233093120520507e-08]
2026-08-07 12:29:43,432 INFO epoch=2 step=3440/5814 loss=1.266191 grad_norm=10.2899 lr=[5.112011544230947e-07, 5.112011544230947e-07, 3.0672069265385677e-07, 3.0672069265385677e-07, 8.179218470769513e-08, 8.179218470769513e-08]
2026-08-07 12:29:46,402 INFO epoch=2 step=3450/5814 loss=1.335011 grad_norm=11.3667 lr=[5.078382775015088e-07, 5.078382775015088e-07, 3.0470296650090525e-07, 3.0470296650090525e-07, 8.125412440024139e-08, 8.125412440024139e-08]
2026-08-07 12:29:48,921 INFO epoch=2 step=3460/5814 loss=1.237027 grad_norm=9.4062 lr=[5.044797980754315e-07, 5.044797980754315e-07, 3.026878788452589e-07, 3.026878788452589e-07, 8.071676769206903e-08, 8.071676769206903e-08]
2026-08-07 12:29:51,433 INFO epoch=2 step=3470/5814 loss=1.421732 grad_norm=9.6978 lr=[5.011258248102368e-07, 5.011258248102368e-07, 3.006754948861421e-07, 3.006754948861421e-07, 8.018013196963789e-08, 8.018013196963789e-08]
2026-08-07 12:29:53,913 INFO epoch=2 step=3480/5814 loss=1.483161 grad_norm=10.9655 lr=[4.977764662255004e-07, 4.977764662255004e-07, 2.986658797353002e-07, 2.986658797353002e-07, 7.964423459608006e-08, 7.964423459608006e-08]
2026-08-07 12:29:56,447 INFO epoch=2 step=3490/5814 loss=1.291256 grad_norm=9.6104 lr=[4.944318306914862e-07, 4.944318306914862e-07, 2.9665909841489174e-07, 2.9665909841489174e-07, 7.910909291063779e-08, 7.910909291063779e-08]
2026-08-07 12:29:59,029 INFO epoch=2 step=3500/5814 loss=1.593236 grad_norm=11.4676 lr=[4.910920264256422e-07, 4.910920264256422e-07, 2.946552158553853e-07, 2.946552158553853e-07, 7.857472422810274e-08, 7.857472422810274e-08]
2026-08-07 12:30:01,530 INFO epoch=2 step=3510/5814 loss=1.282358 grad_norm=12.3745 lr=[4.877571614890985e-07, 4.877571614890985e-07, 2.9265429689345907e-07, 2.9265429689345907e-07, 7.804114583825574e-08, 7.804114583825574e-08]
2026-08-07 12:30:04,019 INFO epoch=2 step=3520/5814 loss=1.476876 grad_norm=12.3937 lr=[4.844273437831696e-07, 4.844273437831696e-07, 2.906564062699017e-07, 2.906564062699017e-07, 7.750837500530712e-08, 7.750837500530712e-08]
2026-08-07 12:30:06,498 INFO epoch=2 step=3530/5814 loss=1.443913 grad_norm=9.9577 lr=[4.811026810458644e-07, 4.811026810458644e-07, 2.886616086275186e-07, 2.886616086275186e-07, 7.697642896733829e-08, 7.697642896733829e-08]
2026-08-07 12:30:08,983 INFO epoch=2 step=3540/5814 loss=1.161409 grad_norm=10.0860 lr=[4.777832808484013e-07, 4.777832808484013e-07, 2.866699685090408e-07, 2.866699685090408e-07, 7.644532493574421e-08, 7.644532493574421e-08]
2026-08-07 12:30:11,472 INFO epoch=2 step=3550/5814 loss=1.513590 grad_norm=9.3308 lr=[4.744692505917248e-07, 4.744692505917248e-07, 2.8468155035503486e-07, 2.8468155035503486e-07, 7.591508009467596e-08, 7.591508009467596e-08]
2026-08-07 12:30:13,940 INFO epoch=2 step=3560/5814 loss=1.580963 grad_norm=10.1673 lr=[4.711606975030326e-07, 4.711606975030326e-07, 2.826964185018196e-07, 2.826964185018196e-07, 7.538571160048521e-08, 7.538571160048521e-08]
2026-08-07 12:30:16,416 INFO epoch=2 step=3570/5814 loss=1.523473 grad_norm=12.4099 lr=[4.678577286323069e-07, 4.678577286323069e-07, 2.807146371793841e-07, 2.807146371793841e-07, 7.48572365811691e-08, 7.48572365811691e-08]
2026-08-07 12:30:18,937 INFO epoch=2 step=3580/5814 loss=1.390611 grad_norm=13.8245 lr=[4.6456045084884784e-07, 4.6456045084884784e-07, 2.7873627050930867e-07, 2.7873627050930867e-07, 7.432967213581565e-08, 7.432967213581565e-08]
2026-08-07 12:30:21,443 INFO epoch=2 step=3590/5814 loss=1.290700 grad_norm=13.0202 lr=[4.612689708378182e-07, 4.612689708378182e-07, 2.767613825026909e-07, 2.767613825026909e-07, 7.38030353340509e-08, 7.38030353340509e-08]
2026-08-07 12:30:23,913 INFO epoch=2 step=3600/5814 loss=1.216277 grad_norm=10.8681 lr=[4.579833950967916e-07, 4.579833950967916e-07, 2.747900370580749e-07, 2.747900370580749e-07, 7.327734321548664e-08, 7.327734321548664e-08]
/data1/work/MichaelYu/miniconda3/envs/florence/lib/python3.10/site-packages/transformers/generation/configuration_utils.py:453: UserWarning: `num_beams` is set to 1. However, `early_stopping` is set to `True` -- this flag is only used in beam-based generation modes. You should set `num_beams>1` or unset `early_stopping`.
  warnings.warn(
2026-08-07 12:33:14,360 INFO dev metrics: {'samples': 128, 'empty_outputs': 0, 'average_words': 21.4453125, 'p95_words': 31, 'length_18_24_ratio': 0.4921875, 'single_sentence_ratio': 1.0, 'subject_start_ratio': 1.0, 'dev_loss': 1.3734658743103114, 'global_step': 3600}
2026-08-07 12:33:20,170 INFO epoch=2 step=3610/5814 loss=1.373067 grad_norm=10.6992 lr=[4.547038299323042e-07, 4.547038299323042e-07, 2.728222979593825e-07, 2.728222979593825e-07, 7.275261278916867e-08, 7.275261278916867e-08]
2026-08-07 12:33:22,636 INFO epoch=2 step=3620/5814 loss=1.499701 grad_norm=14.0580 lr=[4.5143038145641806e-07, 4.5143038145641806e-07, 2.708582288738508e-07, 2.708582288738508e-07, 7.222886103302688e-08, 7.222886103302688e-08]
2026-08-07 12:33:28,608 INFO epoch=2 step=3630/5814 loss=1.129601 grad_norm=9.8455 lr=[4.4816315558328644e-07, 4.4816315558328644e-07, 2.6889789334997184e-07, 2.6889789334997184e-07, 7.170610489332583e-08, 7.170610489332583e-08]
2026-08-07 12:33:31,096 INFO epoch=2 step=3640/5814 loss=1.259171 grad_norm=11.2781 lr=[4.449022580257263e-07, 4.449022580257263e-07, 2.669413548154358e-07, 2.669413548154358e-07, 7.11843612841162e-08, 7.11843612841162e-08]
2026-08-07 12:33:33,617 INFO epoch=2 step=3650/5814 loss=1.179980 grad_norm=10.7659 lr=[4.4164779429179907e-07, 4.4164779429179907e-07, 2.649886765750794e-07, 2.649886765750794e-07, 7.066364708668783e-08, 7.066364708668783e-08]
2026-08-07 12:33:36,120 INFO epoch=2 step=3660/5814 loss=1.260072 grad_norm=10.3983 lr=[4.3839986968139693e-07, 4.3839986968139693e-07, 2.6303992180883815e-07, 2.6303992180883815e-07, 7.014397914902351e-08, 7.014397914902351e-08]
2026-08-07 12:33:38,620 INFO epoch=2 step=3670/5814 loss=1.402885 grad_norm=11.4494 lr=[4.3515858928283415e-07, 4.3515858928283415e-07, 2.6109515356970046e-07, 2.6109515356970046e-07, 6.962537428525346e-08, 6.962537428525346e-08]
2026-08-07 12:33:41,253 INFO epoch=2 step=3680/5814 loss=1.753052 grad_norm=10.1436 lr=[4.3192405796944866e-07, 4.3192405796944866e-07, 2.591544347816692e-07, 2.591544347816692e-07, 6.910784927511177e-08, 6.910784927511177e-08]
2026-08-07 12:33:43,772 INFO epoch=2 step=3690/5814 loss=1.286039 grad_norm=10.2060 lr=[4.286963803962087e-07, 4.286963803962087e-07, 2.572178282377252e-07, 2.572178282377252e-07, 6.859142086339339e-08, 6.859142086339339e-08]
2026-08-07 12:33:46,380 INFO epoch=2 step=3700/5814 loss=1.350804 grad_norm=9.1254 lr=[4.254756609963247e-07, 4.254756609963247e-07, 2.552853965977948e-07, 2.552853965977948e-07, 6.807610575941195e-08, 6.807610575941195e-08]
2026-08-07 12:33:48,907 INFO epoch=2 step=3710/5814 loss=1.286986 grad_norm=11.4786 lr=[4.22262003977873e-07, 4.22262003977873e-07, 2.533572023867238e-07, 2.533572023867238e-07, 6.756192063645966e-08, 6.756192063645966e-08]
2026-08-07 12:33:51,476 INFO epoch=2 step=3720/5814 loss=1.363085 grad_norm=11.3594 lr=[4.190555133204227e-07, 4.190555133204227e-07, 2.514333079922536e-07, 2.514333079922536e-07, 6.704888213126762e-08, 6.704888213126762e-08]
2026-08-07 12:33:54,126 INFO epoch=2 step=3730/5814 loss=1.362125 grad_norm=17.2494 lr=[4.1585629277167085e-07, 4.1585629277167085e-07, 2.495137756630025e-07, 2.495137756630025e-07, 6.653700684346733e-08, 6.653700684346733e-08]
2026-08-07 12:33:56,594 INFO epoch=2 step=3740/5814 loss=1.312362 grad_norm=10.4935 lr=[4.126644458440866e-07, 4.126644458440866e-07, 2.4759866750645196e-07, 2.4759866750645196e-07, 6.602631133505385e-08, 6.602631133505385e-08]
2026-08-07 12:33:59,071 INFO epoch=2 step=3750/5814 loss=1.513052 grad_norm=13.1037 lr=[4.094800758115625e-07, 4.094800758115625e-07, 2.4568804548693746e-07, 2.4568804548693746e-07, 6.551681212984999e-08, 6.551681212984999e-08]
2026-08-07 12:34:01,597 INFO epoch=2 step=3760/5814 loss=1.546093 grad_norm=15.4506 lr=[4.0630328570607045e-07, 4.0630328570607045e-07, 2.4378197142364224e-07, 2.4378197142364224e-07, 6.500852571297126e-08, 6.500852571297126e-08]
2026-08-07 12:34:04,112 INFO epoch=2 step=3770/5814 loss=1.477274 grad_norm=10.7675 lr=[4.0313417831433154e-07, 4.0313417831433154e-07, 2.418805069885989e-07, 2.418805069885989e-07, 6.450146853029303e-08, 6.450146853029303e-08]
2026-08-07 12:34:06,805 INFO epoch=2 step=3780/5814 loss=1.547417 grad_norm=10.2679 lr=[3.999728561744877e-07, 3.999728561744877e-07, 2.399837137046926e-07, 2.399837137046926e-07, 6.399565698791803e-08, 6.399565698791803e-08]
2026-08-07 12:34:09,400 INFO epoch=2 step=3790/5814 loss=1.369465 grad_norm=15.3747 lr=[3.9681942157278554e-07, 3.9681942157278554e-07, 2.380916529436713e-07, 2.380916529436713e-07, 6.349110745164567e-08, 6.349110745164567e-08]
2026-08-07 12:34:11,944 INFO epoch=2 step=3800/5814 loss=1.515254 grad_norm=10.6785 lr=[3.9367397654026517e-07, 3.9367397654026517e-07, 2.3620438592415906e-07, 2.3620438592415906e-07, 6.298783624644242e-08, 6.298783624644242e-08]
/data1/work/MichaelYu/miniconda3/envs/florence/lib/python3.10/site-packages/transformers/generation/configuration_utils.py:453: UserWarning: `num_beams` is set to 1. However, `early_stopping` is set to `True` -- this flag is only used in beam-based generation modes. You should set `num_beams>1` or unset `early_stopping`.
  warnings.warn(
2026-08-07 12:35:53,984 INFO dev metrics: {'samples': 128, 'empty_outputs': 0, 'average_words': 21.21875, 'p95_words': 30, 'length_18_24_ratio': 0.484375, 'single_sentence_ratio': 1.0, 'subject_start_ratio': 1.0, 'dev_loss': 1.370345836118809, 'global_step': 3800}
2026-08-07 12:36:00,214 INFO epoch=2 step=3810/5814 loss=1.732147 grad_norm=11.7381 lr=[3.9053662284946116e-07, 3.9053662284946116e-07, 2.3432197370967666e-07, 2.3432197370967666e-07, 6.248585965591378e-08, 6.248585965591378e-08]
2026-08-07 12:36:03,754 INFO epoch=2 step=3820/5814 loss=1.175610 grad_norm=8.4390 lr=[3.8740746201110747e-07, 3.8740746201110747e-07, 2.3244447720666447e-07, 2.3244447720666447e-07, 6.198519392177719e-08, 6.198519392177719e-08]
2026-08-07 12:36:06,373 INFO epoch=2 step=3830/5814 loss=1.327780 grad_norm=11.0678 lr=[3.842865952708549e-07, 3.842865952708549e-07, 2.3057195716251294e-07, 2.3057195716251294e-07, 6.148585524333678e-08, 6.148585524333678e-08]
2026-08-07 12:36:08,948 INFO epoch=2 step=3840/5814 loss=1.265446 grad_norm=11.2953 lr=[3.8117412360599336e-07, 3.8117412360599336e-07, 2.28704474163596e-07, 2.28704474163596e-07, 6.098785977695893e-08, 6.098785977695893e-08]
2026-08-07 12:36:11,508 INFO epoch=2 step=3850/5814 loss=1.720381 grad_norm=11.7065 lr=[3.780701477221868e-07, 3.780701477221868e-07, 2.2684208863331207e-07, 2.2684208863331207e-07, 6.049122363554989e-08, 6.049122363554989e-08]
2026-08-07 12:36:14,169 INFO epoch=2 step=3860/5814 loss=1.432797 grad_norm=13.6218 lr=[3.7497476805021234e-07, 3.7497476805021234e-07, 2.249848608301274e-07, 2.249848608301274e-07, 5.999596288803397e-08, 5.999596288803397e-08]
2026-08-07 12:36:16,761 INFO epoch=2 step=3870/5814 loss=1.537921 grad_norm=21.9472 lr=[3.718880847427134e-07, 3.718880847427134e-07, 2.23132850845628e-07, 2.23132850845628e-07, 5.9502093558834135e-08, 5.9502093558834135e-08]
2026-08-07 12:36:20,246 INFO epoch=3 step=3880/5814 loss=1.637516 grad_norm=9.4080 lr=[3.68810197670957e-07, 3.68810197670957e-07, 2.2128611860257417e-07, 2.2128611860257417e-07, 5.900963162735311e-08, 5.900963162735311e-08]
2026-08-07 12:36:22,843 INFO epoch=3 step=3890/5814 loss=1.464683 grad_norm=11.2073 lr=[3.6574120642160385e-07, 3.6574120642160385e-07, 2.194447238529623e-07, 2.194447238529623e-07, 5.851859302745661e-08, 5.851859302745661e-08]
2026-08-07 12:36:25,479 INFO epoch=3 step=3900/5814 loss=1.267072 grad_norm=15.0845 lr=[3.626812102934854e-07, 3.626812102934854e-07, 2.1760872617609123e-07, 2.1760872617609123e-07, 5.802899364695766e-08, 5.802899364695766e-08]
2026-08-07 12:36:30,633 INFO epoch=3 step=3910/5814 loss=1.352718 grad_norm=9.9984 lr=[3.596303082943918e-07, 3.596303082943918e-07, 2.1577818497663507e-07, 2.1577818497663507e-07, 5.754084932710268e-08, 5.754084932710268e-08]
2026-08-07 12:36:33,723 INFO epoch=3 step=3920/5814 loss=1.160042 grad_norm=13.8979 lr=[3.565885991378666e-07, 3.565885991378666e-07, 2.1395315948271995e-07, 2.1395315948271995e-07, 5.705417586205865e-08, 5.705417586205865e-08]
2026-08-07 12:36:36,204 INFO epoch=3 step=3930/5814 loss=1.509342 grad_norm=12.0407 lr=[3.535561812400151e-07, 3.535561812400151e-07, 2.1213370874400906e-07, 2.1213370874400906e-07, 5.656898899840241e-08, 5.656898899840241e-08]
2026-08-07 12:36:38,768 INFO epoch=3 step=3940/5814 loss=1.416837 grad_norm=10.4838 lr=[3.505331527163189e-07, 3.505331527163189e-07, 2.103198916297913e-07, 2.103198916297913e-07, 5.608530443461102e-08, 5.608530443461102e-08]
2026-08-07 12:36:41,247 INFO epoch=3 step=3950/5814 loss=1.420913 grad_norm=10.2326 lr=[3.4751961137846104e-07, 3.4751961137846104e-07, 2.0851176682707662e-07, 2.0851176682707662e-07, 5.5603137820553757e-08, 5.5603137820553757e-08]
2026-08-07 12:36:43,719 INFO epoch=3 step=3960/5814 loss=1.467423 grad_norm=9.6817 lr=[3.4451565473116204e-07, 3.4451565473116204e-07, 2.067093928386972e-07, 2.067093928386972e-07, 5.5122504756985924e-08, 5.5122504756985924e-08]
2026-08-07 12:36:46,203 INFO epoch=3 step=3970/5814 loss=1.478320 grad_norm=11.3507 lr=[3.4152137996902473e-07, 3.4152137996902473e-07, 2.0491282798141481e-07, 2.0491282798141481e-07, 5.464342079504395e-08, 5.464342079504395e-08]
2026-08-07 12:36:48,686 INFO epoch=3 step=3980/5814 loss=1.343075 grad_norm=12.4776 lr=[3.3853688397338875e-07, 3.3853688397338875e-07, 2.0312213038403323e-07, 2.0312213038403323e-07, 5.416590143574219e-08, 5.416590143574219e-08]
2026-08-07 12:36:51,169 INFO epoch=3 step=3990/5814 loss=1.252158 grad_norm=11.8929 lr=[3.355622633091975e-07, 3.355622633091975e-07, 2.0133735798551846e-07, 2.0133735798551846e-07, 5.368996212947159e-08, 5.368996212947159e-08]
2026-08-07 12:36:53,794 INFO epoch=3 step=4000/5814 loss=1.452386 grad_norm=10.9403 lr=[3.3259761422187226e-07, 3.3259761422187226e-07, 1.9955856853312335e-07, 1.9955856853312335e-07, 5.321561827549955e-08, 5.321561827549955e-08]
/data1/work/MichaelYu/miniconda3/envs/florence/lib/python3.10/site-packages/transformers/generation/configuration_utils.py:453: UserWarning: `num_beams` is set to 1. However, `early_stopping` is set to `True` -- this flag is only used in beam-based generation modes. You should set `num_beams>1` or unset `early_stopping`.
  warnings.warn(
2026-08-07 12:38:25,723 INFO dev metrics: {'samples': 128, 'empty_outputs': 0, 'average_words': 21.25, 'p95_words': 31, 'length_18_24_ratio': 0.5078125, 'single_sentence_ratio': 1.0, 'subject_start_ratio': 1.0, 'dev_loss': 1.3699442741721892, 'global_step': 4000}
2026-08-07 12:38:31,605 INFO epoch=3 step=4010/5814 loss=1.265500 grad_norm=15.0203 lr=[3.2964303263419884e-07, 3.2964303263419884e-07, 1.977858195805193e-07, 1.977858195805193e-07, 5.274288522147181e-08, 5.274288522147181e-08]
2026-08-07 12:38:34,329 INFO epoch=3 step=4020/5814 loss=1.355011 grad_norm=11.9029 lr=[3.2669861414322394e-07, 3.2669861414322394e-07, 1.9601916848593434e-07, 1.9601916848593434e-07, 5.227177826291582e-08, 5.227177826291582e-08]
2026-08-07 12:38:40,318 INFO epoch=3 step=4030/5814 loss=1.553602 grad_norm=10.4639 lr=[3.237644540171619e-07, 3.237644540171619e-07, 1.9425867241029712e-07, 1.9425867241029712e-07, 5.1802312642745895e-08, 5.1802312642745895e-08]
2026-08-07 12:38:42,791 INFO epoch=3 step=4040/5814 loss=1.280121 grad_norm=10.3328 lr=[3.208406471923116e-07, 3.208406471923116e-07, 1.9250438831538694e-07, 1.9250438831538694e-07, 5.1334503550769846e-08, 5.1334503550769846e-08]
2026-08-07 12:38:45,248 INFO epoch=3 step=4050/5814 loss=1.395433 grad_norm=13.1500 lr=[3.1792728826998587e-07, 3.1792728826998587e-07, 1.9075637296199153e-07, 1.9075637296199153e-07, 5.086836612319774e-08, 5.086836612319774e-08]
2026-08-07 12:38:47,790 INFO epoch=3 step=4060/5814 loss=1.353163 grad_norm=10.9710 lr=[3.150244715134509e-07, 3.150244715134509e-07, 1.8901468290807053e-07, 1.8901468290807053e-07, 5.0403915442152133e-08, 5.0403915442152133e-08]
2026-08-07 12:38:50,274 INFO epoch=3 step=4070/5814 loss=1.360859 grad_norm=11.6696 lr=[3.121322908448741e-07, 3.121322908448741e-07, 1.8727937450692444e-07, 1.8727937450692444e-07, 4.9941166535179845e-08, 4.9941166535179845e-08]
2026-08-07 12:38:52,978 INFO epoch=3 step=4080/5814 loss=1.260488 grad_norm=11.1953 lr=[3.0925083984228757e-07, 3.0925083984228757e-07, 1.8555050390537252e-07, 1.8555050390537252e-07, 4.9480134374766e-08, 4.9480134374766e-08]
2026-08-07 12:38:55,527 INFO epoch=3 step=4090/5814 loss=1.428908 grad_norm=11.1520 lr=[3.0638021173655936e-07, 3.0638021173655936e-07, 1.838281270419356e-07, 1.838281270419356e-07, 4.902083387784949e-08, 4.902083387784949e-08]
2026-08-07 12:38:58,109 INFO epoch=3 step=4100/5814 loss=1.122972 grad_norm=10.8134 lr=[3.0352049940837647e-07, 3.0352049940837647e-07, 1.8211229964502587e-07, 1.8211229964502587e-07, 4.856327990534023e-08, 4.856327990534023e-08]
2026-08-07 12:39:00,598 INFO epoch=3 step=4110/5814 loss=1.286066 grad_norm=12.5085 lr=[3.0067179538524033e-07, 3.0067179538524033e-07, 1.804030772311442e-07, 1.804030772311442e-07, 4.810748726163845e-08, 4.810748726163845e-08]
2026-08-07 12:39:03,314 INFO epoch=3 step=4120/5814 loss=1.391384 grad_norm=11.0150 lr=[2.9783419183847376e-07, 2.9783419183847376e-07, 1.7870051510308425e-07, 1.7870051510308425e-07, 4.7653470694155796e-08, 4.7653470694155796e-08]
2026-08-07 12:39:05,817 INFO epoch=3 step=4130/5814 loss=1.051797 grad_norm=9.8020 lr=[2.950077805802364e-07, 2.950077805802364e-07, 1.7700466834814185e-07, 1.7700466834814185e-07, 4.720124489283782e-08, 4.720124489283782e-08]
2026-08-07 12:39:08,321 INFO epoch=3 step=4140/5814 loss=1.349488 grad_norm=9.8116 lr=[2.921926530605564e-07, 2.921926530605564e-07, 1.7531559183633384e-07, 1.7531559183633384e-07, 4.675082448968902e-08, 4.675082448968902e-08]
2026-08-07 12:39:10,833 INFO epoch=3 step=4150/5814 loss=1.359459 grad_norm=10.5188 lr=[2.893889003643705e-07, 2.893889003643705e-07, 1.736333402186223e-07, 1.736333402186223e-07, 4.630222405829928e-08, 4.630222405829928e-08]
2026-08-07 12:39:13,346 INFO epoch=3 step=4160/5814 loss=1.203229 grad_norm=12.0550 lr=[2.865966132085764e-07, 2.865966132085764e-07, 1.7195796792514582e-07, 1.7195796792514582e-07, 4.585545811337221e-08, 4.585545811337221e-08]
2026-08-07 12:39:15,963 INFO epoch=3 step=4170/5814 loss=1.190957 grad_norm=10.5737 lr=[2.8381588193909865e-07, 2.8381588193909865e-07, 1.7028952916345918e-07, 1.7028952916345918e-07, 4.541054111025578e-08, 4.541054111025578e-08]
2026-08-07 12:39:18,475 INFO epoch=3 step=4180/5814 loss=1.453760 grad_norm=14.1008 lr=[2.8104679652796576e-07, 2.8104679652796576e-07, 1.6862807791677945e-07, 1.6862807791677945e-07, 4.496748744447452e-08, 4.496748744447452e-08]
2026-08-07 12:39:20,984 INFO epoch=3 step=4190/5814 loss=1.429883 grad_norm=11.4913 lr=[2.7828944657039674e-07, 2.7828944657039674e-07, 1.6697366794223805e-07, 1.6697366794223805e-07, 4.4526311451263474e-08, 4.4526311451263474e-08]
2026-08-07 12:39:23,461 INFO epoch=3 step=4200/5814 loss=1.540508 grad_norm=11.9561 lr=[2.755439212819051e-07, 2.755439212819051e-07, 1.6532635276914304e-07, 1.6532635276914304e-07, 4.408702740510481e-08, 4.408702740510481e-08]
/data1/work/MichaelYu/miniconda3/envs/florence/lib/python3.10/site-packages/transformers/generation/configuration_utils.py:453: UserWarning: `num_beams` is set to 1. However, `early_stopping` is set to `True` -- this flag is only used in beam-based generation modes. You should set `num_beams>1` or unset `early_stopping`.
  warnings.warn(
2026-08-07 12:41:05,116 INFO dev metrics: {'samples': 128, 'empty_outputs': 0, 'average_words': 21.0546875, 'p95_words': 30, 'length_18_24_ratio': 0.4921875, 'single_sentence_ratio': 1.0, 'subject_start_ratio': 1.0, 'dev_loss': 1.367883528474183, 'global_step': 4200}
2026-08-07 12:41:10,977 INFO epoch=3 step=4210/5814 loss=1.373705 grad_norm=10.9891 lr=[2.728103094954105e-07, 2.728103094954105e-07, 1.636861856972463e-07, 1.636861856972463e-07, 4.3649649519265675e-08, 4.3649649519265675e-08]
2026-08-07 12:41:13,468 INFO epoch=3 step=4220/5814 loss=1.393928 grad_norm=10.3782 lr=[2.7008869965836467e-07, 2.7008869965836467e-07, 1.620532197950188e-07, 1.620532197950188e-07, 4.321419194533834e-08, 4.321419194533834e-08]
2026-08-07 12:41:20,418 INFO epoch=3 step=4230/5814 loss=1.422666 grad_norm=9.8661 lr=[2.6737917982989015e-07, 2.6737917982989015e-07, 1.604275078979341e-07, 1.604275078979341e-07, 4.278066877278242e-08, 4.278066877278242e-08]
2026-08-07 12:41:22,908 INFO epoch=3 step=4240/5814 loss=1.313520 grad_norm=11.6931 lr=[2.6468183767793156e-07, 2.6468183767793156e-07, 1.588091026067589e-07, 1.588091026067589e-07, 4.234909402846904e-08, 4.234909402846904e-08]
2026-08-07 12:41:25,380 INFO epoch=3 step=4250/5814 loss=1.432248 grad_norm=9.7724 lr=[2.6199676047641716e-07, 2.6199676047641716e-07, 1.571980562858503e-07, 1.571980562858503e-07, 4.191948167622674e-08, 4.191948167622674e-08]
2026-08-07 12:41:28,061 INFO epoch=3 step=4260/5814 loss=1.707486 grad_norm=11.6467 lr=[2.59324035102437e-07, 2.59324035102437e-07, 1.5559442106146217e-07, 1.5559442106146217e-07, 4.149184561638991e-08, 4.149184561638991e-08]
2026-08-07 12:41:30,600 INFO epoch=3 step=4270/5814 loss=1.385698 grad_norm=9.9663 lr=[2.566637480334313e-07, 2.566637480334313e-07, 1.5399824882005876e-07, 1.5399824882005876e-07, 4.1066199685349e-08, 4.1066199685349e-08]
2026-08-07 12:41:33,152 INFO epoch=3 step=4280/5814 loss=1.313483 grad_norm=11.0449 lr=[2.540159853443917e-07, 2.540159853443917e-07, 1.5240959120663504e-07, 1.5240959120663504e-07, 4.064255765510267e-08, 4.064255765510267e-08]
2026-08-07 12:41:35,625 INFO epoch=3 step=4290/5814 loss=1.393626 grad_norm=10.4734 lr=[2.513808327050775e-07, 2.513808327050775e-07, 1.508284996230465e-07, 1.508284996230465e-07, 4.02209332328124e-08, 4.02209332328124e-08]
2026-08-07 12:41:38,104 INFO epoch=3 step=4300/5814 loss=1.518296 grad_norm=8.9358 lr=[2.4875837537724353e-07, 2.4875837537724353e-07, 1.492550252263461e-07, 1.492550252263461e-07, 3.9801340060358955e-08, 3.9801340060358955e-08]
2026-08-07 12:41:40,581 INFO epoch=3 step=4310/5814 loss=1.465984 grad_norm=9.1769 lr=[2.4614869821188e-07, 2.4614869821188e-07, 1.4768921892712798e-07, 1.4768921892712798e-07, 3.9383791713900795e-08, 3.9383791713900795e-08]
2026-08-07 12:41:43,061 INFO epoch=3 step=4320/5814 loss=1.223863 grad_norm=10.9276 lr=[2.435518856464691e-07, 2.435518856464691e-07, 1.4613113138788143e-07, 1.4613113138788143e-07, 3.896830170343505e-08, 3.896830170343505e-08]
2026-08-07 12:41:45,526 INFO epoch=3 step=4330/5814 loss=1.463357 grad_norm=12.0095 lr=[2.4096802170225203e-07, 2.4096802170225203e-07, 1.4458081302135119e-07, 1.4458081302135119e-07, 3.8554883472360313e-08, 3.8554883472360313e-08]
2026-08-07 12:41:47,995 INFO epoch=3 step=4340/5814 loss=1.323730 grad_norm=13.7312 lr=[2.3839718998150968e-07, 2.3839718998150968e-07, 1.4303831398890581e-07, 1.4303831398890581e-07, 3.814355039704155e-08, 3.814355039704155e-08]
2026-08-07 12:41:50,468 INFO epoch=3 step=4350/5814 loss=1.488435 grad_norm=10.0161 lr=[2.3583947366485984e-07, 2.3583947366485984e-07, 1.4150368419891588e-07, 1.4150368419891588e-07, 3.773431578637757e-08, 3.773431578637757e-08]
2026-08-07 12:41:52,941 INFO epoch=3 step=4360/5814 loss=1.366421 grad_norm=9.4800 lr=[2.332949555085637e-07, 2.332949555085637e-07, 1.399769733051382e-07, 1.399769733051382e-07, 3.732719288137019e-08, 3.732719288137019e-08]
2026-08-07 12:41:55,428 INFO epoch=3 step=4370/5814 loss=1.273618 grad_norm=10.0298 lr=[2.3076371784184868e-07, 2.3076371784184868e-07, 1.3845823070510918e-07, 1.3845823070510918e-07, 3.6922194854695783e-08, 3.6922194854695783e-08]
2026-08-07 12:41:57,908 INFO epoch=3 step=4380/5814 loss=1.489136 grad_norm=10.4698 lr=[2.2824584256424552e-07, 2.2824584256424552e-07, 1.369475055385473e-07, 1.369475055385473e-07, 3.651933481027928e-08, 3.651933481027928e-08]
2026-08-07 12:42:00,401 INFO epoch=3 step=4390/5814 loss=1.468218 grad_norm=11.0755 lr=[2.257414111429379e-07, 2.257414111429379e-07, 1.3544484668576275e-07, 1.3544484668576275e-07, 3.611862578287006e-08, 3.611862578287006e-08]
2026-08-07 12:42:02,891 INFO epoch=3 step=4400/5814 loss=1.289955 grad_norm=9.5864 lr=[2.2325050461012547e-07, 2.2325050461012547e-07, 1.3395030276607527e-07, 1.3395030276607527e-07, 3.572008073762007e-08, 3.572008073762007e-08]
/data1/work/MichaelYu/miniconda3/envs/florence/lib/python3.10/site-packages/transformers/generation/configuration_utils.py:453: UserWarning: `num_beams` is set to 1. However, `early_stopping` is set to `True` -- this flag is only used in beam-based generation modes. You should set `num_beams>1` or unset `early_stopping`.
  warnings.warn(
2026-08-07 12:43:37,745 INFO dev metrics: {'samples': 128, 'empty_outputs': 0, 'average_words': 21.3359375, 'p95_words': 30, 'length_18_24_ratio': 0.5, 'single_sentence_ratio': 1.0, 'subject_start_ratio': 1.0, 'dev_loss': 1.366919491967685, 'global_step': 4400}
2026-08-07 12:43:43,692 INFO epoch=3 step=4410/5814 loss=1.262198 grad_norm=12.4635 lr=[2.2077320356040429e-07, 2.2077320356040429e-07, 1.3246392213624257e-07, 1.3246392213624257e-07, 3.532371256966468e-08, 3.532371256966468e-08]
2026-08-07 12:43:46,954 INFO epoch=3 step=4420/5814 loss=1.312178 grad_norm=10.2877 lr=[2.1830958814815727e-07, 2.1830958814815727e-07, 1.3098575288889435e-07, 1.3098575288889435e-07, 3.492953410370516e-08, 3.492953410370516e-08]
2026-08-07 12:43:49,436 INFO epoch=3 step=4430/5814 loss=1.780144 grad_norm=12.3575 lr=[2.158597380849609e-07, 2.158597380849609e-07, 1.2951584285097654e-07, 1.2951584285097654e-07, 3.453755809359374e-08, 3.453755809359374e-08]
2026-08-07 12:43:51,914 INFO epoch=3 step=4440/5814 loss=1.639132 grad_norm=17.6055 lr=[2.1342373263700687e-07, 2.1342373263700687e-07, 1.280542395822041e-07, 1.280542395822041e-07, 3.414779722192109e-08, 3.414779722192109e-08]
2026-08-07 12:43:54,371 INFO epoch=3 step=4450/5814 loss=1.314434 grad_norm=9.5133 lr=[2.1100165062253743e-07, 2.1100165062253743e-07, 1.2660099037352245e-07, 1.2660099037352245e-07, 3.376026409960598e-08, 3.376026409960598e-08]
2026-08-07 12:43:56,838 INFO epoch=3 step=4460/5814 loss=1.471435 grad_norm=11.8190 lr=[2.085935704092937e-07, 2.085935704092937e-07, 1.251561422455762e-07, 1.251561422455762e-07, 3.337497126548699e-08, 3.337497126548699e-08]
2026-08-07 12:43:59,308 INFO epoch=3 step=4470/5814 loss=1.632623 grad_norm=21.8954 lr=[2.0619956991198249e-07, 2.0619956991198249e-07, 1.237197419471895e-07, 1.237197419471895e-07, 3.299193118591719e-08, 3.299193118591719e-08]
2026-08-07 12:44:01,804 INFO epoch=3 step=4480/5814 loss=1.300000 grad_norm=11.4156 lr=[2.0381972658975333e-07, 2.0381972658975333e-07, 1.2229183595385199e-07, 1.2229183595385199e-07, 3.261115625436053e-08, 3.261115625436053e-08]
2026-08-07 12:44:04,372 INFO epoch=3 step=4490/5814 loss=1.350268 grad_norm=9.3951 lr=[2.014541174436924e-07, 2.014541174436924e-07, 1.2087247046621544e-07, 1.2087247046621544e-07, 3.223265879099078e-08, 3.223265879099078e-08]
2026-08-07 12:44:06,955 INFO epoch=3 step=4500/5814 loss=1.251637 grad_norm=10.6100 lr=[1.9910281901433236e-07, 1.9910281901433236e-07, 1.194616914085994e-07, 1.194616914085994e-07, 3.1856451042293175e-08, 3.1856451042293175e-08]
2026-08-07 12:44:09,496 INFO epoch=3 step=4510/5814 loss=1.533847 grad_norm=10.5446 lr=[1.967659073791749e-07, 1.967659073791749e-07, 1.1805954442750493e-07, 1.1805954442750493e-07, 3.148254518066798e-08, 3.148254518066798e-08]
2026-08-07 12:44:14,623 INFO epoch=3 step=4520/5814 loss=1.481105 grad_norm=11.6547 lr=[1.944434581502288e-07, 1.944434581502288e-07, 1.1666607489013726e-07, 1.1666607489013726e-07, 3.11109533040366e-08, 3.11109533040366e-08]
2026-08-07 12:44:17,108 INFO epoch=3 step=4530/5814 loss=1.224585 grad_norm=12.0151 lr=[1.9213554647156496e-07, 1.9213554647156496e-07, 1.1528132788293897e-07, 1.1528132788293897e-07, 3.0741687435450395e-08, 3.0741687435450395e-08]
2026-08-07 12:44:19,581 INFO epoch=3 step=4540/5814 loss=1.562177 grad_norm=13.0314 lr=[1.8984224701688384e-07, 1.8984224701688384e-07, 1.139053482101303e-07, 1.139053482101303e-07, 3.037475952270141e-08, 3.037475952270141e-08]
2026-08-07 12:44:22,158 INFO epoch=3 step=4550/5814 loss=1.453303 grad_norm=11.3936 lr=[1.8756363398709918e-07, 1.8756363398709918e-07, 1.125381803922595e-07, 1.125381803922595e-07, 3.001018143793587e-08, 3.001018143793587e-08]
2026-08-07 12:44:24,616 INFO epoch=3 step=4560/5814 loss=1.253849 grad_norm=81.2881 lr=[1.8529978110793825e-07, 1.8529978110793825e-07, 1.1117986866476295e-07, 1.1117986866476295e-07, 2.9647964977270116e-08, 2.9647964977270116e-08]
2026-08-07 12:44:27,094 INFO epoch=3 step=4570/5814 loss=1.440192 grad_norm=11.6153 lr=[1.8305076162755596e-07, 1.8305076162755596e-07, 1.0983045697653356e-07, 1.0983045697653356e-07, 2.928812186040895e-08, 2.928812186040895e-08]
2026-08-07 12:44:29,566 INFO epoch=3 step=4580/5814 loss=1.303722 grad_norm=10.6874 lr=[1.8081664831416385e-07, 1.8081664831416385e-07, 1.0848998898849831e-07, 1.0848998898849831e-07, 2.8930663730266214e-08, 2.8930663730266214e-08]
2026-08-07 12:44:32,045 INFO epoch=3 step=4590/5814 loss=1.287623 grad_norm=12.4807 lr=[1.7859751345367792e-07, 1.7859751345367792e-07, 1.0715850807220674e-07, 1.0715850807220674e-07, 2.8575602152588462e-08, 2.8575602152588462e-08]
2026-08-07 12:44:34,522 INFO epoch=3 step=4600/5814 loss=1.167831 grad_norm=8.8836 lr=[1.7639342884737753e-07, 1.7639342884737753e-07, 1.0583605730842651e-07, 1.0583605730842651e-07, 2.82229486155804e-08, 2.82229486155804e-08]
/data1/work/MichaelYu/miniconda3/envs/florence/lib/python3.10/site-packages/transformers/generation/configuration_utils.py:453: UserWarning: `num_beams` is set to 1. However, `early_stopping` is set to `True` -- this flag is only used in beam-based generation modes. You should set `num_beams>1` or unset `early_stopping`.
  warnings.warn(
2026-08-07 12:46:08,344 INFO dev metrics: {'samples': 128, 'empty_outputs': 0, 'average_words': 21.515625, 'p95_words': 30, 'length_18_24_ratio': 0.5, 'single_sentence_ratio': 1.0, 'subject_start_ratio': 1.0, 'dev_loss': 1.365027336794317, 'global_step': 4600}
2026-08-07 12:46:16,754 INFO epoch=3 step=4610/5814 loss=1.379929 grad_norm=12.4157 lr=[1.742044658095831e-07, 1.742044658095831e-07, 1.0452267948574985e-07, 1.0452267948574985e-07, 2.7872714529533293e-08, 2.7872714529533293e-08]
2026-08-07 12:46:23,063 INFO epoch=3 step=4620/5814 loss=1.431695 grad_norm=9.4641 lr=[1.720306951653491e-07, 1.720306951653491e-07, 1.0321841709920946e-07, 1.0321841709920946e-07, 2.7524911226455855e-08, 2.7524911226455855e-08]
2026-08-07 12:46:25,552 INFO epoch=3 step=4630/5814 loss=1.221554 grad_norm=10.4927 lr=[1.6987218724817212e-07, 1.6987218724817212e-07, 1.0192331234890327e-07, 1.0192331234890327e-07, 2.7179549959707537e-08, 2.7179549959707537e-08]
2026-08-07 12:46:28,019 INFO epoch=3 step=4640/5814 loss=1.304689 grad_norm=12.0451 lr=[1.6772901189771436e-07, 1.6772901189771436e-07, 1.0063740713862861e-07, 1.0063740713862861e-07, 2.6836641903634295e-08, 2.6836641903634295e-08]
2026-08-07 12:46:30,484 INFO epoch=3 step=4650/5814 loss=1.511821 grad_norm=13.1495 lr=[1.6560123845754588e-07, 1.6560123845754588e-07, 9.936074307452752e-08, 9.936074307452752e-08, 2.6496198153207337e-08, 2.6496198153207337e-08]
2026-08-07 12:46:32,962 INFO epoch=3 step=4660/5814 loss=1.529373 grad_norm=10.8528 lr=[1.6348893577289934e-07, 1.6348893577289934e-07, 9.809336146373961e-08, 9.809336146373961e-08, 2.6158229723663894e-08, 2.6158229723663894e-08]
2026-08-07 12:46:35,438 INFO epoch=3 step=4670/5814 loss=1.325796 grad_norm=9.9252 lr=[1.6139217218844255e-07, 1.6139217218844255e-07, 9.683530331306552e-08, 9.683530331306552e-08, 2.5822747550150802e-08, 2.5822747550150802e-08]
2026-08-07 12:46:37,908 INFO epoch=3 step=4680/5814 loss=1.461731 grad_norm=11.1945 lr=[1.593110155460678e-07, 1.593110155460678e-07, 9.558660932764069e-08, 9.558660932764069e-08, 2.548976248737085e-08, 2.548976248737085e-08]
2026-08-07 12:46:40,368 INFO epoch=3 step=4690/5814 loss=1.435074 grad_norm=10.0032 lr=[1.5724553318269678e-07, 1.5724553318269678e-07, 9.434731990961806e-08, 9.434731990961806e-08, 2.5159285309231482e-08, 2.5159285309231482e-08]
2026-08-07 12:46:42,831 INFO epoch=3 step=4700/5814 loss=1.483951 grad_norm=10.0062 lr=[1.551957919281014e-07, 1.551957919281014e-07, 9.311747515686083e-08, 9.311747515686083e-08, 2.483132670849622e-08, 2.483132670849622e-08]
2026-08-07 12:46:45,312 INFO epoch=3 step=4710/5814 loss=1.591531 grad_norm=10.2265 lr=[1.5316185810274162e-07, 1.5316185810274162e-07, 9.189711486164498e-08, 9.189711486164498e-08, 2.4505897296438656e-08, 2.4505897296438656e-08]
2026-08-07 12:46:47,850 INFO epoch=3 step=4720/5814 loss=1.484919 grad_norm=9.8096 lr=[1.5114379751562e-07, 1.5114379751562e-07, 9.0686278509372e-08, 9.0686278509372e-08, 2.41830076024992e-08, 2.41830076024992e-08]
2026-08-07 12:46:50,323 INFO epoch=3 step=4730/5814 loss=1.799971 grad_norm=11.1582 lr=[1.4914167546215146e-07, 1.4914167546215146e-07, 8.948500527729086e-08, 8.948500527729086e-08, 2.386266807394423e-08, 2.386266807394423e-08]
2026-08-07 12:46:52,943 INFO epoch=3 step=4740/5814 loss=1.691274 grad_norm=11.8147 lr=[1.471555567220519e-07, 1.471555567220519e-07, 8.829333403323113e-08, 8.829333403323113e-08, 2.3544889075528298e-08, 2.3544889075528298e-08]
2026-08-07 12:46:55,538 INFO epoch=3 step=4750/5814 loss=1.549146 grad_norm=11.7700 lr=[1.4518550555724118e-07, 1.4518550555724118e-07, 8.71113033343447e-08, 8.71113033343447e-08, 2.3229680889158587e-08, 2.3229680889158587e-08]
2026-08-07 12:46:58,102 INFO epoch=3 step=4760/5814 loss=1.397762 grad_norm=12.2906 lr=[1.4323158570976464e-07, 1.4323158570976464e-07, 8.593895142585878e-08, 8.593895142585878e-08, 2.291705371356234e-08, 2.291705371356234e-08]
2026-08-07 12:47:00,601 INFO epoch=3 step=4770/5814 loss=1.696711 grad_norm=10.0319 lr=[1.4129386039972998e-07, 1.4129386039972998e-07, 8.477631623983797e-08, 8.477631623983797e-08, 2.2607017663956792e-08, 2.2607017663956792e-08]
2026-08-07 12:47:03,086 INFO epoch=3 step=4780/5814 loss=1.805454 grad_norm=9.8962 lr=[1.3937239232326232e-07, 1.3937239232326232e-07, 8.362343539395738e-08, 8.362343539395738e-08, 2.2299582771721968e-08, 2.2299582771721968e-08]
2026-08-07 12:47:05,601 INFO epoch=3 step=4790/5814 loss=1.273607 grad_norm=10.5577 lr=[1.3746724365047533e-07, 1.3746724365047533e-07, 8.248034619028519e-08, 8.248034619028519e-08, 2.199475898407605e-08, 2.199475898407605e-08]
2026-08-07 12:47:08,081 INFO epoch=3 step=4800/5814 loss=1.398428 grad_norm=10.2981 lr=[1.3557847602345961e-07, 1.3557847602345961e-07, 8.134708561407576e-08, 8.134708561407576e-08, 2.1692556163753536e-08, 2.1692556163753536e-08]
/data1/work/MichaelYu/miniconda3/envs/florence/lib/python3.10/site-packages/transformers/generation/configuration_utils.py:453: UserWarning: `num_beams` is set to 1. However, `early_stopping` is set to `True` -- this flag is only used in beam-based generation modes. You should set `num_beams>1` or unset `early_stopping`.
  warnings.warn(
2026-08-07 12:50:12,027 INFO dev metrics: {'samples': 128, 'empty_outputs': 0, 'average_words': 21.3046875, 'p95_words': 30, 'length_18_24_ratio': 0.5, 'single_sentence_ratio': 1.0, 'subject_start_ratio': 1.0, 'dev_loss': 1.3645251088718082, 'global_step': 4800}
2026-08-07 12:50:18,237 INFO epoch=3 step=4810/5814 loss=1.515182 grad_norm=10.2832 lr=[1.3370615055428865e-07, 1.3370615055428865e-07, 8.022369033257318e-08, 8.022369033257318e-08, 2.139298408868618e-08, 2.139298408868618e-08]
2026-08-07 12:50:20,735 INFO epoch=3 step=4820/5814 loss=1.207815 grad_norm=10.5450 lr=[1.3185032782304103e-07, 1.3185032782304103e-07, 7.911019669382461e-08, 7.911019669382461e-08, 2.1096052451686562e-08, 2.1096052451686562e-08]
2026-08-07 12:50:27,786 INFO epoch=3 step=4830/5814 loss=1.378060 grad_norm=11.2799 lr=[1.3001106787584077e-07, 1.3001106787584077e-07, 7.800664072550445e-08, 7.800664072550445e-08, 2.0801770860134518e-08, 2.0801770860134518e-08]
2026-08-07 12:50:30,263 INFO epoch=3 step=4840/5814 loss=1.539718 grad_norm=10.7043 lr=[1.2818843022291396e-07, 1.2818843022291396e-07, 7.691305813374836e-08, 7.691305813374836e-08, 2.051014883566623e-08, 2.051014883566623e-08]
2026-08-07 12:50:32,750 INFO epoch=3 step=4850/5814 loss=1.321556 grad_norm=14.2466 lr=[1.2638247383666396e-07, 1.2638247383666396e-07, 7.582948430199838e-08, 7.582948430199838e-08, 2.0221195813866233e-08, 2.0221195813866233e-08]
2026-08-07 12:50:35,220 INFO epoch=3 step=4860/5814 loss=1.268845 grad_norm=9.4195 lr=[1.2459325714976256e-07, 1.2459325714976256e-07, 7.475595428985752e-08, 7.475595428985752e-08, 1.9934921143962005e-08, 1.9934921143962005e-08]
2026-08-07 12:50:37,698 INFO epoch=3 step=4870/5814 loss=1.569128 grad_norm=10.5061 lr=[1.228208380532599e-07, 1.228208380532599e-07, 7.369250283195594e-08, 7.369250283195594e-08, 1.9651334088521583e-08, 1.9651334088521583e-08]
2026-08-07 12:50:40,195 INFO epoch=3 step=4880/5814 loss=1.443954 grad_norm=12.7221 lr=[1.2106527389471134e-07, 1.2106527389471134e-07, 7.26391643368268e-08, 7.26391643368268e-08, 1.937044382315381e-08, 1.937044382315381e-08]
2026-08-07 12:50:42,773 INFO epoch=3 step=4890/5814 loss=1.176752 grad_norm=12.2280 lr=[1.1932662147632172e-07, 1.1932662147632172e-07, 7.159597288579302e-08, 7.159597288579302e-08, 1.9092259436211472e-08, 1.9092259436211472e-08]
2026-08-07 12:50:45,260 INFO epoch=3 step=4900/5814 loss=1.503628 grad_norm=15.3376 lr=[1.1760493705310753e-07, 1.1760493705310753e-07, 7.056296223186452e-08, 7.056296223186452e-08, 1.8816789928497202e-08, 1.8816789928497202e-08]
2026-08-07 12:50:47,737 INFO epoch=3 step=4910/5814 loss=1.349188 grad_norm=9.3875 lr=[1.1590027633107713e-07, 1.1590027633107713e-07, 6.954016579864627e-08, 6.954016579864627e-08, 1.8544044212972337e-08, 1.8544044212972337e-08]
2026-08-07 12:50:50,245 INFO epoch=3 step=4920/5814 loss=1.458331 grad_norm=10.9748 lr=[1.142126944654275e-07, 1.142126944654275e-07, 6.85276166792565e-08, 6.85276166792565e-08, 1.8274031114468395e-08, 1.8274031114468395e-08]
2026-08-07 12:50:52,846 INFO epoch=3 step=4930/5814 loss=1.295759 grad_norm=10.0819 lr=[1.1254224605876059e-07, 1.1254224605876059e-07, 6.752534763525635e-08, 6.752534763525635e-08, 1.8006759369401692e-08, 1.8006759369401692e-08]
2026-08-07 12:50:55,410 INFO epoch=3 step=4940/5814 loss=1.397146 grad_norm=11.0182 lr=[1.1088898515931636e-07, 1.1088898515931636e-07, 6.65333910955898e-08, 6.65333910955898e-08, 1.7742237625490613e-08, 1.7742237625490613e-08]
2026-08-07 12:50:58,111 INFO epoch=3 step=4950/5814 loss=1.419049 grad_norm=12.5683 lr=[1.0925296525922349e-07, 1.0925296525922349e-07, 6.555177915553409e-08, 6.555177915553409e-08, 1.7480474441475756e-08, 1.7480474441475756e-08]
2026-08-07 12:51:00,582 INFO epoch=3 step=4960/5814 loss=1.371480 grad_norm=10.5508 lr=[1.0763423929276942e-07, 1.0763423929276942e-07, 6.458054357566165e-08, 6.458054357566165e-08, 1.7221478286843104e-08, 1.7221478286843104e-08]
2026-08-07 12:51:03,052 INFO epoch=3 step=4970/5814 loss=1.199822 grad_norm=11.3188 lr=[1.0603285963468709e-07, 1.0603285963468709e-07, 6.361971578081225e-08, 6.361971578081225e-08, 1.6965257541549932e-08, 1.6965257541549932e-08]
2026-08-07 12:51:05,509 INFO epoch=3 step=4980/5814 loss=1.304257 grad_norm=10.8040 lr=[1.0444887809846027e-07, 1.0444887809846027e-07, 6.266932685907615e-08, 6.266932685907615e-08, 1.671182049575364e-08, 1.671182049575364e-08]
2026-08-07 12:51:07,999 INFO epoch=3 step=4990/5814 loss=1.512077 grad_norm=13.1970 lr=[1.0288234593464768e-07, 1.0288234593464768e-07, 6.172940756078861e-08, 6.172940756078861e-08, 1.6461175349543628e-08, 1.6461175349543628e-08]
2026-08-07 12:51:10,490 INFO epoch=3 step=5000/5814 loss=1.266029 grad_norm=12.4581 lr=[1.0133331382922409e-07, 1.0133331382922409e-07, 6.079998829753446e-08, 6.079998829753446e-08, 1.6213330212675852e-08, 1.6213330212675852e-08]
/data1/work/MichaelYu/miniconda3/envs/florence/lib/python3.10/site-packages/transformers/generation/configuration_utils.py:453: UserWarning: `num_beams` is set to 1. However, `early_stopping` is set to `True` -- this flag is only used in beam-based generation modes. You should set `num_beams>1` or unset `early_stopping`.
  warnings.warn(
2026-08-07 12:52:49,792 INFO dev metrics: {'samples': 128, 'empty_outputs': 0, 'average_words': 21.1328125, 'p95_words': 30, 'length_18_24_ratio': 0.5, 'single_sentence_ratio': 1.0, 'subject_start_ratio': 1.0, 'dev_loss': 1.363355283108205, 'global_step': 5000}
2026-08-07 12:52:55,962 INFO epoch=3 step=5010/5814 loss=1.523147 grad_norm=10.4423 lr=[9.980183190194083e-08, 9.980183190194083e-08, 5.988109914116449e-08, 5.988109914116449e-08, 1.596829310431053e-08, 1.596829310431053e-08]
2026-08-07 12:52:58,504 INFO epoch=3 step=5020/5814 loss=1.379998 grad_norm=9.6770 lr=[9.828794970470398e-08, 9.828794970470398e-08, 5.897276982282238e-08, 5.897276982282238e-08, 1.5726071952752636e-08, 1.5726071952752636e-08]
2026-08-07 12:53:04,744 INFO epoch=3 step=5030/5814 loss=1.361540 grad_norm=10.2687 lr=[9.679171621997094e-08, 9.679171621997094e-08, 5.807502973198256e-08, 5.807502973198256e-08, 1.548667459519535e-08, 1.548667459519535e-08]
2026-08-07 12:53:07,234 INFO epoch=3 step=5040/5814 loss=1.253250 grad_norm=12.7779 lr=[9.531317985916565e-08, 9.531317985916565e-08, 5.718790791549939e-08, 5.718790791549939e-08, 1.5250108777466504e-08, 1.5250108777466504e-08]
2026-08-07 12:53:09,760 INFO epoch=3 step=5050/5814 loss=1.421981 grad_norm=11.5478 lr=[9.385238846111234e-08, 9.385238846111234e-08, 5.6311433076667403e-08, 5.6311433076667403e-08, 1.5016382153777974e-08, 1.5016382153777974e-08]
2026-08-07 12:53:12,258 INFO epoch=3 step=5060/5814 loss=1.175103 grad_norm=31.2495 lr=[9.240938929048776e-08, 9.240938929048776e-08, 5.544563357429266e-08, 5.544563357429266e-08, 1.4785502286478041e-08, 1.4785502286478041e-08]
2026-08-07 12:53:14,737 INFO epoch=3 step=5070/5814 loss=1.371794 grad_norm=21.0124 lr=[9.098422903629146e-08, 9.098422903629146e-08, 5.459053742177487e-08, 5.459053742177487e-08, 1.4557476645806633e-08, 1.4557476645806633e-08]
2026-08-07 12:53:17,252 INFO epoch=3 step=5080/5814 loss=1.276400 grad_norm=9.6032 lr=[8.957695381033578e-08, 8.957695381033578e-08, 5.3746172286201467e-08, 5.3746172286201467e-08, 1.4332312609653723e-08, 1.4332312609653723e-08]
2026-08-07 12:53:19,718 INFO epoch=3 step=5090/5814 loss=1.521124 grad_norm=9.3036 lr=[8.81876091457533e-08, 8.81876091457533e-08, 5.2912565487451985e-08, 5.2912565487451985e-08, 1.4110017463320528e-08, 1.4110017463320528e-08]
2026-08-07 12:53:22,187 INFO epoch=3 step=5100/5814 loss=1.272524 grad_norm=26.6509 lr=[8.681623999552372e-08, 8.681623999552372e-08, 5.208974399731423e-08, 5.208974399731423e-08, 1.3890598399283793e-08, 1.3890598399283793e-08]
2026-08-07 12:53:24,664 INFO epoch=3 step=5110/5814 loss=1.261081 grad_norm=10.3442 lr=[8.546289073101965e-08, 8.546289073101965e-08, 5.1277734438611784e-08, 5.1277734438611784e-08, 1.3674062516963142e-08, 1.3674062516963142e-08]
2026-08-07 12:53:27,154 INFO epoch=3 step=5120/5814 loss=1.337256 grad_norm=9.9679 lr=[8.412760514057095e-08, 8.412760514057095e-08, 5.0476563084342564e-08, 5.0476563084342564e-08, 1.346041682249135e-08, 1.346041682249135e-08]
2026-08-07 12:53:29,645 INFO epoch=3 step=5130/5814 loss=1.351342 grad_norm=12.2726 lr=[8.28104264280474e-08, 8.28104264280474e-08, 4.968625585682844e-08, 4.968625585682844e-08, 1.3249668228487582e-08, 1.3249668228487582e-08]
2026-08-07 12:53:32,230 INFO epoch=3 step=5140/5814 loss=1.169792 grad_norm=10.6851 lr=[8.151139721146149e-08, 8.151139721146149e-08, 4.890683832687689e-08, 4.890683832687689e-08, 1.3041823553833836e-08, 1.3041823553833836e-08]
2026-08-07 12:53:34,858 INFO epoch=3 step=5150/5814 loss=1.385943 grad_norm=10.0814 lr=[8.023055952158919e-08, 8.023055952158919e-08, 4.8138335712953516e-08, 4.8138335712953516e-08, 1.283688952345427e-08, 1.283688952345427e-08]
2026-08-07 12:53:37,435 INFO epoch=3 step=5160/5814 loss=1.479407 grad_norm=11.4682 lr=[7.896795480060969e-08, 7.896795480060969e-08, 4.738077288036581e-08, 4.738077288036581e-08, 1.2634872768097549e-08, 1.2634872768097549e-08]
2026-08-07 12:53:40,042 INFO epoch=3 step=5170/5814 loss=1.454216 grad_norm=9.4089 lr=[7.772362390076513e-08, 7.772362390076513e-08, 4.663417434045907e-08, 4.663417434045907e-08, 1.2435779824122419e-08, 1.2435779824122419e-08]
2026-08-07 12:53:42,552 INFO epoch=3 step=5180/5814 loss=1.284447 grad_norm=13.5498 lr=[7.649760708303848e-08, 7.649760708303848e-08, 4.589856424982309e-08, 4.589856424982309e-08, 1.2239617133286156e-08, 1.2239617133286156e-08]
2026-08-07 12:53:45,033 INFO epoch=3 step=5190/5814 loss=1.338424 grad_norm=9.7455 lr=[7.5289944015851e-08, 7.5289944015851e-08, 4.51739664095106e-08, 4.51739664095106e-08, 1.2046391042536158e-08, 1.2046391042536158e-08]
2026-08-07 12:53:47,515 INFO epoch=3 step=5200/5814 loss=1.495781 grad_norm=13.8724 lr=[7.410067377377846e-08, 7.410067377377846e-08, 4.446040426426707e-08, 4.446040426426707e-08, 1.1856107803804553e-08, 1.1856107803804553e-08]
/data1/work/MichaelYu/miniconda3/envs/florence/lib/python3.10/site-packages/transformers/generation/configuration_utils.py:453: UserWarning: `num_beams` is set to 1. However, `early_stopping` is set to `True` -- this flag is only used in beam-based generation modes. You should set `num_beams>1` or unset `early_stopping`.
  warnings.warn(
2026-08-07 12:55:29,686 INFO dev metrics: {'samples': 128, 'empty_outputs': 0, 'average_words': 21.28125, 'p95_words': 30, 'length_18_24_ratio': 0.515625, 'single_sentence_ratio': 1.0, 'subject_start_ratio': 1.0, 'dev_loss': 1.3631186849317005, 'global_step': 5200}
2026-08-07 12:55:35,882 INFO epoch=3 step=5210/5814 loss=1.382348 grad_norm=9.6400 lr=[7.292983483628734e-08, 7.292983483628734e-08, 4.37579009017724e-08, 4.37579009017724e-08, 1.1668773573805972e-08, 1.1668773573805972e-08]
2026-08-07 12:55:41,631 INFO epoch=3 step=5220/5814 loss=1.291632 grad_norm=10.4512 lr=[7.177746508648916e-08, 7.177746508648916e-08, 4.3066479051893494e-08, 4.3066479051893494e-08, 1.1484394413838264e-08, 1.1484394413838264e-08]
2026-08-07 12:55:44,178 INFO epoch=3 step=5230/5814 loss=1.481721 grad_norm=12.8774 lr=[7.064360180991538e-08, 7.064360180991538e-08, 4.238616108594923e-08, 4.238616108594923e-08, 1.130297628958646e-08, 1.130297628958646e-08]
2026-08-07 12:55:46,638 INFO epoch=3 step=5240/5814 loss=1.487497 grad_norm=15.0285 lr=[6.952828169331081e-08, 6.952828169331081e-08, 4.1716969015986485e-08, 4.1716969015986485e-08, 1.1124525070929728e-08, 1.1124525070929728e-08]
2026-08-07 12:55:49,122 INFO epoch=3 step=5250/5814 loss=1.701362 grad_norm=10.8041 lr=[6.843154082344636e-08, 6.843154082344636e-08, 4.105892449406781e-08, 4.105892449406781e-08, 1.0949046531751416e-08, 1.0949046531751416e-08]
2026-08-07 12:55:51,609 INFO epoch=3 step=5260/5814 loss=1.267332 grad_norm=10.2904 lr=[6.735341468595165e-08, 6.735341468595165e-08, 4.041204881157099e-08, 4.041204881157099e-08, 1.0776546349752262e-08, 1.0776546349752262e-08]
2026-08-07 12:55:54,096 INFO epoch=3 step=5270/5814 loss=1.343184 grad_norm=9.4578 lr=[6.629393816416697e-08, 6.629393816416697e-08, 3.9776362898500186e-08, 3.9776362898500186e-08, 1.0607030106266715e-08, 1.0607030106266715e-08]
2026-08-07 12:55:56,564 INFO epoch=3 step=5280/5814 loss=1.515519 grad_norm=10.9883 lr=[6.52531455380142e-08, 6.52531455380142e-08, 3.915188732280851e-08, 3.915188732280851e-08, 1.0440503286082269e-08, 1.0440503286082269e-08]
2026-08-07 12:55:59,046 INFO epoch=3 step=5290/5814 loss=1.096549 grad_norm=10.0448 lr=[6.423107048288803e-08, 6.423107048288803e-08, 3.853864228973282e-08, 3.853864228973282e-08, 1.0276971277262083e-08, 1.0276971277262083e-08]
2026-08-07 12:56:01,511 INFO epoch=3 step=5300/5814 loss=1.253418 grad_norm=8.7802 lr=[6.322774606856627e-08, 6.322774606856627e-08, 3.793664764113975e-08, 3.793664764113975e-08, 1.01164393709706e-08, 1.01164393709706e-08]
2026-08-07 12:56:03,985 INFO epoch=3 step=5310/5814 loss=1.409046 grad_norm=10.8757 lr=[6.224320475813989e-08, 6.224320475813989e-08, 3.7345922854883934e-08, 3.7345922854883934e-08, 9.958912761302382e-09, 9.958912761302382e-09]
2026-08-07 12:56:06,476 INFO epoch=3 step=5320/5814 loss=1.258416 grad_norm=12.2730 lr=[6.127747840696259e-08, 6.127747840696259e-08, 3.676648704417755e-08, 3.676648704417755e-08, 9.804396545114012e-09, 9.804396545114012e-09]
2026-08-07 12:56:09,097 INFO epoch=3 step=5330/5814 loss=1.335508 grad_norm=9.9633 lr=[6.033059826162015e-08, 6.033059826162015e-08, 3.6198358956972086e-08, 3.6198358956972086e-08, 9.652895721859222e-09, 9.652895721859222e-09]
2026-08-07 12:56:11,660 INFO epoch=3 step=5340/5814 loss=1.361223 grad_norm=8.1062 lr=[5.9402594958919265e-08, 5.9402594958919265e-08, 3.5641556975351556e-08, 3.5641556975351556e-08, 9.504415193427081e-09, 9.504415193427081e-09]
2026-08-07 12:56:14,194 INFO epoch=3 step=5350/5814 loss=1.547952 grad_norm=9.8491 lr=[5.849349852489666e-08, 5.849349852489666e-08, 3.5096099114938e-08, 3.5096099114938e-08, 9.358959763983464e-09, 9.358959763983464e-09]
2026-08-07 12:56:16,719 INFO epoch=3 step=5360/5814 loss=1.243742 grad_norm=9.5228 lr=[5.760333837384713e-08, 5.760333837384713e-08, 3.456200302430828e-08, 3.456200302430828e-08, 9.21653413981554e-09, 9.21653413981554e-09]
2026-08-07 12:56:19,189 INFO epoch=3 step=5370/5814 loss=1.281318 grad_norm=9.4740 lr=[5.673214330737219e-08, 5.673214330737219e-08, 3.403928598442331e-08, 3.403928598442331e-08, 9.077142929179549e-09, 9.077142929179549e-09]
2026-08-07 12:56:21,695 INFO epoch=3 step=5380/5814 loss=1.395207 grad_norm=8.8921 lr=[5.587994151344803e-08, 5.587994151344803e-08, 3.352796490806882e-08, 3.352796490806882e-08, 8.940790642151685e-09, 8.940790642151685e-09]
2026-08-07 12:56:24,168 INFO epoch=3 step=5390/5814 loss=1.193401 grad_norm=9.9199 lr=[5.504676056551348e-08, 5.504676056551348e-08, 3.3028056339308085e-08, 3.3028056339308085e-08, 8.807481690482156e-09, 8.807481690482156e-09]
2026-08-07 12:56:26,644 INFO epoch=3 step=5400/5814 loss=1.366920 grad_norm=10.9235 lr=[5.423262742157763e-08, 5.423262742157763e-08, 3.2539576452946577e-08, 3.2539576452946577e-08, 8.677220387452421e-09, 8.677220387452421e-09]
/data1/work/MichaelYu/miniconda3/envs/florence/lib/python3.10/site-packages/transformers/generation/configuration_utils.py:453: UserWarning: `num_beams` is set to 1. However, `early_stopping` is set to `True` -- this flag is only used in beam-based generation modes. You should set `num_beams>1` or unset `early_stopping`.
  warnings.warn(
2026-08-07 12:58:06,821 INFO dev metrics: {'samples': 128, 'empty_outputs': 0, 'average_words': 21.4296875, 'p95_words': 30, 'length_18_24_ratio': 0.5, 'single_sentence_ratio': 1.0, 'subject_start_ratio': 1.0, 'dev_loss': 1.3628742773439422, 'global_step': 5400}
2026-08-07 12:58:13,209 INFO epoch=3 step=5410/5814 loss=1.276514 grad_norm=16.4247 lr=[5.343756842334813e-08, 5.343756842334813e-08, 3.2062541054008875e-08, 3.2062541054008875e-08, 8.5500109477357e-09, 8.5500109477357e-09]
2026-08-07 12:58:15,690 INFO epoch=3 step=5420/5814 loss=1.377127 grad_norm=10.6234 lr=[5.266160929537852e-08, 5.266160929537852e-08, 3.1596965577227106e-08, 3.1596965577227106e-08, 8.425857487260561e-09, 8.425857487260561e-09]
2026-08-07 12:58:18,170 INFO epoch=3 step=5430/5814 loss=1.674775 grad_norm=9.7601 lr=[5.190477514423578e-08, 5.190477514423578e-08, 3.1142865086541465e-08, 3.1142865086541465e-08, 8.304764023077723e-09, 8.304764023077723e-09]
2026-08-07 12:58:23,938 INFO epoch=3 step=5440/5814 loss=1.435479 grad_norm=11.3929 lr=[5.116709045768835e-08, 5.116709045768835e-08, 3.070025427461301e-08, 3.070025427461301e-08, 8.186734473230135e-09, 8.186734473230135e-09]
2026-08-07 12:58:26,408 INFO epoch=3 step=5450/5814 loss=1.506142 grad_norm=12.6087 lr=[5.0448579103913657e-08, 5.0448579103913657e-08, 3.026914746234819e-08, 3.026914746234819e-08, 8.071772656626184e-09, 8.071772656626184e-09]
2026-08-07 12:58:28,979 INFO epoch=3 step=5460/5814 loss=1.576891 grad_norm=9.9880 lr=[4.974926433072553e-08, 4.974926433072553e-08, 2.984955859843532e-08, 2.984955859843532e-08, 7.959882292916083e-09, 7.959882292916083e-09]
2026-08-07 12:58:31,440 INFO epoch=3 step=5470/5814 loss=1.385051 grad_norm=16.2700 lr=[4.906916876482263e-08, 4.906916876482263e-08, 2.9441501258893575e-08, 2.9441501258893575e-08, 7.85106700237162e-09, 7.85106700237162e-09]
2026-08-07 12:58:33,929 INFO epoch=3 step=5480/5814 loss=1.383690 grad_norm=13.0674 lr=[4.8408314411056003e-08, 4.8408314411056003e-08, 2.9044988646633603e-08, 2.9044988646633603e-08, 7.74533030576896e-09, 7.74533030576896e-09]
2026-08-07 12:58:36,399 INFO epoch=3 step=5490/5814 loss=1.507365 grad_norm=10.3700 lr=[4.776672265171686e-08, 4.776672265171686e-08, 2.8660033591030117e-08, 2.8660033591030117e-08, 7.642675624274697e-09, 7.642675624274697e-09]
2026-08-07 12:58:38,873 INFO epoch=3 step=5500/5814 loss=1.427235 grad_norm=9.7870 lr=[4.7144414245845345e-08, 4.7144414245845345e-08, 2.8286648547507205e-08, 2.8286648547507205e-08, 7.543106279335254e-09, 7.543106279335254e-09]
2026-08-07 12:58:41,370 INFO epoch=3 step=5510/5814 loss=1.348483 grad_norm=10.8673 lr=[4.6541409328558245e-08, 4.6541409328558245e-08, 2.7924845597134945e-08, 2.7924845597134945e-08, 7.4466254925693184e-09, 7.4466254925693184e-09]
2026-08-07 12:58:43,846 INFO epoch=3 step=5520/5814 loss=1.456765 grad_norm=12.0450 lr=[4.5957727410397855e-08, 4.5957727410397855e-08, 2.757463644623871e-08, 2.757463644623871e-08, 7.353236385663655e-09, 7.353236385663655e-09]
2026-08-07 12:58:46,371 INFO epoch=3 step=5530/5814 loss=1.410356 grad_norm=11.8121 lr=[4.5393387376700734e-08, 4.5393387376700734e-08, 2.723603242602044e-08, 2.723603242602044e-08, 7.262941980272116e-09, 7.262941980272116e-09]
2026-08-07 12:58:49,019 INFO epoch=3 step=5540/5814 loss=1.349504 grad_norm=11.2731 lr=[4.4848407486986564e-08, 4.4848407486986564e-08, 2.690904449219194e-08, 2.690904449219194e-08, 7.17574519791785e-09, 7.17574519791785e-09]
2026-08-07 12:58:51,574 INFO epoch=3 step=5550/5814 loss=1.617294 grad_norm=8.7228 lr=[4.43228053743672e-08, 4.43228053743672e-08, 2.6593683224620318e-08, 2.6593683224620318e-08, 7.091648859898751e-09, 7.091648859898751e-09]
2026-08-07 12:58:54,073 INFO epoch=3 step=5560/5814 loss=1.357378 grad_norm=10.5177 lr=[4.381659804497638e-08, 4.381659804497638e-08, 2.628995882698583e-08, 2.628995882698583e-08, 7.010655687196221e-09, 7.010655687196221e-09]
2026-08-07 12:58:56,549 INFO epoch=3 step=5570/5814 loss=1.478494 grad_norm=9.0613 lr=[4.332980187741949e-08, 4.332980187741949e-08, 2.5997881126451693e-08, 2.5997881126451693e-08, 6.932768300387118e-09, 6.932768300387118e-09]
2026-08-07 12:58:59,024 INFO epoch=3 step=5580/5814 loss=1.364679 grad_norm=12.1284 lr=[4.286243262224337e-08, 4.286243262224337e-08, 2.571745957334602e-08, 2.571745957334602e-08, 6.857989219558938e-09, 6.857989219558938e-09]
2026-08-07 12:59:01,506 INFO epoch=3 step=5590/5814 loss=1.359002 grad_norm=12.2824 lr=[4.24145054014268e-08, 4.24145054014268e-08, 2.5448703240856078e-08, 2.5448703240856078e-08, 6.7863208642282874e-09, 6.7863208642282874e-09]
2026-08-07 12:59:03,979 INFO epoch=3 step=5600/5814 loss=1.416674 grad_norm=8.7203 lr=[4.198603470789168e-08, 4.198603470789168e-08, 2.5191620824735006e-08, 2.5191620824735006e-08, 6.717765553262668e-09, 6.717765553262668e-09]
/data1/work/MichaelYu/miniconda3/envs/florence/lib/python3.10/site-packages/transformers/generation/configuration_utils.py:453: UserWarning: `num_beams` is set to 1. However, `early_stopping` is set to `True` -- this flag is only used in beam-based generation modes. You should set `num_beams>1` or unset `early_stopping`.
  warnings.warn(
2026-08-07 13:00:44,956 INFO dev metrics: {'samples': 128, 'empty_outputs': 0, 'average_words': 21.4921875, 'p95_words': 30, 'length_18_24_ratio': 0.5078125, 'single_sentence_ratio': 1.0, 'subject_start_ratio': 1.0, 'dev_loss': 1.3627942209410402, 'global_step': 5600}
2026-08-07 13:00:51,245 INFO epoch=3 step=5610/5814 loss=1.346656 grad_norm=10.4248 lr=[4.157703440503316e-08, 4.157703440503316e-08, 2.4946220643019895e-08, 2.4946220643019895e-08, 6.652325504805305e-09, 6.652325504805305e-09]
2026-08-07 13:00:53,836 INFO epoch=3 step=5620/5814 loss=1.277152 grad_norm=10.7798 lr=[4.1187517726272015e-08, 4.1187517726272015e-08, 2.4712510635763207e-08, 2.4712510635763207e-08, 6.5900028362035214e-09, 6.5900028362035214e-09]
2026-08-07 13:00:56,311 INFO epoch=3 step=5630/5814 loss=1.545715 grad_norm=10.6898 lr=[4.081749727462602e-08, 4.081749727462602e-08, 2.449049836477561e-08, 2.449049836477561e-08, 6.530799563940162e-09, 6.530799563940162e-09]
2026-08-07 13:01:01,995 INFO epoch=3 step=5640/5814 loss=1.187765 grad_norm=8.9729 lr=[4.046698502230202e-08, 4.046698502230202e-08, 2.428019101338121e-08, 2.428019101338121e-08, 6.474717603568322e-09, 6.474717603568322e-09]
2026-08-07 13:01:04,459 INFO epoch=3 step=5650/5814 loss=1.381080 grad_norm=11.8855 lr=[4.013599231030894e-08, 4.013599231030894e-08, 2.4081595386185363e-08, 2.4081595386185363e-08, 6.421758769649429e-09, 6.421758769649429e-09]
2026-08-07 13:01:06,918 INFO epoch=3 step=5660/5814 loss=1.446624 grad_norm=10.7311 lr=[3.982452984809075e-08, 3.982452984809075e-08, 2.3894717908854447e-08, 2.3894717908854447e-08, 6.371924775694519e-09, 6.371924775694519e-09]
2026-08-07 13:01:09,380 INFO epoch=3 step=5670/5814 loss=1.266423 grad_norm=10.6564 lr=[3.953260771317971e-08, 3.953260771317971e-08, 2.3719564627907823e-08, 2.3719564627907823e-08, 6.325217234108752e-09, 6.325217234108752e-09]
2026-08-07 13:01:11,850 INFO epoch=3 step=5680/5814 loss=1.330495 grad_norm=10.0212 lr=[3.926023535087063e-08, 3.926023535087063e-08, 2.3556141210522374e-08, 2.3556141210522374e-08, 6.281637656139299e-09, 6.281637656139299e-09]
2026-08-07 13:01:14,317 INFO epoch=3 step=5690/5814 loss=1.659911 grad_norm=11.8321 lr=[3.9007421573915013e-08, 3.9007421573915013e-08, 2.340445294434901e-08, 2.340445294434901e-08, 6.241187451826402e-09, 6.241187451826402e-09]
2026-08-07 13:01:16,841 INFO epoch=3 step=5700/5814 loss=1.262616 grad_norm=10.4124 lr=[3.877417456223591e-08, 3.877417456223591e-08, 2.3264504737341543e-08, 2.3264504737341543e-08, 6.203867929957744e-09, 6.203867929957744e-09]
2026-08-07 13:01:19,344 INFO epoch=3 step=5710/5814 loss=1.518505 grad_norm=7.9388 lr=[3.8560501862663676e-08, 3.8560501862663676e-08, 2.3136301117598203e-08, 2.3136301117598203e-08, 6.169680298026187e-09, 6.169680298026187e-09]
2026-08-07 13:01:21,856 INFO epoch=3 step=5720/5814 loss=1.563949 grad_norm=10.2879 lr=[3.83664103886911e-08, 3.83664103886911e-08, 2.3019846233214658e-08, 2.3019846233214658e-08, 6.1386256621905745e-09, 6.1386256621905745e-09]
2026-08-07 13:01:24,345 INFO epoch=3 step=5730/5814 loss=1.275159 grad_norm=11.1032 lr=[3.819190642025043e-08, 3.819190642025043e-08, 2.291514385215026e-08, 2.291514385215026e-08, 6.110705027240069e-09, 6.110705027240069e-09]
2026-08-07 13:01:26,942 INFO epoch=3 step=5740/5814 loss=1.248623 grad_norm=8.9458 lr=[3.80369956035095e-08, 3.80369956035095e-08, 2.28221973621057e-08, 2.28221973621057e-08, 6.085919296561519e-09, 6.085919296561519e-09]
2026-08-07 13:01:29,486 INFO epoch=3 step=5750/5814 loss=1.441967 grad_norm=10.0220 lr=[3.7901682950689586e-08, 3.7901682950689586e-08, 2.274100977041375e-08, 2.274100977041375e-08, 6.064269272110332e-09, 6.064269272110332e-09]
2026-08-07 13:01:31,977 INFO epoch=3 step=5760/5814 loss=1.457333 grad_norm=16.5275 lr=[3.778597283990298e-08, 3.778597283990298e-08, 2.2671583703941784e-08, 2.2671583703941784e-08, 6.045755654384476e-09, 6.045755654384476e-09]
2026-08-07 13:01:34,446 INFO epoch=3 step=5770/5814 loss=1.250015 grad_norm=10.1743 lr=[3.7689869015011485e-08, 3.7689869015011485e-08, 2.261392140900689e-08, 2.261392140900689e-08, 6.030379042401837e-09, 6.030379042401837e-09]
2026-08-07 13:01:36,915 INFO epoch=3 step=5780/5814 loss=1.140139 grad_norm=11.4089 lr=[3.7613374585504875e-08, 3.7613374585504875e-08, 2.2568024751302926e-08, 2.2568024751302926e-08, 6.01813993368078e-09, 6.01813993368078e-09]
2026-08-07 13:01:39,385 INFO epoch=3 step=5790/5814 loss=1.563026 grad_norm=9.4752 lr=[3.7556492026401005e-08, 3.7556492026401005e-08, 2.2533895215840603e-08, 2.2533895215840603e-08, 6.00903872422416e-09, 6.00903872422416e-09]
2026-08-07 13:01:41,860 INFO epoch=3 step=5800/5814 loss=1.530033 grad_norm=16.9066 lr=[3.751922317816489e-08, 3.751922317816489e-08, 2.2511533906898933e-08, 2.2511533906898933e-08, 6.0030757085063815e-09, 6.0030757085063815e-09]
/data1/work/MichaelYu/miniconda3/envs/florence/lib/python3.10/site-packages/transformers/generation/configuration_utils.py:453: UserWarning: `num_beams` is set to 1. However, `early_stopping` is set to `True` -- this flag is only used in beam-based generation modes. You should set `num_beams>1` or unset `early_stopping`.
  warnings.warn(
2026-08-07 13:03:21,758 INFO dev metrics: {'samples': 128, 'empty_outputs': 0, 'average_words': 21.40625, 'p95_words': 30, 'length_18_24_ratio': 0.5234375, 'single_sentence_ratio': 1.0, 'subject_start_ratio': 1.0, 'dev_loss': 1.3624694893871652, 'global_step': 5800}
2026-08-07 13:03:27,943 INFO epoch=3 step=5810/5814 loss=1.315195 grad_norm=10.7299 lr=[3.750156924664997e-08, 3.750156924664997e-08, 2.2500941547989982e-08, 2.2500941547989982e-08, 6.000251079463995e-09, 6.000251079463995e-09]
2026-08-07 13:03:32,839 INFO training stopped at optimizer step 5814
